parent,query_name,rank,company_number,title,status,type,address
OTB / On the Beach,On the Beach Group plc,1,09736592,ON THE BEACH GROUP PLC,active,plc,"5 Adair Street, Manchester, England, M1 2NQ"
OTB / On the Beach,On the Beach Group plc,2,07630793,AGILE ON THE BEACH LIMITED,active,private-limited-guarant-nsc,"Fibrehub, Trevenson Lane, Pool, Cornwall, England, TR15 3GF"
OTB / On the Beach,On the Beach Group plc,3,12568439,BAKED ON THE BEACH LIMITED,dissolved,ltd,"69 High Street, Bideford, Devon, England, EX39 2AT"
OTB / On the Beach,On the Beach Group plc,4,08490224,BILLY'S ON THE BEACH LIMITED,active,ltd,"3 Argyll House, 15 Liverpool Gardens, Worthing, West Sussex, England, BN11 1RY"
OTB / On the Beach,Loveholidays,1,16364332,LOVE HOLIDAYS LTD,dissolved,ltd,"Flat 1 62 Chaucer Road, Bedford, United Kingdom, MK40 2AP"
OTB / On the Beach,Loveholidays,2,10271107,LOVE HOLIDAYS AND LETTINGS LIMITED,active,ltd,"Rita Holdings Limited, 310 Lakes Innovation Centre, Braintree, Essex, England, CM7 3AN"
OTB / On the Beach,Loveholidays,3,16591549,LOVE HOLIDAYS BOOK LTD,active,ltd,"15 Wensleydale Gardens, Thornaby, Stockton-On-Tees, United Kingdom, TS17 9BN"
OTB / On the Beach,Loveholidays,4,16556001,LOVE HOLIDAYS CENTRE LTD,active,ltd,"Office 13329 182-184 High Street, North East Ham, London, United Kingdom, E6 2JA"
OTB / On the Beach,Jet2holidays,1,04472486,JET2HOLIDAYS LIMITED,active,ltd,"Low Fare Finder House Leeds Bradford Airport, Yeadon, Leeds, West Yorkshire, LS19 7TU"
OTB / On the Beach,TUI UK,1,02830117,TUI UK LIMITED,active,ltd,"Wigmore House, Wigmore Lane, Luton, Bedfordshire, United Kingdom, LU2 9TN"
OTB / On the Beach,TUI UK,2,NF003750,TUI UK LIMITED,closed-on,oversea-company,"13 Lombard Street, Belfast, Northern Ireland, BT1 1RH"
OTB / On the Beach,TUI UK,3,04165902,THOMSON HOLIDAYS LIMITED,dissolved,ltd,"Tui Travel House, Crawley Business Quarter, Fleming Way Crawley, West Sussex, RH10 9QL"
OTB / On the Beach,TUI UK,4,01456086,TUI UK RETAIL LIMITED,active,ltd,"Wigmore House, Wigmore Lane, Luton, Bedfordshire, United Kingdom, LU2 9TN"
OTB / On the Beach,easyJet holidays,1,11927917,EASYJET HOLIDAYS LIMITED,active,ltd,"Hangar 89 London Luton Airport, Luton, Bedfordshire, United Kingdom, LU2 9PF"
OTB / On the Beach,easyJet holidays,2,11925196,EASYJET HOLIDAYS HOLDINGS LIMITED,active,ltd,"Hangar 89 London Luton Airport, Luton, Bedfordshire, United Kingdom, LU2 9PF"
OTB / On the Beach,easyJet holidays,3,11931011,EASYJET HOLIDAYS TRANSPORT LIMITED,active,ltd,"Hangar 89 London Luton Airport, Luton, Bedfordshire, England, LU2 9PF"
OTB / On the Beach,easyJet holidays,4,03959649,EASYJET PLC,active,plc,"Hangar 89 London Luton Airport, Luton, Bedfordshire, United Kingdom, LU2 9PF"
OTB / On the Beach,Hays Travel,1,01990682,HAYS TRAVEL LIMITED,active,ltd,"Gilbridge House, Keel Square, Sunderland, England, SR1 3HA"
OTB / On the Beach,Hays Travel,2,09357982,HAYS TRAVEL FOUNDATION,active,private-limited-guarant-nsc-limited-exemption,"Gilbridge House, Keel Square, Sunderland, England, SR1 3HA"
OTB / On the Beach,Hays Travel,3,16507678,HAYS TRAVEL GROUP LIMITED,active,ltd,"Gilbridge House, Keel Square, Sunderland, England, SR1 3HA"
OTB / On the Beach,Hays Travel,4,06390154,HAYS TRANSFERS LIMITED,active,ltd,"Gilbridge House, Keel Square, Sunderland, England, SR1 3HA"
OTB / On the Beach,Trailfinders,1,01004502,TRAILFINDERS LIMITED,active,ltd,"48 Earls Court Road, London, W8 6FT"
OTB / On the Beach,Trailfinders,2,04343319,TRAILFINDERS GROUP LIMITED,active,ltd,"48 Earls Court Road, London, W8 6FT"
OTB / On the Beach,Trailfinders,3,01085456,TRAILFINDERS (SERVICES) LIMITED,active,ltd,"48 Earls Court Road,, London,, W8 6EJ"
OTB / On the Beach,Trailfinders,4,03386983,TRAILFINDERS SPORTS CLUB LIMITED,active,ltd,"48 Earls Court Road, London, W8 6FT"
OTB / On the Beach,Secret Escapes,1,07026107,SECRET ESCAPES LIMITED,active,ltd,"7th Floor 88 Kingsway, London, England, WC2B 6AA"
OTB / On the Beach,Secret Escapes,2,14846233,SECRET ESCAPES HOLDING LIMITED,active,ltd,"7th Floor 88 Kingsway, London, United Kingdom, WC2B 6AA"
OTB / On the Beach,Secret Escapes,3,16100362,SECRET ESCAPES SAUNAS LTD,dissolved,ltd,"102 Robert Street, Manselton, Swansea, Wales, SA5 9NA"
OTB / On the Beach,Secret Escapes,4,10507990,SECRET ESCAPES TRANSPORT LIMITED,active,ltd,"7th Floor 88 Kingsway, London, England, WC2B 6AA"
OTB / On the Beach,lastminute.com,1,03852152,LASER HOLDINGS LIMITED,active,ltd,"3rd Floor, 1 Church Road, Richmond, Surrey, TW9 2QE"
OTB / On the Beach,lastminute.com,2,10877110,LASTMINUTE.COM GROUP LTD,dissolved,ltd,"28 Westerdale Road Westerdale Road, Doncaster, United Kingdom, DN5 8RD"
OTB / On the Beach,lastminute.com,3,04643436,LASTMINUTE.COM THEATRENOW LIMITED,dissolved,ltd,"1020 Eskdale Road, Winnersh, Wokingham, RG41 5TS"
OTB / On the Beach,lastminute.com,4,04200018,LASTMINUTE.COM OVERSEAS HOLDINGS LIMITED,dissolved,ltd,"1020 Eskdale Road, Winnersh, Wokingham, RG41 5TS"
OTB / On the Beach,Thomas Cook,1,NF002018,THOMAS COOK LIMITED,closed-on,oversea-company,"Stanley Patterson, 11 Donegall Place, Belfast"
OTB / On the Beach,Thomas Cook,2,03155236,CLOSE NUMBER 25 LIMITED,dissolved,ltd,"Hill House, 1 Little New Street, London, EC4A 3TR"
OTB / On the Beach,Thomas Cook,3,00918380,RETAIL TRAVEL LIMITED,liquidation,ltd,"C/O Interpath Ltd, 10 Fleet Place, London, EC4M 7RB"
OTB / On the Beach,Thomas Cook,4,04339114,THOMAS COOK AIRCRAFT ENGINEERING LIMITED,liquidation,ltd,"C/O Interpath Ltd, 10 Fleet Place, London, EC4M 7RB"
OTB / On the Beach,Saga,1,08804263,SAGA PLC,active,plc,"3 Pancras Square, London, United Kingdom, N1C 4AG"
OTB / On the Beach,Saga,2,04362073,SAGA 500 LIMITED,dissolved,ltd,"Enbrook Park, Sandgate, Folkestone, Kent, CT20 3SE"
OTB / On the Beach,Saga,3,00773343,SAGA MEMBERSHIP LIMITED,active,ltd,"3 Pancras Square, London, United Kingdom, N1C 4AG"
OTB / On the Beach,Saga,4,10098332,ELLIAS JAMES LIMITED,active,ltd,"34 Middle Street South, Driffield, England, YO25 6PS"
MACF / Macfarlane,Macfarlane Group PLC,1,SC004221,MACFARLANE GROUP PLC,active,plc,"3 Park Gardens, Glasgow, Scotland, G3 7YE"
MACF / Macfarlane,Macfarlane Group PLC,2,SC035059,MACFARLANE GROUP (CLANSMAN) LIMITED,dissolved,ltd,"21 Newton Place, Glasgow, G3 7PY"
MACF / Macfarlane,Macfarlane Group PLC,3,01630389,MACFARLANE GROUP UK LIMITED,active,ltd,"Siskin Parkway East, Middlemarch Business Park, Coventry, CV3 4PE"
MACF / Macfarlane,Macfarlane Group PLC,4,11729461,MACFARLANE GROUP HOLDINGS LIMITED,dissolved,ltd,"Unit 6 Burnden Road, Bolton, Lancashire, United Kingdom, BL3 2RB"
MACF / Macfarlane,Kite Packaging,1,04680835,KITE PACKAGING LIMITED,active,ltd,"Puma Park, 102-106 Scimitar Way, Coventry, England, CV3 4GB"
MACF / Macfarlane,Kite Packaging,2,04141145,KITE CONSULTING LIMITED,active,ltd,"Puma Park, 102-106 Scimitar Way, Coventry, England, CV3 4GB"
MACF / Macfarlane,Kite Packaging,3,04141123,KITE PACKAGING GROUP LIMITED,active,ltd,"Puma Park, 102-106 Scimitar Way, Coventry, England, CV3 4GB"
MACF / Macfarlane,Kite Packaging,4,06510008,KITE PACKAGING GROUP HOLDINGS LIMITED,active,ltd,"Puma Park, 102-106 Scimitar Way, Coventry, England, CV3 4GB"
MACF / Macfarlane,Rajapack,1,03110319,RAJAPACK LIMITED,active,ltd,"Raja Uk Dc10 Unit 1, Salford Road, Brogborough, Bedford, England, MK43 0AR"
MACF / Macfarlane,Rajapack,2,00940895,AID-PACK SYSTEMS LIMITED,active,ltd,"Raja Uk Dc10 Unit 1, Salford Road Brogborough, Bedford, England, MK43 0AR"
MACF / Macfarlane,Rajapack,3,17158978,RAJAPACK LEICESTER LIMITED,active,ltd,"53 Wharf Street South, Leicester, England, LE1 2AA"
MACF / Macfarlane,Antalis,1,01088345,ANTALIS LIMITED,active,ltd,"Gateway House, Interlink Way West, Coalville, Leicestershire, LE67 1LE"
MACF / Macfarlane,Antalis,2,NF003153,ANTALIS LIMITED,closed-on,oversea-company,"24/28 Trench Road, Newtownabbey, Co.Antrim, BT36 8UX"
MACF / Macfarlane,Antalis,3,08007952,ANTALIS ENTERPRISES LTD,active,ltd,"Office 5. The Round House,, Dormans Park Road, East Grinstead, West Sussex, RH19 2EN"
MACF / Macfarlane,Antalis,4,00157418,ANTALIS GROUP,dissolved,private-unlimited,"Gateway House, Interlink Way West, Coalville, Leicestershire, LE67 1LE"
MACF / Macfarlane,Springpack,1,08775441,SPRINGPACK LIMITED,active,ltd,"Woodside Point, Williamson Road, Worcester, England, WR5 1SG"
MACF / Macfarlane,Springpack,2,08775440,SPRINGPACK HOLDINGS LIMITED,active,ltd,"Woodside Point, Williamson Road, Worcester, England, WR5 1SG"
MACF / Macfarlane,Fencor Packaging Group,1,03837995,FENCOR PACKAGING GROUP LIMITED,active,ltd,"200 Station Road, Whittlesey, Peterborough, PE7 2HA"
MACF / Macfarlane,Fencor Packaging Group,2,08641945,FENCOR LIMITED,active,ltd,"Bank Chambers 1-3 Woodford Avenue, Gants Hill, Ilford, Essex, IG2 6UF"
MACF / Macfarlane,Fencor Packaging Group,3,12105506,FENCORE HOMES LTD,active,ltd,"Kemp House, 160 City Road, London, United Kingdom, EC1V 2NX"
MACF / Macfarlane,Fencor Packaging Group,4,15096324,FENCORE UK LTD,active,ltd,"4th Floor 205 Regent Street, London, England, W1B 4HB"
MACF / Macfarlane,GWP Group,1,05459368,GWP GROUP LIMITED,active,ltd,"C/O Macfarlne Group Uk Limited Siskin Parkway East, Middlemarch Business Park, Coventry, England, CV3 4PE"
MACF / Macfarlane,GWP Group,2,14170976,GWP GROUP HOLDINGS LIMITED,active,ltd,"My Trusted Accountant Limited Unit 6 Balfour Court, Leyland, Lancashire, United Kingdom, PR25 2TF"
MACF / Macfarlane,GWP Group,3,13418082,GWP CONSTRUCTION GROUP LTD,dissolved,ltd,"4 , Bryn Eithin, Ffordd Isa'R Foel, Y Rhyl, Denbighshire, United Kingdom, LL18 6AT"
MACF / Macfarlane,GWP Group,4,10247739,BOUNDARY PARK (GWP) LIMITED,active,ltd,"The Pavilion, Boundary Park Greenwood Way, Harwell, Didcot, Oxfordshire, England, OX11 6EY"
MACF / Macfarlane,Robinson plc,1,00039811,ROBINSON PLC,active,plc,"Field House, Wheatbridge, Chesterfield, Derbyshire, S40 2AB"
MACF / Macfarlane,Robinson plc,2,00576778,BLUEBELL (LEEDS) LTD,active,ltd,"Audby House, Audby Lane, Wetherby, LS22 7FD"
MACF / Macfarlane,Robinson plc,3,12479956,BURNLEY PADEL CLUB LIMITED,active,ltd,"1 Bond Street, Colne, Lancashire, United Kingdom, BB8 9DG"
MACF / Macfarlane,Robinson plc,4,14274858,DOUGH IN THE DALES LTD,active,ltd,"1 The Mews, Little Brunswick Street, Huddersfield, England, HD1 5JL"
MARS / Marston's,Marston's PLC,1,00031461,MARSTON'S PLC,active,plc,"St Johns House, St Johns Square, Wolverhampton, United Kingdom, WV2 4BH"
MARS / Marston's,Marston's PLC,2,01788855,MARSTON'S (DORMANT) LIMITED,dissolved,ltd,"Marstons House, Brewery Road, Wolverhampton, WV1 4JT"
MARS / Marston's,Marston's PLC,3,00024795,MARSTON'S ACQUISITIONS LIMITED,active,ltd,"St Johns House, St Johns Square, Wolverhampton, United Kingdom, WV2 4BH"
MARS / Marston's,Marston's PLC,4,OE025695,MARSTON'S BEER COMPANY LIMITED,registered,registered-overseas-entity,"22 Grenville Street, St. Helier, Jersey, JE4 8PX"
MARS / Marston's,Stonegate Group,1,16893371,STONEGATE GROUP LIMITED,active,ltd,"3 Monkspath Hall Road, Solihull, West Midlands, United Kingdom, B90 4SJ"
MARS / Marston's,Stonegate Group,2,09545938,STONEGATE GROUP LIMITED,dissolved,ltd,"Goodwood House, Blackbrook Park Avenue, Taunton, Somerset, TA1 2PX"
MARS / Marston's,Stonegate Group,3,16896965,STONEGATE GROUP PROPERTIES LIMITED,active,ltd,"3 Monkspath Hall Road, Solihull, West Midlands, United Kingdom, B90 4SJ"
MARS / Marston's,Stonegate Group,4,11153598,STONEGATE FOOD GROUP LIMITED,active,ltd,"Lacock Green Corsham Road, Lacock, Chippenham, Wiltshire, United Kingdom, SN15 2LZ"
MARS / Marston's,Greene King,1,00024511,GREENE KING LIMITED,active,ltd,"Westgate Brewery, Bury St Edmunds, Suffolk, United Kingdom, IP33 1QT"
MARS / Marston's,Greene King,2,05462825,GREENE KING ACQUISITIONS NO.2 LIMITED,dissolved,ltd,"C/O Kroll Advisory Ltd The Shard, 32 London Bridge Street, London, SE1 9SG"
MARS / Marston's,Greene King,3,03298903,GREENE KING BREWING AND RETAILING LIMITED,active,ltd,"Westgate Brewery, Bury St Edmunds, Suffolk, United Kingdom, IP33 1QT"
MARS / Marston's,Greene King,4,13598718,GREENE KING CH INVESTMENTS LIMITED,active,ltd,"Westgate Brewery, Bury St Edmunds, Suffolk, United Kingdom, IP33 1QT"
MARS / Marston's,Mitchells and Butlers,1,04659443,MITCHELLS AND BUTLERS HEALTHCARE TRUSTEE LIMITED,active,ltd,"27 Fleet Street, Birmingham, West Midlands, B3 1JP"
MARS / Marston's,Mitchells and Butlers,2,00025755,MOLSON COORS BEER NATURALLY LIMITED,active,ltd,"Molson Coors Head Office, Horninglow Street, Burton Upon Trent, Staffordshire, DE14 1JZ"
MARS / Marston's,Mitchells and Butlers,3,04551498,MITCHELLS & BUTLERS PLC,active,plc,"27 Fleet Street, Birmingham, B3 1JP"
MARS / Marston's,Mitchells and Butlers,4,04267537,MITCHELLS & BUTLERS CIF LIMITED,active,ltd,"27 Fleet Street, Birmingham, B3 1JP"
MARS / Marston's,J D Wetherspoon,1,01709784,J D WETHERSPOON PLC,active,plc,"Wetherspoon House, Reeds Crescent, Watford, Hertfordshire, WD24 4QL"
MARS / Marston's,J D Wetherspoon,2,NF004114,J D WETHERSPOON PLC,closed-on,oversea-company,"Murray House, Murray Street, Belfast, BT1 6DN"
MARS / Marston's,J D Wetherspoon,3,07601724,J D WETHERSPOON PROPERTY HOLDINGS LTD,active,ltd,"C/O J D Wetherspoon Plc Wetherspoon House, Reeds Crescent, Watford, Hertfordshire, WD24 4QL"
MARS / Marston's,J D Wetherspoon,4,SC397519,J D WETHERSPOON (SCOT) LIMITED,active,ltd,"Tlt Llp, Cadworks, 41 West Campbell Street, Glasgow, Scotland, G2 6SE"
MARS / Marston's,Admiral Taverns,1,05438628,ADMIRAL TAVERNS LIMITED,active,ltd,"41 Lothbury, London, United Kingdom, EC2R 7HF"
MARS / Marston's,Admiral Taverns,2,04992783,ADMIRAL TAVERNS (RICKMANSWORTH) LIMITED,dissolved,ltd,"1 More London Place, London, SE1 2AF"
MARS / Marston's,Admiral Taverns,3,07052594,ADMIRAL TAVERNS BIDCO LIMITED,active,ltd,"41 Lothbury, London, United Kingdom, EC2R 7HF"
MARS / Marston's,Admiral Taverns,4,03989713,ADMIRAL TAVERNS (CHESTER) LIMITED,active,ltd,"41 Lothbury, London, United Kingdom, EC2R 7HF"
MARS / Marston's,Punch Pubs,1,14782545,PUNCH PUBS LIMITED,active,ltd,"Jubilee House, Second Avenue, Burton Upon Trent, Staffordshire, United Kingdom, DE14 2WF"
MARS / Marston's,Punch Pubs,2,05596582,PUNCH PUBS LIMITED,dissolved,ltd,"Jubilee House, Second Avenue, Burton Upon Trent, Staffordshire, DE14 2WF"
MARS / Marston's,Punch Pubs,3,03982441,PUNCH PUBS & CO LIMITED,active,ltd,"Jubilee House, Second Avenue, Burton Upon Trent, Staffordshire, DE14 2WF"
MARS / Marston's,Punch Pubs,4,10517393,PUNCH PUBS & CO GROUP LIMITED,active,ltd,"Jubilee House, Second Avenue, Burton Upon Trent, Staffordshire, United Kingdom, DE14 2WF"
MARS / Marston's,Star Pubs and Bars,1,SC250925,XSP&B LIMITED,liquidation,ltd,"6 St. Andrew Square, Edinburgh, Scotland, EH2 2BD"
MARS / Marston's,Star Pubs and Bars,2,SC134818,SCOTTISH & NEWCASTLE UK LIMITED,dissolved,ltd,"3-4 Broadway Park, South Gyle Broadway, Edinburgh, Scotland, EH12 9JZ"
MARS / Marston's,Star Pubs and Bars,3,02141784,EX FOOD LIMITED,dissolved,ltd,"Elsley Court, 20-22 Great Titchfield Street, London, United Kingdom, W1W 8BE"
MARS / Marston's,Star Pubs and Bars,4,00236608,STAR PUBS & BARS (PROPERTY) LIMITED,liquidation,ltd,"45 Mortimer Street, London, England, W1W 8HJ"
MARS / Marston's,Young & Co's Brewery,1,00032762,YOUNG & CO'S BREWERY PLC,active,plc,"Copper House, 5 Garratt Lane, Wandsworth, London, SW18 4AQ"
MARS / Marston's,Young & Co's Brewery,2,09624106,YOUNG'S BREWERY LIMITED,dissolved,ltd,"Dunkerque House, 16 Broad Street, Ramsgate, Kent, United Kingdom, CT11 8QY"
MARS / Marston's,Young & Co's Brewery,3,09632074,AMPTHILL & WOBURN BREWERY LIMITED,dissolved,ltd,"Unit D, The Sidings, Station Road, Ampthill, England, MK45 2QY"
MARS / Marston's,Young & Co's Brewery,4,02881228,B & T BREWERY LIMITED,active,ltd,"43 Manchester Street, London, England, W1U 7LP"
MARS / Marston's,Loungers,1,11910770,LOUNGERS LIMITED,active,ltd,"26 Baldwin Street, Bristol, BS1 1SE"
MARS / Marston's,Loungers,2,04595806,LOUNGERS UK LIMITED,active,ltd,"26 Baldwin Street, Bristol, BS1 1SE"
MARS / Marston's,Loungers,3,12478896,LOUNGERSCLOTHING LIMITED,active,ltd,"Dane Cottage Five Bells Lane, Nether Wallop, Stockbridge, England, SO20 8EN"
MARS / Marston's,Loungers,4,07980338,LOUNGERS HOLDINGS LIMITED,active,ltd,"26 Baldwin Street, Bristol, BS1 1SE"
MARS / Marston's,Shepherd Neame,1,00138256,SHEPHERD NEAME LIMITED,active,ltd,"17 Court Street, Faversham, Kent, ME13 7AX"
MARS / Marston's,Shepherd Neame,2,04948101,SHEPHERD NEAME (TRUSTEES) LIMITED,active,ltd,"17 Court Street, Faversham, Kent, ME13 7AX"
MARS / Marston's,Shepherd Neame,3,03958161,SN FINANCE PLC,active,plc,"17 Court Street, Faversham, Kent, ME13 7AX"
MARS / Marston's,Shepherd Neame,4,06366041,CHARLOTTE NEAME INTERIOR DESIGN LIMITED,active,ltd,"Summit House, 170 Finchley Road, London, NW3 6BP"
MER / Mears,Mears Group PLC,1,03232863,MEARS GROUP PLC,active,plc,"2nd Floor Unit 5220 Valiant Court, Gloucester Business Park, Brockworth, Gloucester, United Kingdom, GL3 4FE"
MER / Mears,Mears Group PLC,2,16607246,MEARS GROUP 2020 LTD,active,ltd,"Flat 214, Paxton Court Manor Way, Borehamwood, England, WD6 2AA"
MER / Mears,Mears Group PLC,3,16206338,MEARS PROPERTY GROUP LTD,active,ltd,"71-75 Shelton Street, Covent Garden, London, United Kingdom, WC2H 9JQ"
MER / Mears,Mears Group PLC,4,10942361,"MEARS INTERNATIONAL EDUCATION GROUP CO., LTD",dissolved,ltd,"41 Devonshire Street Ground Floor Office 1, London, United Kingdom, W1G 7AJ"
MER / Mears,Morgan Sindall Property Services,1,04415196,MORGAN SINDALL PROPERTY SERVICES LIMITED,active,ltd,"Kent House, 14-17 Market Place, London, W1W 8AJ"
MER / Mears,Morgan Sindall Property Services,2,06325415,BAKER HICKS EUROPE HOLDINGS LIMITED,active,ltd,"Kent House, 14-17 Market Place, London, W1W 8AJ"
MER / Mears,Morgan Sindall Property Services,3,06325427,MORGAN SINDALL PROFESSIONAL SERVICES (FRANCE) LTD.,dissolved,ltd,"C/O Mazars Llp Tower Bridge House, St Katharine's Way, Londonj, E1W 1DD"
MER / Mears,Morgan Sindall Property Services,4,06256571,BAKER HICKS LIMITED,active,ltd,"Kent House, 14-17 Market Place, London, W1W 8AJ"
MER / Mears,Mitie,1,02938041,MITIE LIMITED,active,ltd,"Level 12 The Shard, 32 London Bridge Street, London, England, England, SE1 9SG"
MER / Mears,Mitie,2,NI057012,MITIE NI LIMITED,active,ltd,"Mitec Operations Centre Unit 9b, First Floor, Silverwood Business Park, Silverwood Rd, Lurgan, Craigavon, Northern Ireland, Northern Ireland, BT66 6SY"
MER / Mears,Mitie,3,03055878,COM:PACT COMMUNITY SERVICES LIMITED,dissolved,ltd,"1 Harlequin Office Park, Fieldfare, Emersons Green, Bristol, England, BS16 7FN"
MER / Mears,Mitie,4,02021486,MITIE AVIATION SECURITY LIMITED,active,ltd,"Level 12 The Shard, 32 London Bridge Street, London, England, SE1 9SG"
MER / Mears,Kier Group,1,02708030,KIER GROUP PLC,active,plc,"2nd Floor, Optimum House, Clippers Quay, Salford, England, M50 3XP"
MER / Mears,Kier Group,2,07032057,KIER GROUP PENSION TRUSTEES LIMITED,active,private-limited-guarant-nsc,"2nd Floor, Optimum House, Clippers Quay, Salford, England, M50 3XP"
MER / Mears,Kier Group,3,02708026,KIER GROUP TRUSTEES LIMITED,active,ltd,"2nd Floor Optimum House, Clippers Quay, Salford, England, M50 3XP"
MER / Mears,Kier Group,4,14588521,14588521 LTD,dissolved,ltd,"37 Penge Road, London, United Kingdom, E13 0SL"
MER / Mears,Sureserve,1,14843644,SURESERVE ASSET SERVICES LIMITED,active,ltd,"Norfolk House, 13 Southampton Place, London, England, WC1A 2AJ"
MER / Mears,Sureserve,2,03193203,SURESERVE COMPLIANCE CENTRAL LIMITED,active,ltd,"Norfolk House, 13 Southampton Place, London, England, WC1A 2AJ"
MER / Mears,Sureserve,3,09095860,SURESERVE COMPLIANCE ELECTRICAL HOLDINGS LIMITED,active,ltd,"Norfolk House, 13 Southampton Place, London, England, WC1A 2AJ"
MER / Mears,Sureserve,4,09556990,SURESERVE COMPLIANCE ELECTRICAL NORTH LIMITED,active,ltd,"Norfolk House, 13 Southampton Place, London, England, WC1A 2AJ"
MER / Mears,Wates Group,1,01824828,WATES GROUP LIMITED,active,ltd,"Wates House, Station Approach, Leatherhead, Surrey, KT22 7SW"
MER / Mears,Wates Group,2,01852973,WATES GROUP PROPERTIES LIMITED,active,ltd,"Wates House, Station Approach, Leatherhead, Surrey, KT22 7SW"
MER / Mears,Wates Group,3,00340931,WATES GROUP SERVICES LIMITED,active,ltd,"Wates House, Station Approach, Leatherhead, Surrey, KT22 7SW"
MER / Mears,Wates Group,4,04483677,BARRATT WATES (EAST GRINSTEAD) LIMITED,active,ltd,"Barratt House Cartwright Way, Forest Business Park Bardon Hill, Coalville, Leicestershire, LE67 1UF"
MER / Mears,Pinnacle Group,1,04240859,PINNACLE GROUP LIMITED,active,ltd,"8th Floor Holborn Tower, 137-144 High Holborn, London, United Kingdom, WC1V 6PL"
MER / Mears,Pinnacle Group,2,SC261399,LOYAL IT LTD,dissolved,ltd,"WRIGHT JOHNSTON MACKENZIE LLP, 2nd Floor, The Capital Building 12/13 St. Andrew Square, Edinburgh, EH2 2AF"
MER / Mears,Pinnacle Group,3,03256483,PINNACLE PLACES LIMITED,active,ltd,"8th Floor Holborn Tower, 137-144 High Holborn, London, United Kingdom, WC1V 6PL"
MER / Mears,Pinnacle Group,4,SC677379,PINNACLE GROUP DEVELOPMENT LTD.,dissolved,ltd,"1 Baird Gardens, Edinburgh, Scotland, EH12 5RS"
MER / Mears,Fortem,1,08900911,FORTEM LTD,dissolved,ltd,"9 Ashdene Avenue, Eastville, Bristol, BS5 6QH"
MER / Mears,Fortem,2,12153108,FORTEM & MODE LIMITED,active,ltd,"Unit 17- 18 Goodsheds Container Village, Hood Road, Barry, Vale Of Glamorgan, Wales, CF62 5QU"
MER / Mears,Fortem,3,16564634,FORTEM & SAINTS COMPANY LTD,active,ltd,"21 Stow Park Avenue, Newport, Wales, NP20 4FL"
MER / Mears,Fortem,4,NI637746,FORTEM BUILDING MATERIALS LIMITED,dissolved,ltd,"Rosemount House, 21- 23 Sydenham Road, Belfast, Northern Ireland, BT3 9HA"
MER / Mears,United Living,1,15574106,UNITED LIVING LIMITED,active,ltd,"12 Redwood Boulevard, Blackpool, England, FY4 5GS"
MER / Mears,United Living,2,13711164,UNITED LIVING LTD,dissolved,ltd,"15 West Park Road, Smethwick, Birmingham, Westmidlands, United Kingdom, B67 7JJ"
MER / Mears,United Living,3,07760301,UNITED LIVING LIMITED,dissolved,ltd,"12 Icknield House, Cale Street, London, London, England, SW3 3SQ"
MER / Mears,United Living,4,00545646,BREE CONSTRUCTION (NORTH) LIMITED,active,ltd,"Media House, Azalea Drive, Swanley, United Kingdom, BR8 8HU"
MER / Mears,Novus Property Solutions,1,02403551,NOVUS PROPERTY SOLUTIONS LIMITED,active,ltd,"Five Towns House Hillside, Festival Way, Stoke-On-Trent, Staffordshire, England, ST1 5SH"
MER / Mears,Novus Property Solutions,2,08471367,SEDDON PROPERTIES LIMITED,active,ltd,"Seddon Building Plodder Lane, Edge Fold, Bolton, Greater Manchester, BL4 0NN"
MER / Mears,Novus Property Solutions,3,09793158,NOVUS PROPERTY LIMITED,active,ltd,"Turnstones Common Lane, Duddon, Tarporley, Cheshire, England, CW6 0HG"
MER / Mears,Novus Property Solutions,4,14583781,NOVUS PROPERTY AND DEVELOPMENT LIMITED,active,ltd,"9 Tarragon Drive, Stoke-On-Trent, England, ST3 7YE"
MER / Mears,Renew Holdings,1,05485409,RENEW CIVIL ENGINEERING LIMITED,active,ltd,"3125 Thorpe Park, Leeds, England, LS15 8ZB"
MER / Mears,Renew Holdings,2,00650447,RENEW HOLDINGS PLC.,active,plc,"3125 Century Way, Thorpe Park, Leeds, England, LS15 8ZB"
MER / Mears,Renew Holdings,3,15870663,RENEW HOLDINGS MIDLANDS LTD,active,ltd,"23 Bilston Street, Dudley, West Midlands, England, DY3 1JA"
MER / Mears,Renew Holdings,4,14382198,ASK RENEWABLES HOLDINGS LTD,active,ltd,"Unit 10 Spring Park, Clayburn Road, Grimethorpe, Barnsley, South Yorkshire, England, S72 7FD"
CARD / Card Factory,Card Factory plc,1,09002747,CARD FACTORY PLC,active,plc,"Century House Brunel Road, 41 Industrial Estate, Wakefield, West Yorkshire, WF2 0XG"
CARD / Card Factory,Card Factory plc,2,08805714,CF NEWCO LIMITED,dissolved,ltd,"Century House, Wakefield 41 Industrial Estate, Wakefield, West Yorkshire, WF2 0XG"
CARD / Card Factory,Card Factory plc,3,11217058,CARD FACTORY FOUNDATION,active,private-limited-guarant-nsc-limited-exemption,"Century House Brunel Road, Wakefield 41 Industrial Estate, Wakefield, West Yorkshire, WF2 0XG"
CARD / Card Factory,Card Factory plc,4,08785320,CARD FACTORY GREETINGS LIMITED,dissolved,ltd,"Century House, Wakefield 41 Industrial Estate, Wakefield, West Yorkshire, WF2 0XG"
CARD / Card Factory,Esquire Retail,1,12338587,ESQUIRE RETAIL LIMITED,active,ltd,"Hexgreave Hall, Upper Hexgreave, Farnsfield, Nottinghamshire, United Kingdom, NG22 8LS"
CARD / Card Factory,Esquire Retail,2,00654330,A.& E.SQUIRE LIMITED,active,ltd,"61 Coltham Road, Willenhall, England, WV12 5QF"
CARD / Card Factory,Esquire Retail,3,10328537,AJ ESQUIRE PRODUCTIONS LIMITED,active,ltd,"Flat A, 14 Dowanhill Road, London, United Kingdom, SE6 1HJ"
CARD / Card Factory,Esquire Retail,4,14085195,BURROWS & HARE ESQUIRES LIMITED,liquidation,ltd,"74 Smedley Street, Matlock, Derbyshire, DE4 3JJ"
CARD / Card Factory,Scribbler,1,12796326,SCRIBBLER BRANDS LTD,active,ltd,"9 Harmsworth Street, London, England, SE17 3TJ"
CARD / Card Factory,Scribbler,2,11255130,SCRIBBLER FILMS LTD,active,ltd,"Flat 9 31 Tib Street, Manchester, England, M4 1LG"
CARD / Card Factory,Scribbler,3,13114932,SCRIBBLER FILMS HOLDINGS LTD,active,ltd,"Flat 9 31 Tib Street, Manchester, England, M4 1LG"
CARD / Card Factory,Scribbler,4,01863486,SCRIBBLER HOLDINGS LIMITED,active,ltd,"9 Harmsworth Street, London, SE17 3TJ"
CARD / Card Factory,Hallmark Cards,1,03414540,HALLMARK CARDS PLC,active,plc,"Hallmark Cards Plc, Dawson Lane, Bradford, West Yorkshire, England, BD4 6HN"
CARD / Card Factory,Hallmark Cards,2,01535845,HALLMARK CARDS PROPERTY COMPANY LIMITED,active,ltd,"Hallmark Cards Property Company Limited, Dawson Lane, Bradford, West Yorkshire, England, BD4 6HN"
CARD / Card Factory,Hallmark Cards,3,02087658,HALLMARK CARDS (HOLDINGS) LIMITED,active,ltd,"Hallmark Cards (Holdings) Limited, Dawson Lane, Bradford, West Yorkshire, England, BD4 6HN"
CARD / Card Factory,Hallmark Cards,4,01213043,HALLMARK CARDS UK,active,private-unlimited,"Hallmark Cards Uk, Dawson Lane, Bradford, West Yorkshire, England, BD4 6HN"
CARD / Card Factory,Moonpig,1,03852652,MOONPIG.COM LIMITED,active,ltd,"10 Back Hill, London, England, EC1R 5EN"
CARD / Card Factory,Moonpig,2,13096622,MOONPIG GROUP PLC,active,plc,"10 Back Hill, London, United Kingdom, EC1R 5EN"
CARD / Card Factory,Moonpig,3,SC461700,SC461700 LIMITED,dissolved,ltd,"49 Hyde Park Street, Glasgow, Scotland, G3 8BW"
CARD / Card Factory,Moonpig,4,07171262,PHOTOBOX GROUP SMILE FOUNDATION,dissolved,private-limited-guarant-nsc-limited-exemption,"10 Back Hill Back Hill, London, England, EC1R 5EN"
CARD / Card Factory,WH Smith,1,05202036,WH SMITH PLC,active,plc,"Windmill Hill Business Park, Whitehill Way, Swindon, Wiltshire, England, SN5 6PB"
CARD / Card Factory,WH Smith,2,BR015670,WH SMITH,closed,uk-establishment,"180 Wardour Street, London, W1F 8FY"
CARD / Card Factory,WH Smith,3,00471941,TG JONES RETAIL HOLDINGS LIMITED,active,ltd,"Greenbridge Road, Swindon, Wiltshire, SN3 3RX"
CARD / Card Factory,WH Smith,4,06560339,TG JONES HIGH STREET LIMITED,active,ltd,"Greenbridge Road, Swindon, Wiltshire, SN3 3RX"
CARD / Card Factory,thortful,1,09524310,THORTFUL LIMITED,active,ltd,"Dean Bradley House, 52 Horseferry Road, London, England, SW1P 2AF"
CARD / Card Factory,thortful,2,08152360,PELSON LIMITED,dissolved,ltd,"86 Deansgate, Manchester, England, M3 2ER"
CARD / Card Factory,thortful,3,13564707,THORTFUL GIFTS LIMITED,dissolved,ltd,"128 City Road, London, United Kingdom, EC1V 2NX"
FORT / Forterra,Forterra plc,1,09963666,FORTERRA PLC,active,plc,"5 Grange Park Court, Roman Way, Northampton, United Kingdom, NN4 5EA"
FORT / Forterra,Forterra plc,2,14835974,FORTERRA ADVISORS LTD,active,ltd,"40 Derwent Road, Harpenden, England, AL5 3NX"
FORT / Forterra,Forterra plc,3,08960430,FORTERRA BUILDING PRODUCTS LIMITED,active,ltd,"5 Grange Park Court, Roman Way, Northampton, NN4 5EA"
FORT / Forterra,Forterra plc,4,09983078,FORTERRA HOLDINGS LIMITED,active,ltd,"5 Grange Park Court, Roman Way, Northampton, United Kingdom, NN4 5EA"
FORT / Forterra,Ibstock,1,09760850,IBSTOCK PLC,active,plc,"Leicester Road, Ibstock, Leicestershire, United Kingdom, LE67 6HS"
FORT / Forterra,Ibstock,2,00984268,IBSTOCK GROUP LIMITED,active,ltd,"Leicester Road, Ibstock, Leicestershire, LE67 6HS"
FORT / Forterra,Ibstock,3,15575294,IBSTOCK BITES LTD,active,ltd,"22 Chandlers Croft, Ibstock, England, LE67 6PG"
FORT / Forterra,Ibstock,4,15962933,IBSTOCK BITES TAKEAWAY LTD,active,ltd,"22 Chandlers Croft, Ibstock, England, LE67 6PG"
FORT / Forterra,Michelmersh Brick,1,03433257,MICHELMERSH BRICK & TILE COMPANY LIMITED,active,ltd,"Freshfield Lane, Danehill, Haywards Heath, West Sussex, RH17 7HH"
FORT / Forterra,Michelmersh Brick,2,03462378,MICHELMERSH BRICK HOLDINGS PLC,active,plc,"Freshfield Lane, Danehill, Haywards Heath, West Sussex, RH17 7HH"
FORT / Forterra,Michelmersh Brick,3,02527552,MICHELMERSH BRICK UK LIMITED,active,ltd,"Freshfield Lane, Danehill, Haywards Heath, West Sussex, RH17 7HH"
FORT / Forterra,Michelmersh Brick,4,07445630,BLOCKLEYS BRICK LIMITED,active,ltd,"Freshfield Lane, Danehill, Haywards Heath, West Sussex, RH17 7HH"
FORT / Forterra,Wienerberger,1,05299520,WIENERBERGER LIMITED,active,ltd,"Wienerberger House Brooks, Drive Cheadle Royal Business, Park Cheadle, Cheshire, SK8 3SA"
FORT / Forterra,Aggregate Industries,1,09634189,AGGREGATE INDUSTRIES LIMITED,active,ltd,"Bardon Hill, Bardon Road, Coalville, Leicestershire, England, LE67 1TL"
FORT / Forterra,Aggregate Industries,2,16324300,PROGRID HOLDINGS LIMITED,active,ltd,"Unit 6 Codham Hall Farm, Great Warley, Brentwood, Essex, England, CM13 3FB"
FORT / Forterra,Aggregate Industries,3,05655952,HOLCIM UK HOLDINGS 2 LIMITED,active,ltd,"Bardon Hill, Bardon Road, Coalville, Leicestershire, England, LE67 1TL"
FORT / Forterra,Aggregate Industries,4,00182412,HOLCIM UK HOLDINGS 1 LIMITED,active,ltd,"Bardon Hill, Bardon Road, Coalville, Leicestershire, England, LE67 1TL"
FORT / Forterra,Tarmac Trading,1,00453791,TARMAC TRADING LIMITED,active,ltd,"Ground Floor T3 Trinity Park, Bickenhill Lane, Birmingham, United Kingdom, B37 7ES"
FORT / Forterra,Tarmac Trading,2,00603924,VICOURT LIMITED,active,ltd,"Ground Floor T3 Trinity Park, Bickenhill Lane, Birmingham, United Kingdom, B37 7ES"
FORT / Forterra,Tarmac Trading,3,01316854,ACEDRIVES TARMACADAM SURFACING CONTRACTORS LIMITED,liquidation,ltd,"7 Heath Road, Elmdon Heath, Solihull, West Midlands, B91 2RH"
FORT / Forterra,Tarmac Trading,4,SC448676,ALASTAIR DICK TARMAC LIMITED,administration,ltd,"2 Bothwell Street, Glasgow, G2 6LU"
FORT / Forterra,Naylor Industries,1,14694094,NAYLOR INDUSTRIES LIMITED,active,ltd,"Naylor House Valley Road, Wombwell, Barnsley, South Yorkshire, United Kingdom, S73 0BS"
FORT / Forterra,Naylor Industries,2,02908579,NAYLOR COMMERCIAL PROPERTIES LIMITED,active,ltd,"Naylor House Valley Road, Wombwell, Barnsley, South Yorkshire, United Kingdom, S73 0BS"
FORT / Forterra,Naylor Industries,3,00197667,WHITE'S (CONCRETE) LIMITED,dissolved,ltd,"Clough Green, Cawthorne, Barnsley, South Yorkshire, S75 4AD"
FORT / Forterra,Naylor Industries,4,12029462,A.C NAYLOR & CO LTD,dissolved,ltd,"Far View 21 Thorn Bank Avenue, Oakworth, Keighley, England, BD22 7LD"
BOOT / Henry Boot,Henry Boot PLC,1,00160996,HENRY BOOT PLC,active,plc,"Isaacs Building, 4 Charles Street, Sheffield, United Kingdom, S1 2HS"
BOOT / Henry Boot,Henry Boot PLC,2,03125802,HENRY BOOT INVESTMENTS 1 LIMITED,active,ltd,"Isaacs Building, 4 Charles Street, Sheffield, United Kingdom, S1 2HS"
BOOT / Henry Boot,Henry Boot PLC,3,02880202,HBC CONSTRUCTION LIMITED,active,ltd,"Callywhite Lane, Callywhite Lane, Dronfield, England, S18 2XN"
BOOT / Henry Boot,Henry Boot PLC,4,07399102,HBC CONTRACTING SERVICES LIMITED,active,ltd,"Callywhite Lane, Callywhite Lane, Dronfield, England, S18 2XN"
BOOT / Henry Boot,St Modwen,1,OE000913,BRIGHTON STM DEVELOPMENTS (CLAY CROSS) LIMITED,registered,registered-overseas-entity,"47 Esplanade, St Helier, Jersey, JE1 0BD"
BOOT / Henry Boot,St Modwen,2,OE001233,BRIGHTON STM DEVELOPMENTS (LLANWERN) LIMITED,registered,registered-overseas-entity,"Ifc, 5, St. Helier, Channel Islands, Jersey, JE1 1ST"
BOOT / Henry Boot,St Modwen,3,02885028,ST. MODWEN DEVELOPMENTS (LONGBRIDGE) LIMITED,active,ltd,"C/O Miller Homes 2 Centro Place, Pride Park, Derby, England, DE24 8RF"
BOOT / Henry Boot,St Modwen,4,OE001539,ST. MODWEN DEVELOPMENTS (LONGBRIDGE EAST WORKS) LIMITED,registered,registered-overseas-entity,"47 Esplanade, St. Helier, Jersey, JE1 0BD"
BOOT / Henry Boot,Harworth Group,1,02649340,HARWORTH GROUP PLC,active,plc,"1 Harworth Way, Unit 1, Harworth Way, Rotherham, United Kingdom, S60 5GR"
BOOT / Henry Boot,Harworth Group,2,04380757,HARWORTH NO. 3 LIMITED,dissolved,ltd,"C/O Teneo Restructuring Limited 156 Great Charles Street Queensway, Birmingham, B3 3HN"
BOOT / Henry Boot,Harworth Group,3,08232459,HARWORTH ESTATES PROPERTY GROUP LIMITED,active,ltd,"1 Harworth Way, Unit 1, Harworth Way, Rotherham, United Kingdom, S60 5GR"
BOOT / Henry Boot,Harworth Group,4,02835497,HARWORTH ESTATES GROUP LIMITED,dissolved,ltd,"C/O Teneo Restructuring Limited 156 Great Charles Street Queensway, Birmingham, B3 3HN"
BOOT / Henry Boot,Urban and Civic,1,09123307,URBAN&CIVIC WATERBEACH LIMITED,active,ltd,"50 New Bond Street, London, W1S 1BJ"
BOOT / Henry Boot,Urban and Civic,2,16439324,CIVIC AND SOCIAL LTD,active,ltd,"13b Little Underbank, Stockport, United Kingdom, SK1 1LA"
BOOT / Henry Boot,Urban and Civic,3,17049420,CIVIC MAINTENANCE AND COMPLIANCE LTD,active,ltd,"Skirting Uk, Skirting Uk, Moor Lane, Birmingham, United Kingdom, B6 7AE"
BOOT / Henry Boot,Urban and Civic,4,SC543752,CIVICOS TRAINING AND COMMUNICATIONS CIC,active,private-limited-guarant-nsc,"Robertson House The Robertson Trust, 152 Bath Street, Glasgow, United Kingdom, G2 4TB"
BOOT / Henry Boot,Watkin Jones,1,09791105,WATKIN JONES PLC,active,plc,"Fourth Floor, Sicilian House, 21 Southampton Row, London, United Kingdom, WC1B 5HA"
BOOT / Henry Boot,Watkin Jones,2,07321534,WATKIN JONES AM LIMITED,active,ltd,"3 Llys Y Bont, Parc Menai, Bangor, United Kingdom, LL57 4BN"
BOOT / Henry Boot,Watkin Jones,3,02539870,WATKIN JONES & SON LIMITED,active,ltd,"3 Llys Y Bont, Parc Menai, Bangor, United Kingdom, LL57 4BN"
BOOT / Henry Boot,Watkin Jones,4,04084303,WATKIN JONES GROUP LIMITED,active,ltd,"3 Llys Y Bont, Parc Menai, Bangor, United Kingdom, LL57 4BN"
BOOT / Henry Boot,Keepmoat,1,01998780,KEEPMOAT LIMITED,active,ltd,"Keepmoat The Waterfront, Lakeside Boulevard, Doncaster, South Yorkshire, DN4 5PL"
BOOT / Henry Boot,Keepmoat,2,01738371,EQUANS REGENERATION LIMITED,active,ltd,"First Floor, Neon, Q10 Quorum Business Park, Benton Lane, Newcastle Upon Tyne, England, NE12 8BU"
BOOT / Henry Boot,Keepmoat,3,02207338,KEEPMOAT HOMES LIMITED,active,ltd,"Keepmoat The Waterfront, Lakeside Boulevard, Doncaster, South Yorkshire, DN4 5PL"
BOOT / Henry Boot,Keepmoat,4,00994353,KEEPMOAT PROPERTY LIMITED,active,ltd,"Keepmoat Limited The Waterfront, Lakeside Boulevard, Doncaster, South Yorkshire, DN4 5PL"
NXR / Norcros,Norcros plc,1,03691883,NORCROS PLC,active,plc,"Ladyfield House, Station Road, Wilmslow, Cheshire, SK9 1BU"
NXR / Norcros,Norcros plc,2,00566694,NORCROS GROUP (HOLDINGS) LIMITED,active,ltd,"Ladyfield House, Station Road, Wilmslow, Cheshire, SK9 1BU"
NXR / Norcros,Norcros plc,3,16522834,DNCP HOLDINGS LTD,active,ltd,"4 Hillside Road, Frodsham, England, WA6 6AN"
NXR / Norcros,Norcros plc,4,03387563,NORCROS ADHESIVES LIMITED,active,ltd,"Ladyfield House, Station Road, Wilmslow, Cheshire, SK9 1BU"
NXR / Norcros,Aqualisa,1,05221543,AQUALISA FINANCE LTD,active,ltd,"The Flyers Way, Westerham, Kent, TN16 1DE"
NXR / Norcros,Aqualisa,2,05221471,AQUALISA GROUP LTD,active,ltd,"The Flyers Way, Westerham, Kent, TN16 1DE"
NXR / Norcros,Aqualisa,3,08317541,AQUALISA HOLDINGS LIMITED,active,ltd,"Westerham Trade Centre, The Flyers Way, Westerham, Kent, TN16 1DE"
NXR / Norcros,Aqualisa,4,09765635,AQUALISA HOLDINGS (INTERNATIONAL) LIMITED,active,ltd,"Westerham Trade Centre, The Flyers Way, Westerham, Kent, England, TN16 1DE"
NXR / Norcros,Mira Showers,1,11451703,AJT SHOWERS LTD.,active,ltd,"Unit C3 Riverside Industrial Estate, Bridge Road, Littlehampton, West Sussex, England, BN17 5DF"
NXR / Norcros,Mira Showers,2,10427026,AQUA SAFETY SHOWERS INTERNATIONAL LTD,active,ltd,"Redgate Road South Lancashire Industrial Estate, Ashton-In-Makerfield, Wigan, England, WN4 8DT"
NXR / Norcros,Mira Showers,3,07495020,"BASINS, BATHS AND SHOWERS LTD",active,ltd,"8 -10 Portsmouth Road Cosham, Portsmouth, Hampshire, England, PO6 2AE"
NXR / Norcros,Mira Showers,4,12596706,THE BATHS OUT SHOWERS IN COMPANY LTD,dissolved,ltd,"C/O Begbies Traynor (Central) Llp Ground Floor, 54 New Bridge Street West, Newcastle Upon Tyne, Tyne And Wear, NE1 8AP"
NXR / Norcros,Bristan Group,1,01318148,BRISTAN GROUP LIMITED,active,ltd,"1 Park Row, Leeds, West Yorkshire, LS1 5AB"
NXR / Norcros,Bristan Group,2,03462299,BRISTAN (2005) LIMITED,dissolved,ltd,"1 Park Row, Leeds, West Yorkshire, LS1 5AB"
NXR / Norcros,Bristan Group,3,10143562,BRISTAN LIMITED,active,ltd,"16 Gregory Crescent, London, England, SE9 5SB"
NXR / Norcros,Bristan Group,4,00836132,BRISTANT INVESTMENTS LIMITED,active,ltd,"1st Floor, 314 Regents Park Road, Finchley, London, N3 2LT"
NXR / Norcros,Grohe,1,00770795,GROHE LIMITED,active,ltd,"World Business Centre 1 Newall Road, London Heathrow Airport, Hounslow, England, TW6 2SF"
NXR / Norcros,Grohe,2,13162729,GROHE LEGAL SERVICES LIMITED,dissolved,ltd,"10 , Harrisons Court, Flat 18 Myers Lane, London, United Kingdom, SE14 5RY"
NXR / Norcros,Grohe,3,14260209,GROHELPER LTD,dissolved,ltd,"Unit 1, Cam Centre, Wilbury Way, Hitchin, Hertfordshire, England, SG4 0TW"
NXR / Norcros,Grohe,4,09861225,UK GROHE BUILDING MATERIAL LTD,active,ltd,"37 Croydon Road, Beckenham, United Kingdom, BR3 4AB"
NXR / Norcros,Methven,1,05222773,METHVEN ACCOUNTANCY SERVICES LIMITED,active,ltd,"76 Waltham Way, Chingford, London, E4 8HE"
NXR / Norcros,Methven,2,SP0339RS,METHVEN ARMS HOTEL SOCIETY LIMITED,active,registered-society-non-jurisdictional,
NXR / Norcros,Methven,3,SL000880,METHVEN (BALDASTARD),active,limited-partnership,"Baldastard Farm, Leven"
NXR / Norcros,Methven,4,05195061,METHVEN BUILDERS LIMITED,active,ltd,"2 Church Close, Laleham, Staines-Upon-Thames, England, TW18 1RP"
NXR / Norcros,Roman Limited,1,02184168,ROMAN LIMITED,active,ltd,"Whitworth Avenue, Aycliffe Industrial Park, Newton Aycliffe, Co Durham, DL5 6YN"
NXR / Norcros,Roman Limited,2,15511724,CAFFE GRANDE ABACO LTD,active,ltd,"C/O Seftons, 135-143 Union Street, Oldham, Lancashire, United Kingdom, OL1 1TE"
NXR / Norcros,Roman Limited,3,12229204,NEC PLANNING SOLUTIONS LIMITED,active,ltd,"C/O Vantage Accounting Unit 1 Cedar Office Park, Cobham Road, Wimborne, England, BH21 7SB"
NXR / Norcros,Roman Limited,4,05764197,ROMAN ACADEMY OF SCIENCE LIMITED,active,ltd,"Union House, 111 New Union Street, Coventry, England, CV1 2NT"
NXR / Norcros,Ideal Standard,1,00533523,IDEAL - STANDARD LIMITED,active,ltd,"The Bathroom Works, National Avenue, Hull, HU5 4HS"
NXR / Norcros,Ideal Standard,2,06311819,IDEAL STANDARD HOLDINGS (BC) UK LTD,active,ltd,"The Bathroom Works, National Avenue, Hull, North Humberside, HU5 4JJ"
NXR / Norcros,Ideal Standard,3,00091891,IDEAL STANDARD (UK) LIMITED,active,ltd,"The Bathroom Works, National Avenue, Hull, North Humberside, HU5 4HS"
NXR / Norcros,Ideal Standard,4,03757431,IDEAL STANDARD (UK) EXECUTIVE PENSION TRUSTEES LIMITED,dissolved,ltd,"Armitage, Rugeley, Staffordshire, WS15 4BT"
HFD / Halfords,Halfords Group plc,1,04457314,HALFORDS GROUP PLC,active,plc,"Icknield Street Drive, Washford West, Redditch, Worcestershire, B98 0DE"
HFD / Halfords,Halfords Group plc,2,04452715,ALLIANCE BOOTS HOLDINGS LIMITED,active,ltd,"Sedley Place, 4th Floor, 361 Oxford Street, London, W1C 2JL"
HFD / Halfords,Halfords Group plc,3,13276365,HALFORDS GROUP HOLDINGS LIMITED,active,ltd,"Icknield Street Drive, Washford West, Redditch, Worcestershire, United Kingdom, B98 0DE"
HFD / Halfords,Halfords Group plc,4,00103161,HALFORDS LIMITED,active,ltd,"Icknield Street Drive, Washford West, Redditch, Worcestershire, B98 0DE"
HFD / Halfords,Kwik-Fit,1,14010889,KWIKFIT SHUTTERS LTD,active,ltd,"80d Blackshots Lane, Grays, England, RM16 2JX"
HFD / Halfords,Kwik-Fit,2,12480139,KWIKFIT ROOFING LTD,dissolved,ltd,"24 Lynton Avenue, Rochdale, England, OL11 3HW"
HFD / Halfords,Kwik-Fit,3,10936153,KWIKFIT BOILERS LIMITED,dissolved,ltd,"Flat 28 Charles Bradlaugh House, Haynes Close, London, Tottenham, United Kingdom, N17 0RD"
HFD / Halfords,Kwik-Fit,4,03661259,KWIK-FIT EURO LIMITED,dissolved,ltd,"Etel House, Avenue One, Letchworth Garden City, Hertfordshire, SG6 2HU"
HFD / Halfords,Euro Car Parts,1,07611358,EURO CAR PARTS LIMITED,active,ltd,"1 London Street, Reading, Berkshire, United Kingdom, RG1 4QW"
HFD / Halfords,Euro Car Parts,2,02680212,LKQ GROUP (UK) LIMITED,active,ltd,"T2, Birch Coppice Business Park Danny Morson Way, Dordon, Tamworth, England, B78 1SE"
HFD / Halfords,Euro Car Parts,3,15343956,PERFORMANCE PARTS PRO LTD,dissolved,ltd,"18 Linden Drive, Leicester, England, LE5 6AH"
HFD / Halfords,Euro Car Parts,4,03550844,EURO CAR PARTS (NORTHERN IRELAND) LIMITED,dissolved,ltd,"1 London Street, Reading, Berkshire, RG1 4QW"
HFD / Halfords,GSF Car Parts,1,01779084,GSF CAR PARTS LIMITED,active,ltd,"15th Floor 6 Bevis Marks, Bury Court, London, EC3A 7BA"
HFD / Halfords,GSF Car Parts,2,03598646,PROJECT R - TYPE NO. 2 LIMITED,dissolved,ltd,"Unit 21 Fort Industrial Park, Chester Road, Castle Vale, Birmingham, B35 7AR"
HFD / Halfords,GSF Car Parts,3,07927447,OTO MOTOR PARTS LIMITED,dissolved,ltd,"Unit E & F London Stone Business Estate, Broughton Street, London, England, SW8 3QR"
HFD / Halfords,GSF Car Parts,4,07621204,GSF CARS LIMITED,dissolved,ltd,"23 Battery Green Road, Lowestoft, Suffolk, England, NR32 1DH"
HFD / Halfords,ATS Euromaster,1,04303731,ATS EUROMASTER LIMITED,active,ltd,"First Floor Aqueous Ii, Aston Cross Business Park, Rocky Lane, Birmingham, England, B6 5RQ"
HFD / Halfords,ATS Euromaster,2,08014580,EUROMASTER (ENGINEERING) LIMITED,dissolved,ltd,"Opus Restructuring Llp, 1 Radian Court, Milton Keynes, Buckinghamshire, MK5 8PJ"
HFD / Halfords,ATS Euromaster,3,08991309,EUROMASTER ESTATE SOLUTIONS LTD,active,ltd,"Second Floor, 150 Fleet Street, London, England, EC4A 2DQ"
HFD / Halfords,ATS Euromaster,4,09735484,EUROMASTER OIL LTD,active,ltd,"Ealing Cross 1st Floor, 85 Uxbridge Road, London, England, W5 5TH"
HFD / Halfords,Micheldever Tyre Services,1,01817398,MICHELDEVER TYRE SERVICES LIMITED,active,ltd,"Micheldever Station, Winchester, Hants, SO21 3AP"
HFD / Halfords,Micheldever Tyre Services,2,NI685023,MICHELDEVER TYRES LTD,dissolved,ltd,"7a Tullyah Road, Belleeks, Newry, Northern Ireland, BT35 7QQ"
HFD / Halfords,Micheldever Tyre Services,3,08014461,ELLIS MEWS (MICHELDEVER) MANAGEMENT COMPANY LIMITED,active,private-limited-guarant-nsc,"Stonemead House, 95 London Road, Croydon, Surrey, United Kingdom, CR0 2RF"
HFD / Halfords,Micheldever Tyre Services,4,RS008242,MICHELDEVER COMMUNITY ENTERPRISE SOCIETY LIMITED,converted-closed,registered-society-non-jurisdictional,
HFD / Halfords,Evans Cycles,1,11577650,EVANS CYCLES LIMITED,active,ltd,"Unit A, Brook Park East, Shirebrook, United Kingdom, NG20 8RY"
HFD / Halfords,Evans Cycles,2,06649810,APRIL NUMBER 2 LIMITED,dissolved,ltd,"Central Square, 29 Wellington Street, Leeds, West Yorkshire, LS1 4DL"
HFD / Halfords,Evans Cycles,3,11634939,EVANS CYCLES PROPERTY LIMITED,active,ltd,"Unit A, Brook Park East, Shirebrook, United Kingdom, NG20 8RY"
HFD / Halfords,Evans Cycles,4,14964149,EVANS CYCLES (PROP) LIMITED,dissolved,ltd,"Unit A, Brook Park East, Shirebrook, United Kingdom, NG20 8RY"
HFD / Halfords,Decathlon,1,03140144,DECATHLON UK LIMITED,active,ltd,"Head Office, 9 Maritime Street, London, England, SE16 7FU"
HFD / Halfords,Decathlon,2,09353513,DECATHLON INTERNET SALES LIMITED,dissolved,ltd,"2nd Floor Regis House, 45 King William Street, London, United Kingdom, EC4R 9AN"
HFD / Halfords,Decathlon,3,06048931,DECATHLON SERVICES LIMITED,dissolved,ltd,"25/27 Station Street, Cheslyn Hay, Walsall, West Midlands, United Kingdom, WS6 7ED"
HFD / Halfords,Decathlon,4,09537590,DECATHLON CONTRACTING LIMITED,dissolved,ltd,"Ovesdon, Silver Birch Avenue, Epping, Essex, United Kingdom, CM16 6LB"
HFD / Halfords,Blackcircles,1,SC224310,BLACKCIRCLES.COM LIMITED,active,ltd,"1 Tanfield, Edinburgh, Scotland, EH3 5DA"
HFD / Halfords,Blackcircles,2,12859822,TYCOON TIGER LTD,dissolved,ltd,"57 Bromhall Road, Dagenham, England, RM8 2HN"
HFD / Halfords,Blackcircles,3,SC439986,BLACKCIRCLES.COM PROMOTIONS LIMITED,dissolved,ltd,"Unit 3 Cavalry Park, Kingsmeadow Road, Peebles, EH45 9BU"
HFD / Halfords,Blackcircles,4,SC439985,BLACKCIRCLES.COM STORES LIMITED,dissolved,ltd,"Unit 3 Cavalry Park, Kingsmeadow Road, Peebles, EH45 9BU"
SHI / SIG,SIG plc,1,00998314,SIG PLC,active,plc,"Adsetts House 16 Europa View, Sheffield Business Park, Sheffield, United Kingdom, S9 1XH"
SHI / SIG,SIG plc,2,13854766,SAM PROP CO HOLDING LTD,active,ltd,"Corner Oak Corner Oak, Suite 5, 2nd Floor, 1 Homer Road, Solihull, United Kingdom, B91 3QG"
SHI / SIG,SIG plc,3,12968601,SIG & CHAN LIMITED,active,ltd,"The Royal, Front Street, Stanley, Durham, England, DH9 0JQ"
SHI / SIG,SIG plc,4,10873714,SIG AND ELI LIMITED,active,ltd,"16 Hamble Road, Tonbridge, United Kingdom, TN10 3JL"
SHI / SIG,Travis Perkins,1,00824821,TRAVIS PERKINS PLC,active,plc,"Ryehill House Rye Hill Close, Lodge Farm Industrial Estate, Northampton, England, NN5 7UA"
SHI / SIG,Travis Perkins,2,07248460,TRAVIS PERKINS CAPITAL PARTNER LIMITED,active,ltd,"Ryehill House Ryehill Close, Lodge Farm Industrial Estate, Northampton, England, NN5 7UA"
SHI / SIG,Travis Perkins,3,06500008,TRAVIS PERKINS FINANCE COMPANY LIMITED,dissolved,ltd,"C/O Forvis Mazars Llp, 1st Floor Two Chamberlain Square, Birmingham, B3 3AX"
SHI / SIG,Travis Perkins,4,07180292,TRAVIS PERKINS FINANCING COMPANY NO.3 LIMITED,active,ltd,"Ryehill House, Ryehill Close, Lodge Farm Industrial Estate, Northampton, England, NN5 7UA"
SHI / SIG,Grafton Group,1,04287561,GRAFTON GROUP LIMITED,dissolved,ltd,"24a Suite 4&5, Commercial Road, Poole, England, BH14 0JR"
SHI / SIG,Grafton Group,2,FC042213,GRAFTON GROUP HOLDINGS LIMITED,closed-on,oversea-company,"La Tonnelle House, Les Banques, St Sampson, Guernsey, GY1 3HS"
SHI / SIG,Grafton Group,3,BR027331,GRAFTON GROUP HOLDINGS LIMITED,closed,uk-establishment,"No. 2.06 1-2 Hatfields, London, SE1 9PG"
SHI / SIG,Grafton Group,4,02886378,GRAFTON GROUP (UK) PUBLIC LIMITED COMPANY,active,plc,"Ground Floor Boundary House, 2 Wythall Green Way, Wythall, Birmingham, United Kingdom, B47 6LW"
SHI / SIG,Stark Building Materials,1,01647362,STARK BUILDING MATERIALS UK LIMITED,active,ltd,"Merchant House, Binley Business Park, Harry Weston Road, Coventry, England, CV3 2TT"
SHI / SIG,Stark Building Materials,2,14521141,STARK GROUP HOLDING UK 1 LIMITED,active,ltd,"Merchant House, Binley Business Park, Harry Weston Road, Coventry, England, CV3 2TT"
SHI / SIG,Stark Building Materials,3,16651351,STARK NEW MATERIALS LIMITED,active,ltd,"Suite 13630 61 Bridge Street, Kington, United Kingdom, HR5 3DJ"
SHI / SIG,Stark Building Materials,4,11455694,STARKEY BUILDING CONSULTANCY LTD,active,ltd,"219 Burton Road, Derby, United Kingdom, DE23 6AE"
SHI / SIG,Saint-Gobain Building Distribution,1,01647362,STARK BUILDING MATERIALS UK LIMITED,active,ltd,"Merchant House, Binley Business Park, Harry Weston Road, Coventry, England, CV3 2TT"
SHI / SIG,Saint-Gobain Building Distribution,2,NI030634,SAINT-GOBAIN BUILDING DISTRIBUTION (IRELAND) LIMITED,dissolved,ltd,"648 Springfield Road, Belfast, BT12 7EH"
SHI / SIG,Saint-Gobain Building Distribution,3,09712605,BUILDING SUPPLIES AND INSULATION DISTRIBUTION LIMITED,active,ltd,"Suite 141 Wincombe Street, Cheltenham, Glos, United Kingdom, GL52 2LY"
SHI / SIG,Saint-Gobain Building Distribution,4,04725313,BUILDING SUPPLIES DISTRIBUTION LIMITED,active,ltd,"Head Office, Industrial Estate, Llangefni, Anglesey, Wales, LL77 7JA"
SHI / SIG,MKM Building Supplies,1,11609901,M.K.M. BUILDING SUPPLIES (ABERDEEN) LIMITED,active,ltd,"C/O M.K.M. Building Supplies, Stoneferry Road, Hull, England, HU8 8DE"
SHI / SIG,MKM Building Supplies,2,13660588,M.K.M. BUILDING SUPPLIES (AIRDRIE) LIMITED,active,ltd,"C/O M.K.M. Building Supplies Limited, Stoneferry Road, Hull, East Yorkshire, United Kingdom, HU8 8DE"
SHI / SIG,MKM Building Supplies,3,13014065,M.K.M. BUILDING SUPPLIES (ALDERSHOT) LIMITED,active,ltd,"C/O M.K.M. Building Supplies Limited, Stoneferry Road, Hull, East Yorkshire, United Kingdom, HU8 8DE"
SHI / SIG,MKM Building Supplies,4,04182468,M.K.M. BUILDING SUPPLIES (ALNWICK) LIMITED,active,ltd,"Stoneferry Road, Hull, East Yorkshire, HU8 8DE"
SHI / SIG,Huws Gray,1,02506633,HUWS GRAY LIMITED,active,ltd,"Head Office, Industrial Estate, Llangefni, Anglesey, Wales, LL77 7JA"
SHI / SIG,Huws Gray,2,05718412,HUWS GRAY FITLOCK LIMITED,dissolved,ltd,"68 Argyle Street, Birkenhead, Merseyside, CH41 6AF"
SHI / SIG,Huws Gray,3,01353756,HUWS-GRAY (FFLINT) LTD,dissolved,ltd,"68 Argyle Street, Birkenhead, Merseyside, CH41 6AF"
SHI / SIG,Huws Gray,4,17144159,EMYR HUWS PROPERTIES LTD,active,ltd,"14 Cwmbach Road, Llanelli, Wales, SA15 4EP"
SHI / SIG,Encon,1,03411533,ENCON LIMITED,active,ltd,"Brunswick House, 1 Deighton Close, Wetherby, West Yorkshire, LS22 7GZ"
SHI / SIG,Encon,2,01584568,ENCON GROUP LIMITED,active,ltd,"Brunswick House, 1 Deighton Close, Wetherby, West Yorkshire, LS22 7GZ"
SHI / SIG,Encon,3,02063860,ENCON AIR SYSTEMS LIMITED,active,ltd,"31 Quarry Park Close, Charter Gate, Moultonpark Industrial Estate, Northampton, NN3 6QB"
SHI / SIG,Encon,4,06758194,ENCON ASSOCIATES LIMITED,active,ltd,"550 Valley Rd, Basford, Nottingham, NG5 1JJ"
LSL / LSL Property,LSL Property Services,1,05114014,LSL PROPERTY SERVICES PLC,active,plc,"First Floor, Victoria House Hampshire Court, East Newcastle Business Park, Scotswood Road, Newcastle Upon Tyne, England, NE4 7YJ"
LSL / LSL Property,LSL Property Services,2,01993755,LENDING SOLUTIONS LIMITED,active,ltd,"First Floor, Victoria House Hampshire Court, East Newcastle Business Park, Scotswood Road, Newcastle Upon Tyne, England, NE4 7YJ"
LSL / LSL Property,LSL Property Services,3,SC686220,LSLM PROPERTY LIMITED,active,ltd,"32 Senate Place, Motherwell, Scotland, ML1 3GE"
LSL / LSL Property,LSL Property Services,4,15655382,LSLN PROPERTY LTD,active,ltd,"103 Station Road, Ashington, Northumberland, United Kingdom, NE63 8RS"
LSL / LSL Property,Connells,1,03187394,CONNELLS LIMITED,active,ltd,"Cumbria House, 16-20 Hockliffe Street, Leighton Buzzard, Bedfordshire, United Kingdom, LU7 1GN"
LSL / LSL Property,Connells,2,15646230,CONNELLS CONSTRUCTION LTD,dissolved,ltd,"Flat 32 York Towers, 383 York Road, Leeds, England, LS9 6FB"
LSL / LSL Property,Connells,3,06382138,CONNELLS COURIERS LIMITED,dissolved,ltd,"C/O Bellshire Accountants, 23-27 Bolton Street, Chorley, PR7 3AA"
LSL / LSL Property,Connells,4,08624137,CONNELLS ESTATE AGENTS LIMITED,active,ltd,"Cumbria House, 16-20 Hockliffe Street, Leighton Buzzard, Bedfordshire, LU7 1HJ"
LSL / LSL Property,Savills,1,02122174,SAVILLS PLC,active,plc,"33 Margaret Street, London, United Kingdom, W1G 0JD"
LSL / LSL Property,Savills,2,06215875,SAVILLS ADVISORY SERVICES LIMITED,active,ltd,"33 Margaret Street, London, W1G 0JD"
LSL / LSL Property,Savills,3,05269583,SAVILLS ADVISORY SERVICES (L&P) LIMITED,dissolved,ltd,"C/O Bdo Llp, 5 Temple Square Temple Street, Liverpool, L2 5RH"
LSL / LSL Property,Savills,4,13200021,SAVILLS ASIA PACIFIC HOLDING LIMITED,active,ltd,"33 Margaret Street, London, United Kingdom, W1G 0JD"
LSL / LSL Property,The Property Franchise Group,1,08721920,THE PROPERTY FRANCHISE GROUP PLC,active,plc,"2 St. Stephen's Court, St. Stephen's Road, Bournemouth, Dorset, BH2 6LA"
LSL / LSL Property,The Property Franchise Group,2,09724369,MARTINCO LIMITED,dissolved,ltd,"2 St Stephen's Court, St Stephen's Road, Bournemouth, England, BH2 6LA"
LSL / LSL Property,The Property Franchise Group,3,14489434,THE GLOBAL FRANCHISE PROPERTY GROUP LTD,dissolved,ltd,"159 Crofton Road, Orpington, England, BR6 8JA"
LSL / LSL Property,The Property Franchise Group,4,11734746,NU: MOVE PROPERTY FRANCHISE GROUP LTD,dissolved,ltd,"Business & Technology Centre Shifnal Road, Priorslee, Telford, Shropshire, England, TF2 9NT"
LSL / LSL Property,Spicerhaart,1,SC605833,SPICERHAART LIMITED,active,ltd,"18 Castle Street, Port Bannatyne, Argyll & Bute, United Kingdom, PA20 0ND"
LSL / LSL Property,Spicerhaart,2,SC577465,SC577465 LIMITED,dissolved,ltd,"18 , Castle Street Castle Street, Port Bannatyne, Isle Of Bute, United Kingdom, PA20 0ND"
LSL / LSL Property,Spicerhaart,3,SC532501,SHMOVE LIMITED,dissolved,ltd,"Suite 3/ 1 21 Randolph Gate, Jordanhill, Glasgow, Scotland, G11 7DQ"
LSL / LSL Property,Spicerhaart,4,03094936,OKOTOKS LIMITED,dissolved,ltd,"Colwyn House, Sheepen Place, Colchester, Essex, CO3 3LD"
LSL / LSL Property,M Winkworth,1,01189557,M WINKWORTH PLC,active,plc,"Cannon Place, 78 Cannon Street, London, England, EC4N 6AF"
LSL / LSL Property,M Winkworth,2,02852052,WINKWORTH MACHINERY LIMITED,active,ltd,"Unit 2 Stroudley Road, Basingstoke, Hampshire, RG24 8FW"
LSL / LSL Property,M Winkworth,3,08646284,WINKWORTH MANAGEMENT LIMITED,active,ltd,"C/O Sherrards Solicitors, 1-3 Pemberton Row, London, England, EC4A 3BG"
LSL / LSL Property,M Winkworth,4,17220861,WINKWORTH MANUFACTURING LTD,active,ltd,"Oak Works, Oak Lane, Kingswinford, England, DY6 7JW"
LSL / LSL Property,Arun Estate Agencies,1,02597969,ARUN ESTATE AGENCIES LIMITED,active,ltd,"St Leonards House, North Street, Horsham, West Sussex, RH12 1RJ"
LSL / LSL Property,Arun Estate Agencies,2,16975881,ARUNAN ESTATES LTD,active,ltd,"105 The Fairway, Wembley, England, HA0 3TH"
LSL / LSL Property,Arun Estate Agencies,3,17135000,ARUNA RAJ REAL ESTATE LIMITED,active,ltd,"10 Armstrong Close, Northwich, Cheshire, England, CW8 1GN"
LSL / LSL Property,Arun Estate Agencies,4,16293412,ARUNASAI ESTATES LIMITED,active,ltd,"12 Groveland Way, New Malden, England, KT3 5BT"
LSL / LSL Property,Leaders Romans Group,1,09939099,THE LEADERS ROMANS GROUP LIMITED,active,ltd,"Building 1 Meadows Business Park, Blackwater, Camberley, United Kingdom, GU17 9AB"
LSL / LSL Property,Leaders Romans Group,2,09797397,THE LEADERS ROMANS BIDCO LIMITED,active,ltd,"Building 1 Meadows Business Park, Blackwater, Camberley, United Kingdom, GU17 9AB"
LSL / LSL Property,Leaders Romans Group,3,09939189,THE LEADERS ROMANS MIDCO LIMITED,active,ltd,"Building 1 Meadows Business Park, Blackwater, Camberley, United Kingdom, GU17 9AB"
LSL / LSL Property,Leaders Romans Group,4,09939213,THE LEADERS ROMANS MIDCO 2 LIMITED,active,ltd,"Building 1 Meadows Business Park, Blackwater, Camberley, United Kingdom, GU17 9AB"
SFR / Severfield,Severfield plc,1,01721262,SEVERFIELD PLC,active,plc,"Severs House Dalton Airfield Industrial Estate, Dalton, Thirsk, North Yorkshire, United Kingdom, YO7 3JN"
SFR / Severfield,Severfield plc,2,05660442,SEVROW LIMITED,dissolved,ltd,"Dalton Airfield Industrial, Estate Dalton, Thirsk, North Yorkshire, YO7 3JN"
SFR / Severfield,Severfield plc,3,02668795,SEVERFIELD COMMERCIAL & INDUSTRIAL LIMITED,active,ltd,"Severs House Dalton Airfield Industrial Estate, Dalton, Thirsk, North Yorkshire, YO7 3JN"
SFR / Severfield,Severfield plc,4,NI010328,SEVERFIELD COMMERCIAL & INDUSTRIAL (NI) LIMITED,active,ltd,"Fisher House, Main Street, Ballinamallard, County Fermanagh, BT94 2FY"
SFR / Severfield,William Hare Group,1,02616280,WILLIAM HARE GROUP LIMITED,active,ltd,"Brandlesholme House, Brandlesholme Road, Bury, Lancashire, BL8 1JJ"
SFR / Severfield,William Hare Group,2,00399212,WILLIAM HARE LIMITED,active,ltd,"Brandlesholme House, Brandlesholme Road, Bury, Lancashire, BL8 1JJ"
SFR / Severfield,William Hare Group,3,07385906,WILLIAM HARE PAINTING LIMITED,active,ltd,"Brandlesholme House, Brandlesholme Road, Bury, BL8 1JJ"
SFR / Severfield,William Hare Group,4,09331043,WILLIAM HARE ROTHERHAM LIMITED,active,ltd,"Brandlesholme House, Brandlesholme Road, Bury, Lancashire, BL8 1JJ"
SFR / Severfield,Billington Holdings,1,02402219,BILLINGTON HOLDINGS PLC,active,plc,"Barnsley Road, Wombwell, Barnsley, S73 8DS"
SFR / Severfield,Billington Holdings,2,06575852,PETER MARSHALL STEEL STAIRS LIMITED,active,ltd,"Barnsley Road, Wombwell, Barnsley, South Yorkshire, S73 8DS"
SFR / Severfield,Billington Holdings,3,06545617,BILLINGTON FLEET MANAGEMENT LIMITED,active,ltd,"Barnsley Road, Wombwell, Barnsley, South Yorkshire, S73 8DS"
SFR / Severfield,Billington Holdings,4,00338481,BILLINGTON AGRICULTURE HOLDINGS LIMITED,active,ltd,"Suites 12a2 And 12c1 12th Floor, The Plaza, 100 Old Hall Street, Liverpool, England, L3 9QJ"
SFR / Severfield,Caunton Engineering,1,00968729,CAUNTON ENGINEERING LIMITED,active,ltd,"Caunton House 2 Coombe Road Moorgreen Industrial Park, Nottingham, Nottinghamshire, England, NG16 3SU"
SFR / Severfield,Caunton Engineering,2,13998159,CAUNTON LTD,dissolved,ltd,"Unit 6 Bordesley Hall, Farm Barns Storage Lane, Alverchurch, United Kingdom, B48 7ES"
SFR / Severfield,Caunton Engineering,3,06437322,CAUNTON ACCESS LIMITED,active,ltd,"Unit 14 Arromax Buildings Langwith Road, Langwith Junction, Shirebrook, Nottinghamshire, England, NG20 9RN"
SFR / Severfield,Caunton Engineering,4,08851977,CAUNTON ACCESS HIRE LIMITED,dissolved,ltd,"Unit 18 Langwith Road, Langwith Junction, Mansfield, Notts, England, NG20 9RN"
SFR / Severfield,BHC Limited,1,NI029649,B.H.C. LIMITED,active,ltd,"6 East Bridge Street, Enniskillen, County Fermanagh, BT74 7BT"
SFR / Severfield,BHC Limited,2,09138249,BHC ACCESS LTD,active,ltd,"149 Accrington Rd, Burnley, BB11 5AL"
SFR / Severfield,BHC Limited,3,12251342,BHC ACCOUNTING LIMITED,active,ltd,"Office 6 251-255 Church Road, Benfleet, Essex, England, SS7 4QP"
SFR / Severfield,BHC Limited,4,16549057,BHC CARE GROUP MD LTD,active,ltd,"Office 24 Rosehill Business Centre, Normanton Road, Derby, England, DE23 6RH"
SFR / Severfield,Bourne Group,1,09197897,B.46 TRUSTEES LTD.,active,ltd,"St Clements House St Clements Road, Parkstone, Poole, Dorset, BH12 4GP"
SFR / Severfield,Bourne Group,2,04871053,BOURNE GROUP LIMITED,dissolved,ltd,"Bourne House, Sandy Lane, Romsey, Hampshire, SO51 0PD"
SFR / Severfield,Bourne Group,3,00412198,BOURNE GROUP LTD.,active,ltd,"St Clements House, St Clements Road, Parkstone, Poole Dorset, BH12 4GP"
SFR / Severfield,Bourne Group,4,10817456,BOURNE GROUP CONSULTING LTD.,active,ltd,"Newfrith House, 21 Hyde Street, Winchester, United Kingdom, SO23 7DR"
SFR / Severfield,EvadX,1,01791754,EVADX LIMITED,active,ltd,"Unit 9 Tir Llwyd Enterprise Park, Kinmel Bay, Clwyd, LL18 5JZ"
GYM / The Gym Group,The Gym Group plc,1,08528493,THE GYM GROUP PLC,active,plc,"2nd Floor, Arding & Hobbs, 7 St. John's Road, London, United Kingdom, SW11 1QN"
GYM / The Gym Group,The Gym Group plc,2,08530765,THE GYM GROUP OPERATIONS LIMITED,active,ltd,"2nd Floor, Arding & Hobbs, 7 St. John's Road, London, United Kingdom, SW11 1QN"
GYM / The Gym Group,The Gym Group plc,3,08530529,THE GYM GROUP MIDCO1 LIMITED,active,ltd,"2nd Floor, Arding & Hobbs, 7 St. John's Road, London, United Kingdom, SW11 1QN"
GYM / The Gym Group,The Gym Group plc,4,08530623,THE GYM GROUP MIDCO2 LIMITED,active,ltd,"2nd Floor, Arding & Hobbs, 7 St. John's Road, London, United Kingdom, SW11 1QN"
GYM / The Gym Group,Pure Gym,1,06690189,PURE GYM LIMITED,active,ltd,"Town Centre House, Merrion Centre, Leeds, LS2 8LY"
GYM / The Gym Group,Pure Gym,2,08238001,PURE GYM (DUDLEY) LIMITED,active,ltd,"C/O Pure Gym Limited, Town Centre House, Merrion Centre, Leeds, United Kingdom, LS2 8LY"
GYM / The Gym Group,Pure Gym,3,09142371,PURE GYM FITNESS EQUIPMENT LTD,active,ltd,"Unit 50 - Weights Farm, Weights Lane, Redditch, England, B97 6RG"
GYM / The Gym Group,Pure Gym,4,16294796,PURE GYMNASTICS LTD,active,ltd,"17 Pendre Avenue, Prestatyn, Wales, LL19 9SH"
GYM / The Gym Group,JD Gyms,1,09916569,JD GYMS LIMITED,dissolved,ltd,"Bank House Studios Office 3 Warwick Street, Prestwich, Manchester, Lancashire, England, M25 3HN"
GYM / The Gym Group,JD Gyms,2,08770057,JD SPORTS GYMS LIMITED,active,ltd,"Edinburgh House Hollinsbrook Way, Pilsworth, Bury, Lancashire, BL9 8RR"
GYM / The Gym Group,JD Gyms,3,07409928,JD SPORTS GYMS ACQUISITIONS LIMITED,active,ltd,"Edinburgh House Hollinsbrook Way, Pilsworth, Bury, England, England, BL9 8RR"
GYM / The Gym Group,JD Gyms,4,08297666,JD GYM SERVICES LIMITED,dissolved,ltd,"37 Crow Trees Road, Sabden, Clitheroe, Lancashire, BB7 9HE"
GYM / The Gym Group,Anytime Fitness,1,SC339149,ORIGIN FITNESS LIMITED,active,ltd,"Alexandra House 21 Cliftonhall Road, Newbridge, Edinburgh, EH28 8PW"
GYM / The Gym Group,Anytime Fitness,2,07950229,ANYTIME FITNESS UK LTD,active,ltd,"Fosse Bridge House, Halford, Warwickshire, United Kingdom, CV36 5BN"
GYM / The Gym Group,Anytime Fitness,3,10107647,ANYTIME FITNESS 247 LTD,dissolved,ltd,"184 Hatfield Road Hatfield Road, St. Albans, England, AL1 4JG"
GYM / The Gym Group,Anytime Fitness,4,09323722,ANYTIME FITNESS LONDON LIMITED,dissolved,ltd,"4 Cowcross Street, London, England, EC1M 6DR"
GYM / The Gym Group,Energie Fitness,1,12659023,ENERGIE FITNESS FRANCHISING (UK) LIMITED,active,ltd,"Aurora House, Deltic Avenue, Rooksley, Milton Keynes, England, MK13 8LW"
GYM / The Gym Group,Energie Fitness,2,11278235,SWEAT FITNESS LIMITED,dissolved,ltd,"Tugby Orchards, Wood Lane, Tugby, Leicestershire, LE7 9WE"
GYM / The Gym Group,Energie Fitness,3,08511875,ENERGIE FITNESS PLAYGOLF COLCHESTER LIMITED,dissolved,ltd,"Suite 16 Exhibition House, Addison Bridge Place Kensington, London, W14 8XP"
GYM / The Gym Group,Energie Fitness,4,06391606,FITNESS DIRECT FRANCHISING LIMITED,dissolved,ltd,"2nd Floor 110 Cannon Street, London, EC4N 6EU"
GYM / The Gym Group,Snap Fitness,1,09451631,SNAP FITNESS LIMITED,dissolved,ltd,"3 Rushy House, Harmans Water Road, Bracknell, Berkshire, England, RG12 9LU"
GYM / The Gym Group,Snap Fitness,2,07027212,LIFT BRANDS UK LIMITED,active,ltd,"5 Bath Street, Ground Floor And Lower Ground Floor, London, England, EC1V 9LB"
GYM / The Gym Group,Snap Fitness,3,09093686,ABAIGAEL SNAPE LTD,active,ltd,"Sunnyside Main Road, Betley, Crewe, England, CW3 9AA"
GYM / The Gym Group,Snap Fitness,4,15706761,AH SNAP PHOTOBOOTH LTD,active,ltd,"128 City Road, London, United Kingdom, EC1V 2NX"
GYM / The Gym Group,David Lloyd Leisure,1,01516226,DAVID LLOYD LEISURE LIMITED,active,ltd,"The Hangar Mosquito Way, Hatfield Business Park, Hatfield, Hertfordshire, AL10 9AX"
GYM / The Gym Group,David Lloyd Leisure,2,06704885,DAVID LLOYD LEISURE DEVELOPMENT SITES LIMITED,active,ltd,"The Hangar Mosquito Way, Hatfield Business Park, Hatfield, Hertfordshire, AL10 9AX"
GYM / The Gym Group,David Lloyd Leisure,3,07278805,DAVID LLOYD LEISURE FARNHAM LIMITED,active,ltd,"The Hangar Mosquito Way, Hatfield Business Park, Hatfield, Hertfordshire, AL10 9AX"
GYM / The Gym Group,David Lloyd Leisure,4,09751882,DAVID LLOYD LEISURE GR LIMITED,active,ltd,"The Hangar Hatfield Business Park, Mosquito Way, Hatfield, Hertfordshire, United Kingdom, AL10 9AX"
GYM / The Gym Group,Nuffield Health,1,00576970,NUFFIELD HEALTH,active,private-limited-guarant-nsc-limited-exemption,"Epsom Gateway, Ashley Avenue, Epsom, Surrey, KT18 5AL"
GYM / The Gym Group,Nuffield Health,2,01279419,NUFFIELD HEALTH CARE LIMITED,active,ltd,"Epsom Gateway, Ashley Avenue, Epsom, Surrey, KT18 5AL"
GYM / The Gym Group,Nuffield Health,3,03489051,NUFFIELD HEALTH DAY NURSERIES LIMITED,active,ltd,"Epsom Gateway, Ashley Avenue, Epsom, Surrey, KT18 5AL"
GYM / The Gym Group,Nuffield Health,4,SC525658,NUFFIELD HEALTH (GENERAL PARTNER) LIMITED,active,ltd,"Nuffield Health, Beaconsfield Road, Glasgow, Scotland, G12 0PJ"
GYM / The Gym Group,Bannatyne,1,02809756,JUST LEARNING LTD.,active,ltd,"Busy Bees At St Mathews, Shaftesbury Drive, Burntwood, Staffordshire, WS7 9QP"
GYM / The Gym Group,Bannatyne,2,SC197151,BANNATYNE LTD.,active,ltd,"29 Burnhouse Drive, Whitburn, Bathgate, West Lothian, EH47 0NX"
GYM / The Gym Group,Bannatyne,3,14720571,BANNATYNE BRAND MANAGEMENT (HOLDINGS) LIMITED,active,ltd,"Power House, Haughton Road, Darlington, Co. Durham, United Kingdom, DL1 1ST"
GYM / The Gym Group,Bannatyne,4,16023086,BANNATYNE CONSULTING LTD,active,ltd,"Stanbrook Cottage, Abbotsbrook, Bourne End, England, SL8 5QS"
DFS / DFS Furniture,DFS Furniture plc,1,07236769,DFS FURNITURE PLC,active,plc,"1 Rockingham Way Redhouse Interchange, Adwick-Le-Street, Doncaster, South Yorkshire, DN6 7NA"
DFS / DFS Furniture,DFS Furniture plc,2,00972107,DFS FURNITURE COMPANY LIMITED,active,ltd,"1 Rockingham Way, Redhouse Interchange, Adwick Le Street Doncaster, South Yorkshire, DN6 7NA"
DFS / DFS Furniture,DFS Furniture plc,3,07218977,DFS FURNITURE HOLDINGS PLC,active,plc,"1 Rockingham Way Redhouse Interchange, Adwick Le Street, Doncaster, South Yorkshire, DN6 7NA"
DFS / DFS Furniture,DFS Furniture plc,4,07384089,DFS FURNITURE ONLINE LTD,active,ltd,"Tempestates 1 Queens Place, Morley, Leeds, England, LS27 8HG"
DFS / DFS Furniture,ScS Group,1,03263435,SCS GROUP LIMITED,active,ltd,"A SHARE & SONS LIMITED, 45-49 Villiers Street, Sunderland, SR1 1HA"
DFS / DFS Furniture,ScS Group,2,11552376,SCS GROUP HOLDINGS LIMITED,active,ltd,"Newmarket House, Aberford Road, Wakefield, West Yorkshire, England, WF3 4AL"
DFS / DFS Furniture,ScS Group,3,16473609,JB SCS GROUP LIMITED,active,ltd,"57 Bunting Road, Northampton, England, NN2 6EE"
DFS / DFS Furniture,ScS Group,4,14743895,SCS CONCEPT GROUP UK LTD,active,ltd,"2 Cricklade Court, Old Town, Swindon, Wiltshire, SN1 3EY"
DFS / DFS Furniture,Furniture Village,1,02307708,FURNITURE VILLAGE LIMITED,active,ltd,"258 Bath Road, Slough, Berkshire, SL1 4DX"
DFS / DFS Furniture,Furniture Village,2,04317404,FURNITURE VILLAGE GROUP LIMITED,active,ltd,"258 Bath Road, Slough, Berkshire, SL1 4DX"
DFS / DFS Furniture,Furniture Village,3,06230216,FURNITURE VILLAGE HOLDINGS LIMITED,active,ltd,"258 Bath Road, Slough, Berkshire, SL1 4DX"
DFS / DFS Furniture,Furniture Village,4,16522917,FURNITURE VILLAGE V LTD,active,ltd,"29-30 Victoria Street, Wolverhampton, England, WV1 3PW"
DFS / DFS Furniture,Oak Furnitureland,1,10685441,OAK FURNITURELAND LTD,dissolved,ltd,"52 Moorgate Crofts Business Centre, South Grove, Rotherham, England, S60 2DH"
DFS / DFS Furniture,Oak Furnitureland,2,12645185,OAK FURNITURELAND GROUP LIMITED,active,ltd,"Unit Dc2 Viscount Way, South Marston Industrial Estate, Swindon, Wiltshire, England, SN3 4TN"
DFS / DFS Furniture,Oak Furnitureland,3,12642149,OAK FURNITURELAND HOLDINGS LIMITED,active,ltd,"Unit Dc2 Viscount Way, South Marston Industrial Estate, Swindon, Wiltshire, England, SN3 4TN"
DFS / DFS Furniture,Oak Furnitureland,4,13934717,FURNITURELAND LIMITED,active,ltd,"258 Bath Road, C/O Furniture Village Limited, Slough, Berkshire, England, SL1 4DX"
DFS / DFS Furniture,Dreams Limited,1,08428347,DREAMS LIMITED,active,ltd,"14 Knaves Beech Business Centre Davies Way, Loudwater, High Wycombe, Buckinghamshire, England, HP10 9YU"
DFS / DFS Furniture,Dreams Limited,2,02189427,NIGHT REALISATIONS PLC,dissolved,plc,"1 More London Place, London, SE1 2AF"
DFS / DFS Furniture,Dreams Limited,3,17139898,A LITTLE PEACE OF DEVON LTD,active,ltd,"61 Bridge Street, Kington, England, HR5 3DJ"
DFS / DFS Furniture,Dreams Limited,4,10814276,DPR-MGMT LTD,active,ltd,"27 Old Gloucester Street, London, England, WC1N 3AX"
DFS / DFS Furniture,Wren Kitchens,1,06799478,WREN KITCHENS LIMITED,active,ltd,"The Nest, Falkland Way, Barton-Upon-Humber, England, DN18 5RL"
DFS / DFS Furniture,Wren Kitchens,2,08655265,WREN LIVING LIMITED,active,ltd,"The Nest, Falkland Way, Barton-Upon-Humber, England, DN18 5RL"
DFS / DFS Furniture,Wren Kitchens,3,08611187,WREN KITCHENS AND BEDROOMS LIMITED,active,ltd,"The Nest, Falkland Way, Barton-Upon-Humber, England, DN18 5RL"
DFS / DFS Furniture,Wren Kitchens,4,12087466,WREN KITCHENS US HOLDINGS LIMITED,active,ltd,"The Nest, Falkland Way, Barton-Upon-Humber, United Kingdom, DN18 5RL"
DFS / DFS Furniture,Dunelm,1,05045977,DUNELM LIMITED,active,ltd,"Dunelm Store Support Centre Watermead Business Park, Syston, Leicester, Le7 1ad, LE7 1AD"
DFS / DFS Furniture,Dunelm,2,09482318,DUNELM ACCOUNTANTS LIMITED,active,ltd,"Rosemary House Lanwades Business Park, Kentford, Newmarket, United Kingdom, CB8 7PN"
DFS / DFS Furniture,Dunelm,3,08370714,DUNELM ADVISORS LTD,active,ltd,"3 Front Street, Hetton-Le-Hole, Houghton Le Spring, England, DH5 9PF"
DFS / DFS Furniture,Dunelm,4,06270490,DUNELM AIRCON LTD,active,ltd,"33 Watercress Close, Hartlepool, Cleveland, TS26 0QY"
DFS / DFS Furniture,IKEA,1,01986283,IKEA LIMITED,active,ltd,"1 Bow Churchyard, London, United Kingdom, EC4M 9DQ"
DFS / DFS Furniture,IKEA,2,03568682,IKEA DISTRIBUTION SERVICES LIMITED,active,ltd,"1 Bow Churchyard, London, United Kingdom, EC4M 9DQ"
DFS / DFS Furniture,IKEA,3,03026333,IKEA PROPERTIES INVESTMENTS LIMITED,active,ltd,"1 Bow Churchyard, London, United Kingdom, EC4M 9DQ"
DFS / DFS Furniture,IKEA,4,15474889,15474889 LTD,dissolved,ltd,"Commer House, Station Road, Tadcaster, North Yorkshire, England, LS24 9JF"
VP & SDY / Equipment hire,Vp plc,1,00481833,VP PLC,active,plc,"Central House, Beckwith Knowle Otley Road, Harrogate, North Yorkshire, HG3 1UD"
VP & SDY / Equipment hire,Vp plc,2,16578441,PEAKE GROUP LTD,active,ltd,"195 Amesbury Avenue, London, England, SW2 3BJ"
VP & SDY / Equipment hire,Vp plc,3,16401151,VERTEX HOLDINGS GROUP LTD,active,ltd,"38 Salerno Crescent, Colchester, Essex, England, CO2 9JQ"
VP & SDY / Equipment hire,Vp plc,4,17021189,VP ADVISORY LIMITED,active,ltd,"4 Camden Terrace, Bristol, England, BS8 4PU"
VP & SDY / Equipment hire,Speedy Hire,1,00927680,SPEEDY HIRE PLC,active,plc,"Chase House, 16 The Parks, Newton Le Willows, Merseyside, WA12 0JQ"
VP & SDY / Equipment hire,Speedy Hire,2,04061244,SPEEDY HIRE CENTRES (NORTHERN) LIMITED,dissolved,ltd,"Chase House 16 The Parks Newton Le Willows, Merseyside, WA12 0JQ"
VP & SDY / Equipment hire,Speedy Hire,3,06207105,SPEEDY HIRE CENTRES LIMITED,active,ltd,"Chase House, 16 The Parks, Newton Le Willows, Merseyside, WA12 0JQ"
VP & SDY / Equipment hire,Speedy Hire,4,01048492,SPEEDY HIRE CENTRES (MIDLANDS) LIMITED,active,ltd,"Chase House 16 The Parks, Newton Le Willows, Merseyside, WA12 0JQ"
VP & SDY / Equipment hire,GAP Group,1,00198823,GAP GROUP LIMITED,active,ltd,"Gap Group Blenheim Place, Dunston Industrial Estate, Gateshead, Tyne And Wear, NE11 9HF"
VP & SDY / Equipment hire,GAP Group,2,SC119577,HENDERSON PLANT LIMITED,dissolved,ltd,"C/O Gap Group Ltd, Carrick House, Carrick Street, Glasgow, G2 8JP"
VP & SDY / Equipment hire,GAP Group,3,11267883,GAP GROUP INTERNATIONAL LIMITED,active,ltd,"Ava House 1 Hill Court, Aurillac Way, Hallcroft Industrial Estate, Retford, United Kingdom, DN22 7PX"
VP & SDY / Equipment hire,GAP Group,4,07982562,GAP GROUP LEASING LIMITED,active,ltd,"Gap Group Blenheim Place, Dunston Industrial Estate, Gateshead, Tyne And Wear, NE11 9HF"
VP & SDY / Equipment hire,HSS Hire,1,04889012,HSS HIRE LIMITED,active,ltd,"Unit 1 Haslemere Industrial Estate, Silver Jubilee Way, Cranford, Heathrow, United Kingdom, TW4 6NF"
VP & SDY / Equipment hire,HSS Hire,2,16757430,HSS HIRE GROUP LIMITED,active,ltd,"Unit 2 Think Park Mosley Road, Trafford Park, Manchester, England, M17 1FQ"
VP & SDY / Equipment hire,HSS Hire,3,09378067,PROSERVICE BUILDING SERVICES MARKETPLACE PLC,active,plc,"Building 2, Think Park, Mosley Road, Manchester, England, M17 1FQ"
VP & SDY / Equipment hire,HSS Hire,4,04977875,THSC FINANCE LIMITED,active,ltd,"Unit 1 Haslemere Industrial Estate, Silver Jubilee Way, Cranford, Heathrow, United Kingdom, TW4 6NF"
VP & SDY / Equipment hire,Nationwide Platforms,1,02268921,NATIONWIDE PLATFORMS LIMITED,active,ltd,"15 Midland Court Central Park, Lutterworth, Leicestershire, LE17 4PN"
VP & SDY / Equipment hire,Nationwide Platforms,2,13946597,A&I ACCESS PLATFORMS LTD,active,ltd,"3 Furnace Grove, Bradford, England, BD12 7BN"
VP & SDY / Equipment hire,Nationwide Platforms,3,12406992,A & J AERIAL PLATFORMS LIMITED,active,ltd,"Orchard Barns Stapleton, Dorrington, Shrewsbury, Shropshire, United Kingdom, SY5 7EJ"
VP & SDY / Equipment hire,Nationwide Platforms,4,16200213,A.A PRO PLATFORMS LTD,active,ltd,"54 Forest Road, London, England, E17 6JR"
VP & SDY / Equipment hire,Sunbelt Rentals,1,00444569,SUNBELT RENTALS LIMITED,active,ltd,"100 Cheapside, London, England, EC2V 6DT"
VP & SDY / Equipment hire,Sunbelt Rentals,2,12431937,ASHTEAD PLANT HIRE COMPANY LIMITED,active,ltd,"100 Cheapside, London, United Kingdom, EC2V 6DT"
VP & SDY / Equipment hire,Sunbelt Rentals,3,17247769,SUNBELT RENTALS UK HOLDINGS LIMITED,active,ltd,"100 Cheapside, London, United Kingdom, EC2V 6DT"
VP & SDY / Equipment hire,Sunbelt Rentals,4,08590447,CREWE PLANT HIRE LIMITED,active,ltd,"Chase House, 16 The Parks, Newton-Le-Willows, Merseyside, WA12 0JQ"
VP & SDY / Equipment hire,Ardent Hire Solutions,1,03987596,ARDENT HIRE SOLUTIONS LIMITED,active,ltd,"Ardent Hire Solutions Ltd Baron Way, Chawston, Bedfordshire, United Kingdom, MK44 3BE"
VP & SDY / Equipment hire,Ardent Hire Solutions,2,09998456,ONE CALL HIRE LIMITED,active,ltd,"Ardent Hire Solutions Ltd Baron Way, Chawston, Bedfordshire, United Kingdom, MK44 3BE"
VP & SDY / Equipment hire,Ardent Hire Solutions,3,13226436,ARDENT BUILDING SOLUTIONS LTD,dissolved,ltd,"The Barn, Musgrave Farm, Horningsea Road,, Fen Ditton,, Cambridge,, United Kingdom, CB5 8SZ"
VP & SDY / Equipment hire,Ardent Hire Solutions,4,08791592,ARDENT CONSULTING SOLUTIONS LIMITED,active,ltd,"Bellarmine House, 14 Upper Church Street, Chepstow, Monmouthshire, United Kingdom, NP16 5EX"
VP & SDY / Equipment hire,Boels Rental,1,03542206,BOELS RENTAL LIMITED,active,ltd,"Unit A8 Riverview, Embankment Business Park Heaton Mersey, Stockport, Greater Manchester, SK4 3GN"
VP & SDY / Equipment hire,Boels Rental,2,15403498,BOELS LTD,active,ltd,"111 Ainsdale Road, Bolton, England, BL3 3ER"
VP & SDY / Equipment hire,Boels Rental,3,09515600,BOELSTLER HOLDING LIMITED,dissolved,ltd,"Stron Legal, The Clubhouse St James, 8 St James's Square, St James's, London, United Kingdom, SW1Y 4JU"
VP & SDY / Equipment hire,Boels Rental,4,09389539,BOELSTLER LIMITED,dissolved,ltd,"Stron Legal, The Clubhouse St James, 8 St James's Square, St James's, London, United Kingdom, SW1Y 4JU"
GLE & CRST / Housebuilders,MJ Gleeson,1,09268016,MJ GLEESON PLC,active,plc,"6 Europa Court, Sheffield Business Park, Sheffield, United Kingdom, S9 1XE"
GLE & CRST / Housebuilders,MJ Gleeson,2,00479529,M J GLEESON GROUP LIMITED,active,ltd,"6 Europa Court, Sheffield Business Park, Sheffield, S9 1XE"
GLE & CRST / Housebuilders,MJ Gleeson,3,00955626,M J GLEESON (INTERNATIONAL) LIMITED,active,ltd,"6 Europa Court, Sheffield Business Park, Sheffield, S9 1XE"
GLE & CRST / Housebuilders,MJ Gleeson,4,00885296,M J GLEESON (PAYROLL SERVICES) LIMITED,dissolved,ltd,"Integration House, Rye Close Ancells Business Park, Fleet, Hampshire, GU51 2QG"
GLE & CRST / Housebuilders,Crest Nicholson,1,01040616,CREST NICHOLSON PLC,active,plc,"500 Dashwood Lang Road, Bourne Business Park, Addlestone, Surrey, United Kingdom, KT15 2HJ"
GLE & CRST / Housebuilders,Crest Nicholson,2,05235961,CREST NICHOLSON (BATH) HOLDINGS LIMITED,active,ltd,"500 Dashwood Lang Road, Bourne Business Park, Addlestone, Surrey, United Kingdom, KT15 2HJ"
GLE & CRST / Housebuilders,Crest Nicholson,3,OC317320,CREST NICHOLSON BIOREGIONAL QUINTAIN LIMITED LIABILITY PARTNERSHIP,active,llp,"500 Dashwood Lang Road, Bourne Business Park, Addlestone, Surrey, United Kingdom, KT15 2HJ"
GLE & CRST / Housebuilders,Crest Nicholson,4,01406599,CREST NICHOLSON (CHILTERN) LIMITED,active,ltd,"500 Dashwood Lang Road, Bourne Business Park, Addlestone, Surrey, United Kingdom, KT15 2HJ"
GLE & CRST / Housebuilders,Persimmon,1,01818486,PERSIMMON PUBLIC LIMITED COMPANY,active,plc,"Persimmon House, Fulford, York, YO19 4FE"
GLE & CRST / Housebuilders,Persimmon,2,08798663,PERSIMMON & POMEGRANATE LTD,active,ltd,"7 Bell Yard, London, England, WC2A 2JR"
GLE & CRST / Housebuilders,Persimmon,3,SC875824,PERSIMMON APPAREL LIMITED,active,ltd,"Suite 212, Claymore House 145 Kilmarnock Road, Glasgow, Scotland, G41 3JA"
GLE & CRST / Housebuilders,Persimmon,4,09497664,PERSIMMON BRICKWORKS LIMITED,active,ltd,"Persimmon House, Fulford, York, United Kingdom, YO19 4FE"
GLE & CRST / Housebuilders,Barratt Redrow,1,00604574,BARRATT REDROW PLC,active,plc,"Barratt House Cartwright Way, Forest Business Park, Bardon Hill, Coalville, Leicestershire, LE67 1UF"
GLE & CRST / Housebuilders,Barratt Redrow,2,15470952,BARRATT REDROW HOLDINGS LIMITED,active,ltd,"Barratt House Cartwright Way, Forest Business Park, Bardon Hill, Coalville, Leicestershire, United Kingdom, LE67 1UF"
GLE & CRST / Housebuilders,Barratt Redrow,3,CE021056,The Barratt Redrow Foundation,,charitable-incorporated-organisation,
GLE & CRST / Housebuilders,Barratt Redrow,4,OC455855,PLACES FOR PEOPLE BARRATT REDROW (GILSTON) LLP,active,llp,"Barratt House Cartwright Way Forest Business Park, Bardon Hill, Coalville, Leicestershire, England, LE67 1UF"
GLE & CRST / Housebuilders,Taylor Wimpey,1,00296805,TAYLOR WIMPEY PLC,active,plc,"Gate House, Turnpike Road, High Wycombe, Buckinghamshire, United Kingdom, HP12 3NR"
GLE & CRST / Housebuilders,Taylor Wimpey,2,02331083,TAYLOR WIMPEY CAPITAL DEVELOPMENTS LIMITED,active,ltd,"Gate House, Turnpike Road, High Wycombe, Buckinghamshire, HP12 3NR"
GLE & CRST / Housebuilders,Taylor Wimpey,3,00902809,TAYLOR WIMPEY COMMERCIAL PROPERTIES LIMITED,active,ltd,"Gate House, Turnpike Road, High Wycombe, Buckinghamshire, HP12 3NR"
GLE & CRST / Housebuilders,Taylor Wimpey,4,00643420,TAYLOR WIMPEY DEVELOPMENTS LIMITED,active,ltd,"Gate House, Turnpike Road, High Wycombe, Buckinghamshire, HP12 3NR"
GLE & CRST / Housebuilders,Bellway,1,01372603,BELLWAY P L C,active,plc,"Woolsington House, Woolsington, Newcastle Upon Tyne, England, NE13 8BF"
GLE & CRST / Housebuilders,Bellway,2,14766964,BELLWAY AT ROSEWOOD MANAGEMENT COMPANY LIMITED,active,private-limited-guarant-nsc,"Fisher House, 84 Fisherton Street, Salisbury, England, SP2 7QY"
GLE & CRST / Housebuilders,Bellway,3,00416611,BELLWAY (BUILDERS) LIMITED,active,ltd,"Woolsington House, Woolsington, Newcastle Upon Tyne, England, NE13 8BF"
GLE & CRST / Housebuilders,Bellway,4,05533128,BELLWAY CLOSE MANAGEMENT COMPANY LIMITED,active,private-limited-guarant-nsc,"Unit 18 Enterprise Centre East Northants Michael Way Warth Park, Raunds, Wellingborough, Northamptonshire, United Kingdom, NN9 6GR"
GLE & CRST / Housebuilders,Vistry Group,1,00306718,VISTRY GROUP PLC,active,plc,"11 Tower View, Kings Hill, West Malling, United Kingdom, ME19 4UY"
GLE & CRST / Housebuilders,Vistry Group,2,00979679,BOVIS HOMES LIMITED,active,ltd,"11 Tower View, Kings Hill, West Malling, United Kingdom, ME19 4UY"
GLE & CRST / Housebuilders,Vistry Group,3,16341109,BORDON PHASE 4 (VISTRY GROUP) ESTATE MANAGEMENT LIMITED,active,private-limited-guarant-nsc,"Vantage Point, 23 Mark Road, Hemel Hempstead, United Kingdom, HP2 7DN"
GLE & CRST / Housebuilders,Vistry Group,4,14028481,CHURCH CROOKHAM (VISTRY) MANAGEMENT COMPANY LIMITED,active,private-limited-guarant-nsc,"11 Tower View, Kings Hill, West Malling, Kent, United Kingdom, ME19 4UY"
GLE & CRST / Housebuilders,Berkeley Group,1,01454064,BERKELEY GROUP PLC(THE),active,plc,"Berkeley House, 19 Portsmouth Road, Cobham, Surrey, KT11 1JG"
GLE & CRST / Housebuilders,Berkeley Group,2,15279540,BERKELEY GROUP INVESTMENTS LTD,active,ltd,"20 Wenlock Road, London, England, N1 7GU"
GLE & CRST / Housebuilders,Berkeley Group,3,03331217,BERKELEY GROUP PENSION TRUSTEES LIMITED,active,ltd,"Berkeley House, 19 Portsmouth Road Cobham, Surrey, KT11 1JG"
GLE & CRST / Housebuilders,Berkeley Group,4,04310442,BERKELEY GROUP SERVICES LIMITED,active,ltd,"Berkeley House, 19 Portsmouth Road, Cobham, Surrey, KT11 1JG"
GLE & CRST / Housebuilders,Miller Homes,1,SC255429,MILLER HOMES LIMITED,active,ltd,"Miller House, 2 Lochside View, Edinburgh Park, Edinburgh, EH12 9DH"
GLE & CRST / Housebuilders,Miller Homes,2,SC046907,MILLER HOMES TWO LIMITED,dissolved,ltd,"Miller House, 2 Lochside View, Edinburgh Park, Edinburgh, EH12 9DH"
GLE & CRST / Housebuilders,Miller Homes,3,15286355,MILLER HOMES & INVESTMENTS LTD,dissolved,ltd,"15 Hauteyn Court, Norwich, England, NR3 2RQ"
GLE & CRST / Housebuilders,Miller Homes,4,03647653,MILLER HOMES CAMBRIDGE LIMITED,active,ltd,"2 Centro Place, Pride Park, Derby, Derbyshire, DE24 8RF"
GLE & CRST / Housebuilders,Keepmoat Homes,1,02207338,KEEPMOAT HOMES LIMITED,active,ltd,"Keepmoat The Waterfront, Lakeside Boulevard, Doncaster, South Yorkshire, DN4 5PL"
GLE & CRST / Housebuilders,Keepmoat Homes,2,01998780,KEEPMOAT LIMITED,active,ltd,"Keepmoat The Waterfront, Lakeside Boulevard, Doncaster, South Yorkshire, DN4 5PL"
GLE & CRST / Housebuilders,Keepmoat Homes,3,00994353,KEEPMOAT PROPERTY LIMITED,active,ltd,"Keepmoat Limited The Waterfront, Lakeside Boulevard, Doncaster, South Yorkshire, DN4 5PL"
GLE & CRST / Housebuilders,Keepmoat Homes,4,01833164,KEEPMOAT SITE SERVICES LIMITED,active,ltd,"Keepmoat The Waterfront, Lakeside Boulevard, Doncaster, South Yorkshire, DN4 5PL"
GLE & CRST / Housebuilders,Avant Homes,1,03215228,AVANT HOMES LIMITED,active,ltd,"Avant House 6 And 9 Tallys End, Barlborough, Chesterfield, United Kingdom, S43 4WP"
GLE & CRST / Housebuilders,Avant Homes,2,06987861,AVANT HOMES (NO.2) LIMITED,active,ltd,"Avant House 6 And 9 Tallys End, Barlborough, Chesterfield, United Kingdom, S43 4WP"
GLE & CRST / Housebuilders,Avant Homes,3,02443898,AVANT HOMES (CENTRAL) LIMITED,active,ltd,"Avant House 6 And 9 Tallys End, Barlborough, Chesterfield, United Kingdom, S43 4WP"
GLE & CRST / Housebuilders,Avant Homes,4,01043597,AVANT HOMES (ENGLAND) LIMITED,active,ltd,"Avant House 6 And 9 Tallys End, Barlborough, Chesterfield, United Kingdom, S43 4WP"
GLE & CRST / Housebuilders,Bloor Homes,1,02162561,BLOOR HOMES LIMITED,active,ltd,"Ashby Road, Measham, Swadlincote, Derbyshire, DE12 7JP"
GLE & CRST / Housebuilders,Bloor Homes,2,02255765,J.S. BLOOR (NEWBURY) LIMITED,active,ltd,"Ashby Road, Measham, Swadlincote, Derbyshire,, DE12 7JP"
GLE & CRST / Housebuilders,Bloor Homes,3,09122006,MARTLESHAM (BLOOR HOMES) MANAGEMENT COMPANY LIMITED,active,ltd,"Queensway House, 11 Queensway, New Milton, Hampshire, England, BH25 5NR"
GLE & CRST / Housebuilders,Bloor Homes,4,11006523,STANDISH (BLOOR HOMES) MANAGEMENT COMPANY LIMITED,active,private-limited-guarant-nsc,"Ashby Road, Measham, Swadlincote, Derbyshire, United Kingdom, DE12 7JP"
GLE & CRST / Housebuilders,Hill Group,1,12714205,HILL GROUP COMMERCIAL SERVICES LIMITED,active,ltd,"Unit 3 Shackleton Way, Stafford, Staffordshire, England, ST16 1GY"
GLE & CRST / Housebuilders,Hill Group,2,12714178,HILL GROUP FACILITIES LIMITED,active,ltd,"Unit 3 Shackleton Way, Stafford, Staffordshire, England, ST16 1GY"
GLE & CRST / Housebuilders,Hill Group,3,12711148,HILL GROUP HOLDINGS LIMITED,active,ltd,"Unit 3 Shackleton Way, Stafford, Staffordshire, England, ST16 1GY"
GLE & CRST / Housebuilders,Hill Group,4,10736124,HILL GROUP INTERNATIONAL LTD,active,ltd,"Unit 19b Dalmeyer Road, London, England, NW10 2XA"
GLE & CRST / Housebuilders,Cala Homes,1,SC074857,CALA HOMES LIMITED,active,ltd,"Johnstone House, 52-54 Rose Street, Aberdeen, AB10 1HA"
GLE & CRST / Housebuilders,Cala Homes,2,09088106,CALA HOMES (CHILTERN) LIMITED,active,ltd,"Cala House, 54 The Causeway, Staines, Surrey, TW18 3AX"
GLE & CRST / Housebuilders,Cala Homes,3,10445259,CALA HOMES COMMUNITIES LIMITED,active,ltd,"Cala House, The Causeway, Staines-Upon-Thames, England, TW18 3AX"
GLE & CRST / Housebuilders,Cala Homes,4,11050597,CALA HOMES COMMUNITIES (ARBORFIELD) LIMITED,active,ltd,"Cala House, The Causeway, Staines-Upon-Thames, England, TW18 3AX"
FOXT / Foxtons,Foxtons Group,1,07108742,FOXTONS GROUP PLC,active,plc,"Building 12 566 Chiswick High Road, London, United Kingdom, W4 5AN"
FOXT / Foxtons,Foxtons Group,2,06054477,FOXTONS OPERATIONAL HOLDINGS LIMITED,active,ltd,"Building 12 566 Chiswick High Road, London, United Kingdom, W4 5AN"
FOXT / Foxtons,Foxtons Group,3,01680058,FOXTONS LIMITED,active,ltd,"Building 12 566 Chiswick High Road, London, United Kingdom, W4 5AN"
FOXT / Foxtons,Foxtons Group,4,15212170,FOXTON'S ESTATES LIMITED,active,ltd,"8 Fellside Road, Whickham, Newcastle Upon Tyne, Tyne And Wear, United Kingdom, NE16 4AL"
FOXT / Foxtons,Knight Frank,1,OC305934,KNIGHT FRANK LLP,active,llp,"55 Baker Street, London, W1U 8AN"
FOXT / Foxtons,Knight Frank,2,02059297,KNIGHT FRANK EUROPE HOLDINGS LIMITED,active,ltd,"55 Baker Street, London, W1U 8AN"
FOXT / Foxtons,Knight Frank,3,01248174,BROOMCO PENSION (01248174) LIMITED,active,ltd,"55 Baker Street, London, W1U 8AN"
FOXT / Foxtons,Knight Frank,4,00975321,KNIGHT FRANK & RUTLEY LIMITED,active,ltd,"55 Baker Street, London, W1U 8AN"
FOXT / Foxtons,Dexters,1,16796871,DEXTERS AI LTD,active,ltd,"124 City Road, London, United Kingdom, EC1V 2NX"
FOXT / Foxtons,Dexters,2,14824306,DEXTER'S ANP LOCUM LTD,active,ltd,"13 Mill Street, Sunderland, England, SR4 7BG"
FOXT / Foxtons,Dexters,3,13964809,DEXTERS BARBERSHOP. LTD,dissolved,ltd,"38 Hennerton Way, High Wycombe, England, HP13 7UE"
FOXT / Foxtons,Dexters,4,15482661,DEXTERS BOLTON LTD,active,ltd,"18 Higher Market Street, Farnworth, Bolton, England, BL4 9AJ"
FOXT / Foxtons,Kinleigh Folkard and Hayward,1,02965708,SRVO VALUATIONS & SURVEYS LIMITED,active,ltd,"4th Floor 20 Red Lion Street, London, England, WC1R 4PS"
FOXT / Foxtons,Kinleigh Folkard and Hayward,2,02568910,FOLKARD & HAYWARD COMMERCIAL LIMITED,dissolved,ltd,"C/O Wild Tracks Limited Chippenham Road, Kennett, Newmarket, Suffolk, CB8 7QJ"
FOXT / Foxtons,Kinleigh Folkard and Hayward,3,15816308,ANDREW HAYWARD LOGISTICS LTD,dissolved,ltd,"3rd Floor, 86-90 Paul Street, London, England, EC2A 4NE"
FOXT / Foxtons,Kinleigh Folkard and Hayward,4,01424949,BOLWELL AND HAYWARD LIMITED,active,ltd,"3 Beachcliff The Esplanade, Penarth, Wales, CF64 3AS"
FOXT / Foxtons,Chestertons,1,12071118,CHESTERTONS INTERNATIONAL FOUNDATION,active,private-limited-guarant-nsc-limited-exemption,"3 Hill Street, London, England, W1J 5LB"
FOXT / Foxtons,Chestertons,2,05468658,CHESTERTONS INTERNATIONAL FRANCHISE LIMITED,active,ltd,"3 Hill Street, 3rd Floor Front, London, England, W1J 5LB"
FOXT / Foxtons,Chestertons,3,05986331,GROUNDED VENTURES LIMITED,dissolved,ltd,"4 The Green, Horsted Keynes, Haywards Heath, England, RH17 7AP"
FOXT / Foxtons,Chestertons,4,07819913,REDBOURN CHESTERTONS SERVICES LTD,dissolved,ltd,"408 Hitchin Road, Luton, LU2 7ST"
FOXT / Foxtons,Hamptons,1,04826001,HAMPTONS ACCOUNTANCY SERVICES LIMITED,active,ltd,"60 Ashley Road, Lytham St Annes, Lancashire, United Kingdom, FY8 3EL"
FOXT / Foxtons,Hamptons,2,16028919,HAMPTONS BAZAAR LIMITED,active,ltd,"203 Bath Road, Stroud, Gloucestershire, United Kingdom, GL5 3TA"
FOXT / Foxtons,Hamptons,3,14368850,HAMPTONS BEDS YORKSHIRE LTD,dissolved,ltd,"85 Great Portland Street, London, England, W1W 7LT"
FOXT / Foxtons,Hamptons,4,13630867,HAMPTONS BLACK LTD,dissolved,ltd,"41 Stanley Road, Poole, England, BH15 1QX"
ECEL / Eurocell,Eurocell plc,1,08654028,EUROCELL PLC,active,plc,"Eurocell Head Office And Distribution Centre High View Road, South Normanton, Alfreton, England, DE55 2DT"
ECEL / Eurocell,Eurocell plc,2,02218483,EUROCELL GROUP LIMITED,active,ltd,"Eurocell Head Office And Distribution Centre High View Road, South Normanton, Alfreton, England, DE55 2DT"
ECEL / Eurocell,Eurocell plc,3,06471532,FAIRBROOK LIMITED,active,ltd,"Eurocell Head Office And Distribution Centre High View Road, South Normanton, Alfreton, England, DE55 2DT"
ECEL / Eurocell,Eurocell plc,4,02584649,KORIMAKO LIMITED,dissolved,ltd,"9 Church Close, North Baddesley, Southampton, Hampshire, England, SO52 9ER"
ECEL / Eurocell,Epwin Group,1,07742256,EPWIN GROUP LIMITED,active,ltd,"Friars Gate, 1011 Stratford Road, Solihull, West Midlands, England, B90 4BN"
ECEL / Eurocell,Epwin Group,2,03832221,WINEP 60 LIMITED,active,ltd,"Friars Gate 1011 Stratford Road Shirley, Solihull, England, B90 4BN"
ECEL / Eurocell,Epwin Group,3,01506177,WINEP 61 LIMITED,active,ltd,"Friars Gate 1011 Stratford Road, Shirley, Solihull, England, B90 4BN"
ECEL / Eurocell,Epwin Group,4,13513236,EPWIN MATERIALS LIMITED,active,ltd,"Friars Gate 1011 Stratford Road, Shirley, Solihull, England, B90 4BN"
ECEL / Eurocell,VEKA,1,01626563,VEKA PLC,active,plc,"Farrington Road, Rossendale Road Industrial Est, Burnley, Lancashire, BB11 5DA"
ECEL / Eurocell,VEKA,2,17232253,VEKA CATERING LTD,active,ltd,"C/O Sears Accountants 6 Station Parade, Northolt Road, Harrow, England, HA2 8HB"
ECEL / Eurocell,VEKA,3,15130854,VEKA CONSULTANCY LIMITED,active,ltd,"Northside House, Mount Pleasant, Barnet, England, EN4 9EB"
ECEL / Eurocell,VEKA,4,05847286,VEKA RECYCLING LIMITED,active,ltd,"Veka Recycling Ltd 1-4 Nielson Road, Finedon Road Industrial Estate, Wellingborough, Northamptonshire, England, NN8 4PE"
ECEL / Eurocell,Deceuninck,1,01565521,DECEUNINCK LIMITED,active,ltd,"Unit 2, Stanier Road, Porte Marsh Industrial Estate, Calne, Wiltshire, United Kingdom, SN11 9PX"
ECEL / Eurocell,Deceuninck,2,14662001,DECEUNINCK ALUMINIUM UK LTD,dissolved,ltd,"Unit 2 Stanier Road, Porte Marsh Industrial Estate, Calne, Wiltshire, United Kingdom, SN11 9PX"
ECEL / Eurocell,Deceuninck,3,03803197,DECEUNINCK HOLDINGS (UK) LIMITED,active,ltd,"Unit 2, Stanier Road, Porte Marsh Industrial Estate, Calne, Wiltshire, United Kingdom, SN11 9PX"
ECEL / Eurocell,Liniar,1,03360857,LINIAR LIMITED,active,ltd,"Flamstead House, Denby Hall Business Park, Denby, Derbyshire, DE5 8JX"
ECEL / Eurocell,Liniar,2,05625493,H L PLASTICS LIMITED,active,ltd,"Flamstead House, Denby Hall Business Park, Denby, Ripley, Derbyshire, DE5 8JX"
ECEL / Eurocell,Liniar,3,08866375,LINIAR NETWORK LTD,dissolved,ltd,"Unit 3 Klm, Hudson Road, Melton Mowbray, Leicestershire, LE13 1BS"
ECEL / Eurocell,Liniar,4,12190003,LINIA REGEN LTD,dissolved,ltd,"64 Harley Street, London, United Kingdom, W1G 7HB"
ECEL / Eurocell,REHAU,1,00722004,REHAU LIMITED,active,ltd,"Hill Court, Walford, Ross On Wye Herefordshire, HR9 5QN"
ECEL / Eurocell,REHAU,2,10124322,UK BI-FOLD DOOR FACTORY LTD.,active,ltd,"Unit 14, The Tramsheds, Coomber Way, Croydon, England, CR0 4TQ"
ECEL / Eurocell,REHAU,3,13875009,REHAULAGE LIMITED,active,ltd,"43 Winchester Way, Croxley Green, Rickmansworth, England, WD3 3QE"
ECEL / Eurocell,REHAU,4,12490692,REHAUS FURNITURE LIMITED,active,ltd,"4th Floor 100 Fenchurch Street, London, United Kingdom, EC3M 5JD"
ECEL / Eurocell,Profile 22,1,02467789,PROFILE 22 SYSTEMS LIMITED,active,ltd,"Friars Gate 1011 Stratford Road, Shirley, Solihull, England, B90 4BN"
ECEL / Eurocell,Profile 22,2,02969289,SWISH BUILDING PRODUCTS LIMITED,active,ltd,"Friars Gate 1011 Stratford Road Shirley, Solihull, England, B90 4BN"
ECEL / Eurocell,Profile 22,3,09270607,ACCESSORIES GIFT CENTRE T/A HI PROFILE LTD,active,ltd,"Unit 5 The Freehold Industrial Centre, Amberley Way, Hounslow, England, TW4 6BX"
ECEL / Eurocell,Profile 22,4,05192225,ACTIVE PROFILE LIMITED,active,ltd,"Bartle House, Oxford Court, Manchester,, Oxford Court, Manchester, England, M2 3WQ"
FSTA / Fuller's,Fuller Smith and Turner,1,00241882,FULLER SMITH & TURNER PLC,active,plc,"Pier House 86-93 Strand On The Green London, England, W4 3NN"
FSTA / Fuller's,Fuller Smith and Turner,2,01831674,FULLER SMITH & TURNER ESTATES LIMITED,active,ltd,"Pier House, 86-93 Strand On The Green, London, England, W4 3NN"
FSTA / Fuller's,Fuller Smith and Turner,3,10446779,TURNER AND SMITH LIMITED,active,ltd,"Westgate House, Royland Road, Loughborough, Leicestershire, United Kingdom, LE11 2EH"
FSTA / Fuller's,Fuller Smith and Turner,4,SC692976,TURNER AND SMITH PROPERTIES LTD,dissolved,ltd,"3/1 356 West Princes Street, Glasgow, Scotland, G4 9HF"
FSTA / Fuller's,City Pub Group,1,07814568,THE CITY PUB GROUP LIMITED,active,ltd,"Copper House 5 Garratt Lane, Wandsworth, London, England, SW18 4AQ"
FSTA / Fuller's,City Pub Group,2,11877834,LONDON CITY PUB GROUP LIMITED,active,ltd,"S202 Weston House The Maltings, Station Road, Sawbridgeworth, Herts, United Kingdom, CM21 9FP"
FSTA / Fuller's,City Pub Group,3,06433242,TOWN AND CITY PUB GROUP LIMITED,active,ltd,"3 Monkspath Hall Road, Solihull, United Kingdom, B90 4SJ"
FSTA / Fuller's,City Pub Group,4,11243499,THE CITY PUB GROUP (SOUTH) LIMITED,dissolved,ltd,"6 Thornes Office Park, Monckton Road, West Yorkshire, Wakefield, England, WF2 7AN"
FSTA / Fuller's,Hall and Woodhouse,1,13354232,FLORIN DATCU LIMITED,dissolved,ltd,"28 Brudenell, Orton Goldhay, Peterborough, England, PE2 5SX"
FSTA / Fuller's,Hall and Woodhouse,2,00057696,HALL & WOODHOUSE LIMITED,active,ltd,"The Brewery, Blandford St Mary, Dorset, DT11 9LS"
FSTA / Fuller's,Hall and Woodhouse,3,11141146,HALL & WOODHOUSE DEVELOPMENTS LIMITED,active,ltd,"The Brewery, The Brewery, Blandford Forum, United Kingdom, DT11 9LS"
FSTA / Fuller's,Hall and Woodhouse,4,03255961,WOODHOUSE HALL DEVELOPMENTS LIMITED,active,ltd,"Portland Estate Office Cavendish House, Welbeck, Worksop, Nottinghamshire, S80 3LL"
FSTA / Fuller's,Urban Pubs and Bars,1,15449818,URBAN PUBS AND BARSS LIMITED,active,ltd,"4385, 15449818 - COMPANIES HOUSE DEFAULT ADDRESS, Cardiff, CF14 8LH"
FSTA / Fuller's,Urban Pubs and Bars,2,08872447,URBAN PUBS & BARS LIMITED,active,ltd,"Marlborough Head, 36 Drury Lane, London, United Kingdom, WC2B 5RR"
FSTA / Fuller's,Urban Pubs and Bars,3,08774738,URBAN PUBS & BARS LONDON LIMITED,active,ltd,"Marlborough Head, 36 Drury Lane, London, United Kingdom, WC2B 5RR"
FSTA / Fuller's,Urban Pubs and Bars,4,11476000,URBAN PUBS & BARS LONDON 2 LIMITED,active,ltd,"Marlborough Head, 36 Drury Lane, London, WC2B 5RR"
HEAD / Headlam,Headlam Group,1,00460129,HEADLAM GROUP PLC,active,plc,"Gorsey Lane, Coleshill, Birmingham, United Kingdom, B46 1JU"
HEAD / Headlam,Headlam Group,2,03402470,HEADLAM GROUP EMPLOYEE TRUST COMPANY LIMITED,active,ltd,"Gorsey Lane, Coleshill, Birmingham, United Kingdom, B46 1JU"
HEAD / Headlam,Headlam Group,3,03666554,HEADLAM GROUP PENSION TRUSTEES LIMITED,active,ltd,"Gorsey Lane, Coleshill, Birmingham, United Kingdom, B46 1JU"
HEAD / Headlam,Headlam Group,4,11214827,EHF ENGINEERING LTD,active,ltd,"Unit A James Carter Road, Mildenhall, Bury St. Edmunds, England, IP28 7DE"
HEAD / Headlam,Likewise Group,1,08010067,LIKEWISE GROUP PLC,active,plc,"Unit 4 Radial Park, Radial Way, Birmingham Business Park, Solihull, Birmingham, United Kingdom, B37 7WN"
HEAD / Headlam,Likewise Group,2,13671160,LIKEWISE LIMITED,active,ltd,"C/O Likewise Group Plc Unit 4 Radial Park, Radial Way Birmingham Business Park, Solihull, Birmingham, United Kingdom, B37 7WN"
HEAD / Headlam,Likewise Group,3,04216031,LIKEWISE CHRISTIAN MINISTRIES,active,private-limited-guarant-nsc-limited-exemption,"60 Birkbeck Road, Romford, England, RM7 0QP"
HEAD / Headlam,Likewise Group,4,05436062,LIKEWISE COMMUNITY,active,private-limited-guarant-nsc-limited-exemption,"8 Fairhazel Gardens, London, England, NW6 3SG"
HEAD / Headlam,Victoria plc,1,00282204,VICTORIA P.L.C.,active,plc,"Alliance Flooring Distribution Limited, Worcester Six Business Park, Worcester, England, WR4 0AN"
HEAD / Headlam,Victoria plc,2,03195825,THE VICTORIA CARPET COMPANY LIMITED,active,ltd,". Worcester Road, Kidderminster, Worcestershire, DY10 1JR"
HEAD / Headlam,Victoria plc,3,08463161,AYSH PROPERTIES LTD,active,ltd,"Suite 1, Cobble Building, Gate Street, Blackburn, United Kingdom, BB1 3AH"
HEAD / Headlam,Victoria plc,4,15763087,LONDON SCHOOL OF GLOBAL ENTREPRENEURSHIP & LEADERSHIP LTD,active,ltd,"95 95 Barth Road, Barth Road Plumstead London, London, London, United Kingdom, SE18 1SF"
HEAD / Headlam,Tapi Carpets,1,16966223,TAHI CARPETS UK LTD,active,ltd,"4385, 16966223 - COMPANIES HOUSE DEFAULT ADDRESS, Cardiff, CF14 8LH"
HEAD / Headlam,Tapi Carpets,2,09247255,TAPI CARPETS & FLOORS LIMITED,active,ltd,"1a Spur Road, Orpington, Kent, BR6 0PH"
HEAD / Headlam,Tapi Carpets,3,10776349,ACM TAPING LIMITED,active,ltd,"30 Whitehall Road, Handsworth, Birmingham, United Kingdom, B21 9BA"
HEAD / Headlam,Tapi Carpets,4,08594756,ADH TAPING AND JOINTING LIMITED,active,ltd,"Suite 13 Enterprise House Boathouse Meadow Business Park, Cherry Orchard Lane, Salisbury, Wiltshire, England, SP2 7LD"
HEAD / Headlam,United Carpets,1,08053659,UNITED CARPETS (COMMERCIAL) LIMITED,active,ltd,"Moorhead House Moorhead Way, Bramley, Rotherham, South Yorkshire, S66 1YY"
HEAD / Headlam,United Carpets,2,05265615,UNITED CARPETS (FRANCHISOR) LIMITED,active,ltd,"Moorhead House Moorhead Way, Bramley, Rotherham, South Yorkshire, S66 1YY"
HEAD / Headlam,United Carpets,3,05301665,UNITED CARPETS GROUP LIMITED,active,ltd,"Moorhead House Moorhead Way, Bramley, Rotherham, South Yorkshire, United Kingdom, S66 1YY"
HEAD / Headlam,United Carpets,4,02680826,UNITED CARPETS HOLDINGS LIMITED,active,ltd,"Moorhead House Moorhead Way Off Bawtry Road, Bramley, Rotherham, South Yorkshire, S66 1YY"
HEAD / Headlam,Carpetright,1,02294875,CPR REALISATIONS LIMITED,administration,ltd,"8th Floor  Central Square, 29 Wellington Street, Leeds, West Yorkshire, LS1 4DL"
HEAD / Headlam,Carpetright,2,NF003211,CARPETRIGHT PLC,closed-on,oversea-company,"C/O Tughans, Marlborough House, 30 Victoria Street, Belfast, BT1 3GS"
HEAD / Headlam,Carpetright,3,02774697,CARPETRIGHT OF LONDON LIMITED,dissolved,ltd,"8th Floor, Central Square, 29 Wellington Street, Leeds, West Yorkshire, LS1 4DL"
HEAD / Headlam,Carpetright,4,06338850,NESTWARE PROPERTIES LIMITED,active,ltd,"Unit 3, Arrow Valley, Claybrook Drive, Redditch, England, B98 0FY"
