date,open,high,low,close,volume,splitfactor,divcash
2019-05-24,29.75,32.0,28.5,29.0,43994,1.0,0.0
2019-05-28,29.25,30.5,28.51,28.765,61544,1.0,0.0
2019-05-29,29.9,29.9,27.66,28.5,207765,1.0,0.0
2019-05-30,28.99,29.16,28.22,28.8,666050,1.0,0.0
2019-05-31,28.5,28.59,26.97,26.97,853801,1.0,0.0
2019-06-03,26.54,27.0,24.37,24.81,19259630,1.0,0.0
2019-06-04,24.35,27.94,24.35,27.75,20135135,1.0,0.0
2019-06-05,27.54,28.22,26.46,28.01,10740207,1.0,0.0
2019-06-06,27.69,27.69,26.23,26.9,13986084,1.0,0.0
2019-06-07,26.17,26.93,25.715,26.31,10049260,1.0,0.0
2019-06-10,26.07,26.74,25.12,25.31,10247186,1.0,0.0
2019-06-11,25.01,25.36,24.53,24.95,11641364,1.0,0.0
2019-06-12,25.11,25.45,24.48,25.07,13392038,1.0,0.0
2019-06-13,25.06,25.19,24.7,24.97,9710759,1.0,0.0
2019-06-14,24.76,25.24,24.55,25.19,7036775,1.0,0.0
2019-06-17,25.53,26.9,25.45,25.95,13710322,1.0,0.0
2019-06-18,26.03,27.57,25.75,27.3,14485407,1.0,0.0
2019-06-19,27.48,27.48,26.87,27.15,10228757,1.0,0.0
2019-06-20,27.37,27.6,26.42,27.16,7727962,1.0,0.0
2019-06-21,26.87,27.71,26.87,27.21,12548904,1.0,0.0
2019-06-24,27.14,28.45,27.053,28.01,6495057,1.0,0.0
2019-06-25,28.02,28.09,27.48,27.67,6698570,1.0,0.0
2019-06-26,27.93,29.375,27.85,29.26,6735131,1.0,0.0
2019-06-27,29.38,30.33,29.26,29.57,5879610,1.0,0.0
2019-06-28,29.6,29.75,29.26,29.57,15517796,1.0,0.0
2019-07-01,29.58,30.75,28.95,29.68,5290363,1.0,0.0
2019-07-02,29.5,29.6,28.14,28.99,5438576,1.0,0.0
2019-07-03,28.78,28.9,28.2,28.8,2234906,1.0,0.0
2019-07-05,28.45,29.32,28.26,28.64,2888235,1.0,0.0
2019-07-08,28.39,28.39,27.64,27.77,3478698,1.0,0.0
2019-07-09,27.47,27.77,26.83,26.99,5286013,1.0,0.0
2019-07-10,26.81,27.0,26.44,26.5,5133693,1.0,0.0
2019-07-11,26.55,26.8,25.96,26.43,6066191,1.0,0.0
2019-07-12,26.42,27.73,26.26,27.6,5154558,1.0,0.0
2019-07-15,27.41,28.27,27.4,28.08,3443097,1.0,0.0
2019-07-16,27.93,28.5,27.715,27.86,3735879,1.0,0.0
2019-07-17,27.6,27.71,26.85,26.88,3999305,1.0,0.0
2019-07-18,26.58,26.98,26.413,26.65,3035241,1.0,0.0
2019-07-19,26.79,27.48,26.64,27.39,4694910,1.0,0.0
2019-07-22,27.34,27.85,27.21,27.76,2546126,1.0,0.0
2019-07-23,27.65,28.48,27.45,28.12,2921396,1.0,0.0
2019-07-24,27.77,28.52,27.63,28.32,2311843,1.0,0.0
2019-07-25,28.1,28.4,27.75,28.02,3532155,1.0,0.0
2019-07-26,27.72,28.525,27.65,28.48,3052703,1.0,0.0
2019-07-29,28.36,28.95,28.32,28.78,6245243,1.0,0.0
2019-07-30,28.0,29.29,27.8,29.13,7142273,1.0,0.13
2019-07-31,29.1,30.15,28.71,29.5,7662047,1.0,0.0
2019-08-01,29.5,32.78,29.31,31.25,11564155,1.0,0.0
2019-08-02,30.94,31.54,30.85,31.46,7305783,1.0,0.0
2019-08-05,30.63,30.97,29.64,29.9,5552538,1.0,0.0
2019-08-06,30.06,30.22,29.47,30.05,5355879,1.0,0.0
2019-08-07,29.58,30.83,29.43,30.64,4925218,1.0,0.0
2019-08-08,30.71,31.79,30.67,31.61,3962550,1.0,0.0
2019-08-09,31.94,32.0,31.22,31.63,4761614,1.0,0.0
2019-08-12,31.49,31.83,29.51,29.63,8225347,1.0,0.0
2019-08-13,29.33,30.15,29.19,29.6,6858183,1.0,0.0
2019-08-14,29.12,29.36,28.28,28.34,4580051,1.0,0.0
2019-08-15,28.93,29.23,27.93,28.42,3561576,1.0,0.0
2019-08-16,28.69,30.31,28.56,30.24,4285068,1.0,0.0
2019-08-19,30.75,30.84,30.25,30.57,4207252,1.0,0.0
2019-08-20,30.62,30.68,30.09,30.26,3073736,1.0,0.0
2019-08-21,30.3,30.98,30.28,30.58,2815386,1.0,0.0
2019-08-22,30.78,30.95,30.21,30.29,3351355,1.0,0.0
2019-08-23,29.8,30.16,28.81,29.05,4222239,1.0,0.0
2019-08-26,29.35,29.475,28.67,29.02,3479870,1.0,0.0
2019-08-27,29.15,29.43,28.535,28.73,3528683,1.0,0.0
2019-08-28,28.48,29.53,28.31,29.17,5077859,1.0,0.0
2019-08-29,29.55,30.228,29.52,29.71,3135601,1.0,0.0
2019-08-30,30.0,30.03,29.26,29.32,5270156,1.0,0.0
2019-09-03,28.99,29.1,28.0,28.23,3307501,1.0,0.0
2019-09-04,28.62,28.84,28.17,28.43,2965192,1.0,0.0
2019-09-05,28.74,28.99,27.95,28.46,4972729,1.0,0.0
2019-09-06,28.45,28.81,27.89,28.39,5140041,1.0,0.0
2019-09-09,28.35,28.82,28.02,28.75,4660973,1.0,0.0
2019-09-10,28.7,29.13,28.14,28.56,3682943,1.0,0.0
2019-09-11,28.5,29.3,28.11,29.27,3033500,1.0,0.0
2019-09-12,29.5,30.09,28.9,29.9,7967629,1.0,0.0
2019-09-13,30.04,30.35,29.9,30.12,4919487,1.0,0.0
2019-09-16,30.05,30.06,28.84,29.4,3300655,1.0,0.0
2019-09-17,29.32,29.47,28.96,28.98,5334173,1.0,0.0
2019-09-18,28.75,29.46,28.75,29.15,3614793,1.0,0.0
2019-09-19,29.26,29.71,29.06,29.14,3232545,1.0,0.0
2019-09-20,29.35,29.57,28.85,28.92,6883232,1.0,0.0
2019-09-23,28.64,29.0,28.445,28.88,3316608,1.0,0.0
2019-09-24,28.71,28.99,27.961,28.24,2891613,1.0,0.0
2019-09-25,28.22,28.5,27.77,28.2,3155195,1.0,0.0
2019-09-26,28.11,28.2,27.49,27.64,3534496,1.0,0.0
2019-09-27,27.55,28.23,27.31,27.8,4553784,1.0,0.0
2019-09-30,27.9,28.35,27.76,28.0,6270464,1.0,0.0
2019-10-01,28.03,28.38,27.23,27.55,5864914,1.0,0.0
2019-10-02,27.15,27.67,26.62,26.94,5328899,1.0,0.0
2019-10-03,26.91,27.16,26.51,26.88,3623455,1.0,0.0
2019-10-04,27.0,27.038,25.801,25.89,4890513,1.0,0.0
2019-10-07,26.0,26.47,25.73,26.0,5475018,1.0,0.0
2019-10-08,25.64,26.43,25.59,26.22,6226589,1.0,0.0
2019-10-09,26.79,26.83,25.74,26.17,3918581,1.0,0.0
2019-10-10,26.17,26.72,25.71,25.73,3011116,1.0,0.0
2019-10-11,26.1,27.12,25.99,26.66,4588210,1.0,0.0
2019-10-14,26.4,26.77,26.2,26.33,3123734,1.0,0.0
2019-10-15,26.22,27.09,26.065,26.7,3828571,1.0,0.0
2019-10-16,26.35,27.23,26.29,26.87,3024537,1.0,0.0
2019-10-17,27.05,27.21,26.66,26.77,2196617,1.0,0.0
2019-10-18,26.6,26.64,25.64,26.04,4342988,1.0,0.0
2019-10-21,26.29,26.58,25.43,25.5,3323084,1.0,0.0
2019-10-22,25.51,26.05,25.23,25.98,4168435,1.0,0.0
2019-10-23,25.89,26.02,25.215,25.61,4140244,1.0,0.0
2019-10-24,25.63,26.55,25.5,26.37,5409122,1.0,0.0
2019-10-25,26.37,26.96,26.24,26.73,2676918,1.0,0.0
2019-10-28,26.79,27.14,26.6,26.77,2944218,1.0,0.0
2019-10-29,26.51,27.24,26.42,26.78,2837552,1.0,0.0
2019-10-30,27.05,27.59,26.91,27.48,5993468,1.0,0.0
2019-10-31,26.5,27.48,25.25,26.38,7305138,1.0,0.0
2019-11-01,26.18,26.6,25.51,26.18,10087634,1.0,0.0
2019-11-04,26.17,26.42,25.65,25.74,8324583,1.0,0.0
2019-11-05,25.48,26.03,24.76,25.66,8243130,1.0,0.0
2019-11-06,25.82,26.32,25.72,26.13,6596801,1.0,0.0
2019-11-07,26.47,26.48,26.12,26.15,4555409,1.0,0.0
2019-11-08,26.1,26.363,25.91,26.2,2999502,1.0,0.0
2019-11-11,26.04,26.74,25.69,26.74,3260092,1.0,0.0
2019-11-12,26.93,27.24,26.53,26.72,4665473,1.0,0.0
2019-11-13,26.5,26.54,25.46,25.72,3782880,1.0,0.0
2019-11-14,25.71,26.86,25.71,26.38,7277176,1.0,0.0
2019-11-15,26.57,26.62,25.435,25.48,4820132,1.0,0.0
2019-11-18,25.5,25.765,25.36,25.48,4656626,1.0,0.0
2019-11-19,25.55,25.925,25.31,25.7,4157923,1.0,0.0
2019-11-20,25.62,25.7,24.915,24.98,4536017,1.0,0.0
2019-11-21,24.97,25.41,24.93,25.11,4196405,1.0,0.0
2019-11-22,25.03,25.575,25.03,25.54,11218404,1.0,0.0
2019-11-25,25.74,26.11,25.65,25.93,6144499,1.0,0.0
2019-11-26,25.78,26.205,25.7,25.88,7586540,1.0,0.0
2019-11-27,25.77,26.22,25.68,26.05,6745579,1.0,0.13
2019-11-29,25.97,26.08,25.55,26.02,8233114,1.0,0.0
2019-12-02,26.03,26.14,25.04,25.18,7236513,1.0,0.0
2019-12-03,24.82,24.87,24.3,24.65,8687853,1.0,0.0
2019-12-04,24.9,25.212,24.62,24.84,13263037,1.0,0.0
2019-12-05,24.97,25.09,24.1,24.82,7850801,1.0,0.0
2019-12-06,25.0,25.56,24.94,25.26,5835801,1.0,0.0
2019-12-09,25.47,26.13,25.395,25.77,6603516,1.0,0.0
2019-12-10,25.69,25.88,25.42,25.87,5134623,1.0,0.0
2019-12-11,25.89,26.27,25.83,26.2,5132418,1.0,0.0
2019-12-12,26.12,27.075,26.0,26.98,4930212,1.0,0.0
2019-12-13,26.98,27.15,26.46,26.49,6268809,1.0,0.0
2019-12-16,26.94,27.56,26.85,27.55,9527411,1.0,0.0
2019-12-17,27.26,27.55,26.58,26.77,9227942,1.0,0.0
2019-12-18,26.71,27.94,26.49,27.82,13868959,1.0,0.0
2019-12-19,27.74,28.27,27.46,27.71,11975072,1.0,0.0
2019-12-20,27.68,28.25,27.44,28.18,30573884,1.0,0.0
2019-12-23,28.19,28.745,28.1,28.66,5970770,1.0,0.0
2019-12-24,28.6,29.04,28.38,28.81,1698400,1.0,0.0
2019-12-26,28.68,29.2,28.63,29.19,2599316,1.0,0.0
2019-12-27,29.2,29.28,28.98,29.14,2738249,1.0,0.0
2019-12-30,29.13,29.23,28.79,28.86,2795600,1.0,0.0
2019-12-31,28.85,29.59,28.81,29.56,3414469,1.0,0.0
2020-01-02,29.81,29.81,28.72,28.74,6896143,1.0,0.0
2020-01-03,28.42,28.9,28.36,28.4,5611370,1.0,0.0
2020-01-06,28.08,28.501,27.975,28.36,6972781,1.0,0.0
2020-01-07,28.31,28.72,28.17,28.47,6014801,1.0,0.0
2020-01-08,28.5,28.78,28.1,28.7,3684512,1.0,0.0
2020-01-09,28.8,28.85,28.38,28.73,3703180,1.0,0.0
2020-01-10,28.81,28.93,28.32,28.35,4498745,1.0,0.0
2020-01-13,28.34,28.6,28.155,28.58,4735076,1.0,0.0
2020-01-14,28.56,28.79,28.3,28.64,5370612,1.0,0.0
2020-01-15,28.65,28.89,28.475,28.68,6336835,1.0,0.0
2020-01-16,28.77,29.26,28.525,29.22,5847915,1.0,0.0
2020-01-17,28.46,28.63,27.63,28.3,8605261,1.0,0.0
2020-01-21,28.06,28.35,27.71,27.82,5514015,1.0,0.0
2020-01-22,27.82,28.25,27.5,28.16,8672917,1.0,0.0
2020-01-23,28.01,28.51,27.51,28.45,4139420,1.0,0.0
2020-01-24,28.31,28.355,27.71,27.95,4996225,1.0,0.0
2020-01-27,27.23,27.53,26.97,27.16,4195039,1.0,0.0
2020-01-28,27.3,27.58,27.0,27.56,5618817,1.0,0.0
2020-01-29,27.55,27.99,27.51,27.8,3499636,1.0,0.0
2020-01-30,27.94,29.447,27.6,29.24,9762210,1.0,0.0
2020-01-31,28.78,29.15,28.46,28.92,6788289,1.0,0.0
2020-02-03,29.06,30.26,28.82,30.12,9448596,1.0,0.0
2020-02-04,30.61,31.11,30.045,30.95,5853408,1.0,0.0
2020-02-05,30.32,31.71,29.69,31.71,5745325,1.0,0.0
2020-02-06,32.0,32.07,31.3,31.59,6383642,1.0,0.0
2020-02-07,31.41,31.43,30.795,31.04,3716132,1.0,0.0
2020-02-10,30.74,31.015,30.465,30.6,3416571,1.0,0.0
2020-02-11,30.66,31.35,30.41,30.51,3705408,1.0,0.0
2020-02-12,30.74,31.09,30.65,30.94,3023390,1.0,0.0
2020-02-13,30.68,31.04,30.455,30.6,4542977,1.0,0.0
2020-02-14,30.66,30.93,30.58,30.71,3895483,1.0,0.0
2020-02-18,30.68,31.48,30.61,31.4,3524721,1.0,0.0
2020-02-19,31.4,31.8,31.22,31.52,3042628,1.0,0.0
2020-02-20,31.37,32.08,31.32,31.57,2460271,1.0,0.0
2020-02-21,31.35,31.67,31.18,31.22,3955168,1.0,0.0
2020-02-24,30.47,30.89,30.27,30.66,3441322,1.0,0.0
2020-02-25,30.62,30.82,28.23,28.38,5045609,1.0,0.0
2020-02-26,28.41,29.333,28.32,28.5,4157892,1.0,0.0
2020-02-27,28.12,28.67,27.24,27.29,4702513,1.0,0.0
2020-02-28,26.53,27.2,25.86,27.2,9732676,1.0,0.0
2020-03-02,27.27,28.26,26.862,28.24,7440084,1.0,0.13
2020-03-03,28.48,29.26,27.49,27.92,8503866,1.0,0.0
2020-03-04,28.19,28.92,27.81,28.9,6341446,1.0,0.0
2020-03-05,28.0,28.425,27.16,27.31,3974261,1.0,0.0
2020-03-06,26.52,26.58,24.92,25.3,5842807,1.0,0.0
2020-03-09,23.28,24.32,22.87,23.07,7758588,1.0,0.0
2020-03-10,24.4,25.99,23.88,25.91,6696229,1.0,0.0
2020-03-11,25.01,25.66,24.45,25.0,6382325,1.0,0.0
2020-03-12,22.87,24.95,22.26,22.34,6445034,1.0,0.0
2020-03-13,23.83,25.0,21.55,24.82,7214527,1.0,0.0
2020-03-16,21.51,23.34,20.565,20.74,6308290,1.0,0.0
2020-03-17,21.23,24.14,20.72,22.67,7555337,1.0,0.0
2020-03-18,21.08,23.4,20.38,21.57,7148956,1.0,0.0
2020-03-19,21.18,24.8,20.54,23.26,5291444,1.0,0.0
2020-03-20,23.2,23.24,21.11,22.53,10607104,1.0,0.0
2020-03-23,22.22,23.529,21.42,21.92,8693037,1.0,0.0
2020-03-24,23.01,23.97,21.5,22.33,8300713,1.0,0.0
2020-03-25,22.75,25.14,22.14,23.4,5823547,1.0,0.0
2020-03-26,23.11,24.85,22.885,24.14,7085625,1.0,0.0
2020-03-27,23.11,24.81,22.665,23.21,4538768,1.0,0.0
2020-03-30,23.28,24.32,22.91,24.09,4469470,1.0,0.0
2020-03-31,24.23,24.57,23.35,23.5,4090365,1.0,0.0
2020-04-01,23.25,23.6,22.35,22.51,6706559,1.0,0.0
2020-04-02,22.85,23.43,21.817,22.24,6302004,1.0,0.0
2020-04-03,22.21,23.05,22.12,22.62,5961093,1.0,0.0
2020-04-06,23.5,24.572,23.22,24.26,6132496,1.0,0.0
2020-04-07,25.0,25.93,24.35,24.53,5777108,1.0,0.0
2020-04-08,24.55,26.17,24.41,26.05,4231791,1.0,0.0
2020-04-09,26.2,28.07,26.2,27.93,6076944,1.0,0.0
2020-04-13,27.32,27.49,25.9,26.56,3453852,1.0,0.0
2020-04-14,27.59,27.845,26.04,26.44,2850224,1.0,0.0
2020-04-15,26.07,26.15,24.615,25.51,2927130,1.0,0.0
2020-04-16,25.38,25.744,24.58,25.16,2663490,1.0,0.0
2020-04-17,25.94,26.315,24.92,25.51,5696891,1.0,0.0
2020-04-20,25.86,25.86,24.57,24.63,4242479,1.0,0.0
2020-04-21,24.01,24.95,23.86,24.27,5773931,1.0,0.0
2020-04-22,24.75,25.215,24.29,24.94,3936727,1.0,0.0
2020-04-23,25.28,25.84,25.01,25.4,2754488,1.0,0.0
2020-04-24,25.58,26.68,25.38,26.27,3851302,1.0,0.0
2020-04-27,26.33,26.56,25.51,25.56,4908795,1.0,0.0
2020-04-28,26.15,26.515,25.81,26.19,3812760,1.0,0.0
2020-04-29,26.82,27.26,26.46,27.05,2008794,1.0,0.0
2020-04-30,26.7,26.7,25.86,26.19,2678337,1.0,0.0
2020-05-01,25.83,25.83,25.09,25.49,2457553,1.0,0.0
2020-05-04,25.15,25.46,24.818,25.42,4121594,1.0,0.0
2020-05-05,25.4,26.51,25.21,26.18,2412336,1.0,0.0
2020-05-06,26.19,26.73,25.01,25.01,3304323,1.0,0.0
2020-05-07,25.97,27.25,25.97,26.45,4475307,1.0,0.0
2020-05-08,26.72,26.97,25.46,25.98,4765134,1.0,0.0
2020-05-11,25.1,25.15,24.29,24.38,6871078,1.0,0.0
2020-05-12,24.29,24.45,23.22,23.25,4880063,1.0,0.0
2020-05-13,23.15,23.4,22.38,23.27,4581490,1.0,0.0
2020-05-14,22.77,23.36,22.38,23.32,3356618,1.0,0.13
2020-05-15,23.2,23.27,22.62,22.77,3601235,1.0,0.0
2020-05-18,23.69,24.28,23.04,24.01,5834642,1.0,0.0
2020-05-19,24.11,24.38,23.59,23.99,6195910,1.0,0.0
2020-05-20,24.68,25.605,24.65,25.09,4719583,1.0,0.0
2020-05-21,24.94,25.48,24.51,24.55,4020182,1.0,0.0
2020-05-22,24.5,24.67,24.25,24.54,3830587,1.0,0.0
2020-05-26,25.43,26.06,25.2,25.64,3786768,1.0,0.0
2020-05-27,25.89,26.175,25.46,25.8,5831009,1.0,0.0
2020-05-28,26.26,27.47,25.92,26.99,4069204,1.0,0.0
2020-05-29,26.73,27.43,26.71,27.31,6293721,1.0,0.0
2020-06-01,27.1,27.25,26.5,26.82,3167105,1.0,0.0
2020-06-02,26.93,28.03,26.75,28.01,4302508,1.0,0.0
2020-06-03,28.17,28.95,28.15,28.5,3287741,1.0,0.0
2020-06-04,28.8,30.18,28.63,30.17,6759105,1.0,0.0
2020-06-05,31.0,31.69,30.49,30.65,4189366,1.0,0.0
2020-06-08,29.69,30.82,29.31,30.01,4850418,1.0,0.0
2020-06-09,29.64,29.965,29.08,29.59,5365186,1.0,0.0
2020-06-10,29.48,30.13,29.14,29.14,4184275,1.0,0.0
2020-06-11,28.43,28.44,27.02,27.1,5928473,1.0,0.0
2020-06-12,28.44,28.49,27.2,27.54,3843910,1.0,0.0
2020-06-15,26.74,27.11,26.52,26.77,5109026,1.0,0.0
2020-06-16,28.38,28.72,27.45,27.82,8797086,1.0,0.0
2020-06-17,27.77,27.89,27.07,27.35,5295315,1.0,0.0
2020-06-18,27.35,27.57,27.21,27.48,4347217,1.0,0.0
2020-06-19,27.99,27.99,26.73,27.13,6693080,1.0,0.0
2020-06-22,26.97,27.65,26.51,27.58,3936684,1.0,0.0
2020-06-23,27.84,27.91,27.37,27.42,3022677,1.0,0.0
2020-06-24,26.87,26.92,26.03,26.07,3985045,1.0,0.0
2020-06-25,25.98,26.37,25.72,26.2,5600253,1.0,0.0
2020-06-26,26.11,26.16,25.535,25.92,4319174,1.0,0.0
2020-06-29,26.35,26.63,26.04,26.14,3931027,1.0,0.0
2020-06-30,26.12,27.08,25.8,26.79,4590513,1.0,0.0
2020-07-01,26.95,27.4,26.46,27.04,4840108,1.0,0.0
2020-07-02,27.38,28.11,27.38,27.57,3766400,1.0,0.0
2020-07-06,28.22,28.22,27.08,27.53,3668323,1.0,0.0
2020-07-07,27.27,27.27,26.9,27.14,5931785,1.0,0.0
2020-07-08,27.08,27.13,25.44,25.86,5560406,1.0,0.0
2020-07-09,26.03,26.055,25.44,25.75,4392191,1.0,0.0
2020-07-10,25.83,26.62,25.7,26.62,2464116,1.0,0.0
2020-07-13,27.11,27.18,26.6,26.84,2782076,1.0,0.0
2020-07-14,26.67,27.24,26.51,27.08,8445567,1.0,0.0
2020-07-15,27.86,28.05,27.42,27.94,2994244,1.0,0.0
2020-07-16,27.75,28.255,27.715,27.92,1977322,1.0,0.0
2020-07-17,28.06,28.43,27.75,28.35,2703660,1.0,0.0
2020-07-20,28.13,28.26,27.72,27.72,1677290,1.0,0.0
2020-07-21,27.86,28.45,27.86,28.35,3064249,1.0,0.0
2020-07-22,28.04,28.68,28.04,28.66,1954346,1.0,0.0
2020-07-23,28.47,28.92,28.325,28.67,2428155,1.0,0.0
2020-07-24,28.74,28.81,28.31,28.52,1877399,1.0,0.0
2020-07-27,28.56,29.0,28.48,28.81,2683094,1.0,0.0
2020-07-28,28.66,28.76,28.13,28.19,3500633,1.0,0.0
2020-07-29,28.13,28.83,28.13,28.81,2840177,1.0,0.0
2020-07-30,28.22,28.53,27.79,28.48,3312088,1.0,0.0
2020-07-31,28.4,28.7,28.02,28.56,7305092,1.0,0.0
2020-08-03,28.78,28.9,28.47,28.52,3600622,1.0,0.0
2020-08-04,28.5,28.998,28.43,28.71,4663450,1.0,0.0
2020-08-05,29.0,29.14,28.55,28.55,5503616,1.0,0.0
2020-08-06,26.88,27.25,25.22,25.42,11668159,1.0,0.0
2020-08-07,25.34,25.5,24.83,25.32,7459980,1.0,0.0
2020-08-10,25.04,25.63,24.98,25.42,8355810,1.0,0.0
2020-08-11,25.89,27.03,25.745,26.78,8120089,1.0,0.0
2020-08-12,27.2,27.3,26.13,26.36,5141333,1.0,0.0
2020-08-13,26.33,27.0,26.08,26.92,9040551,1.0,0.13
2020-08-14,26.75,28.11,26.56,27.87,5367304,1.0,0.0
2020-08-17,27.89,28.14,27.3333,27.77,9249371,1.0,0.0
2020-08-18,27.85,28.42,27.81,28.4,3124710,1.0,0.0
2020-08-19,28.15,28.61,28.0,28.56,5122041,1.0,0.0
2020-08-20,28.25,28.8,28.17,28.8,4583464,1.0,0.0
2020-08-21,28.64,28.7,28.015,28.44,6864286,1.0,0.0
2020-08-24,28.87,28.98,28.2,28.54,4409533,1.0,0.0
2020-08-25,28.7,29.17,28.61,28.65,2343959,1.0,0.0
2020-08-26,28.65,29.28,28.43,29.23,2458279,1.0,0.0
2020-08-27,29.24,29.45,29.055,29.29,1791335,1.0,0.0
2020-08-28,29.4,29.82,29.13,29.52,3206258,1.0,0.0
2020-08-31,29.43,29.43,28.53,28.55,3974808,1.0,0.0
2020-09-01,28.58,29.45,28.42,29.44,3806206,1.0,0.0
2020-09-02,29.33,30.19,29.12,30.13,3610156,1.0,0.0
2020-09-03,29.92,30.21,29.11,29.41,3801120,1.0,0.0
2020-09-04,29.8,30.12,29.055,29.32,5136770,1.0,0.0
2020-09-08,29.07,29.07,28.23,28.3,4213521,1.0,0.0
2020-09-09,28.54,29.41,28.51,28.74,2817967,1.0,0.0
2020-09-10,28.72,29.26,28.69,29.14,4137964,1.0,0.0
2020-09-11,29.34,29.45,28.93,29.02,3131393,1.0,0.0
2020-09-14,29.11,29.43,28.845,28.97,3917858,1.0,0.0
2020-09-15,29.06,29.69,29.03,29.45,3128210,1.0,0.0
2020-09-16,29.59,29.96,29.135,29.23,5771304,1.0,0.0
2020-09-17,28.9,29.76,28.74,29.58,5728463,1.0,0.0
2020-09-18,29.63,29.72,28.855,28.99,7175644,1.0,0.0
2020-09-21,28.19,28.52,27.915,28.22,6130210,1.0,0.0
2020-09-22,28.09,28.24,27.81,28.09,5703542,1.0,0.0
2020-09-23,27.91,28.31,27.39,27.46,4874210,1.0,0.0
2020-09-24,27.46,27.955,27.18,27.63,3031670,1.0,0.0
2020-09-25,27.37,28.535,27.31,28.38,2556320,1.0,0.0
2020-09-28,28.82,29.32,28.75,28.97,2714421,1.0,0.0
2020-09-29,28.77,29.02,28.485,28.59,1972054,1.0,0.0
2020-09-30,28.77,29.54,28.525,28.81,8009369,1.0,0.0
2020-10-01,28.88,29.31,28.61,28.68,4918397,1.0,0.0
2020-10-02,28.4,29.78,28.29,29.37,4851511,1.0,0.0
2020-10-05,29.77,30.28,29.77,30.11,5166316,1.0,0.0
2020-10-06,30.34,30.755,30.03,30.09,4972401,1.0,0.0
2020-10-07,30.41,31.08,30.37,30.53,5575586,1.0,0.0
2020-10-08,31.785,32.64,31.296,32.33,7033580,1.0,0.0
2020-10-09,32.45,33.69,32.29,33.43,5323332,1.0,0.0
2020-10-12,33.61,33.86,33.31,33.59,3968146,1.0,0.0
2020-10-13,33.31,33.77,33.012,33.7,5405359,1.0,0.0
2020-10-14,33.79,34.36,33.47,33.82,3363739,1.0,0.0
2020-10-15,33.18,34.095,33.18,33.99,3035106,1.0,0.0
2020-10-16,34.33,34.41,34.07,34.08,2802175,1.0,0.0
2020-10-19,34.26,34.54,33.19,33.52,5716511,1.0,0.0
2020-10-20,33.74,33.75,32.9201,33.07,3697381,1.0,0.0
2020-10-21,33.1,33.29,32.731,32.9,3451405,1.0,0.0
2020-10-22,32.94,33.37,32.75,33.13,2646252,1.0,0.0
2020-10-23,33.15,33.495,33.04,33.17,3552384,1.0,0.0
2020-10-26,32.83,33.0,32.205,32.71,2679153,1.0,0.0
2020-10-27,32.78,32.84,32.33,32.34,2268415,1.0,0.0
2020-10-28,31.46,32.12,31.16,31.86,3974030,1.0,0.0
2020-10-29,31.6,32.685,31.54,32.5,3935998,1.0,0.0
2020-10-30,32.39,32.98,32.11,32.98,4327679,1.0,0.0
2020-11-02,33.28,33.84,33.1,33.48,3722347,1.0,0.0
2020-11-03,33.4,33.55,32.53,32.93,3620630,1.0,0.0
2020-11-04,32.96,33.385,32.11,32.78,3832378,1.0,0.0
2020-11-05,33.15,34.45,33.09,33.94,3876232,1.0,0.0
2020-11-06,34.19,34.3888,33.615,33.7,2576803,1.0,0.0
2020-11-09,34.99,36.28,34.6,34.64,4633890,1.0,0.0
2020-11-10,34.75,36.39,34.75,36.23,6713314,1.0,0.0
2020-11-11,36.37,36.9,36.15,36.63,4494531,1.0,0.0
2020-11-12,36.34,36.34,34.865,35.06,3750481,1.0,0.13
2020-11-13,35.13,36.22,35.13,36.01,3362175,1.0,0.0
2020-11-16,36.9,37.57,36.34,37.43,3498139,1.0,0.0
2020-11-17,37.01,37.295,36.56,37.02,3706195,1.0,0.0
2020-11-18,37.24,37.54,36.69,36.69,2329434,1.0,0.0
2020-11-19,36.64,37.31,36.39,36.96,3274134,1.0,0.0
2020-11-20,36.935,37.27,36.85,37.16,2536475,1.0,0.0
2020-11-23,37.53,38.3,37.52,37.79,2712124,1.0,0.0
2020-11-24,38.16,39.01,37.91,38.9,4358182,1.0,0.0
2020-11-25,38.78,38.89,38.325,38.58,2738902,1.0,0.0
2020-11-27,38.54,38.97,38.32,38.41,1368518,1.0,0.0
2020-11-30,38.41,38.59,37.74,38.32,4864602,1.0,0.0
2020-12-01,38.7,39.44,38.24,38.31,3355883,1.0,0.0
2020-12-02,38.13,38.675,37.91,38.27,3503803,1.0,0.0
2020-12-03,38.16,38.62,37.86,38.21,2874223,1.0,0.0
2020-12-04,38.39,38.82,38.25,38.65,3633546,1.0,0.0
2020-12-07,38.49,38.775,37.835,37.94,3012869,1.0,0.0
2020-12-08,37.76,38.455,37.61,38.42,4178090,1.0,0.0
2020-12-09,38.47,39.37,38.46,39.01,3293831,1.0,0.0
2020-12-10,38.67,39.23,38.49,38.74,3124009,1.0,0.0
2020-12-11,38.31,38.7,38.06,38.39,3131011,1.0,0.0
2020-12-14,40.0,40.23,38.715,38.76,3593995,1.0,0.0
2020-12-15,39.24,39.3184,38.24,39.22,3789059,1.0,0.0
2020-12-16,39.3,39.3,38.62,39.08,3164683,1.0,0.0
2020-12-17,39.33,39.7,39.212,39.68,4322032,1.0,0.0
2020-12-18,39.42,39.68,38.825,39.41,9395218,1.0,0.0
2020-12-21,38.66,39.62,38.321,39.55,2894338,1.0,0.0
2020-12-22,39.61,39.715,38.95,38.98,2713807,1.0,0.0
2020-12-23,39.11,39.54,39.11,39.18,2330783,1.0,0.0
2020-12-24,39.03,39.55,39.03,39.5,847621,1.0,0.0
2020-12-28,39.37,39.57,38.32,38.35,2516496,1.0,0.0
2020-12-29,38.67,38.92,37.675,37.94,3183934,1.0,0.0
2020-12-30,38.19,38.69,38.01,38.44,3396803,1.0,0.0
2020-12-31,38.66,38.97,38.29,38.72,2316766,1.0,0.0
2021-01-04,38.87,39.2,38.09,38.35,3693717,1.0,0.0
2021-01-05,38.28,39.05,38.22,38.82,2647663,1.0,0.0
2021-01-06,39.32,41.51,38.99,41.07,4991444,1.0,0.0
2021-01-07,41.65,42.49,41.38,41.8,3986208,1.0,0.0
2021-01-08,42.52,43.33,42.17,43.25,4667516,1.0,0.0
2021-01-11,42.64,43.76,42.455,43.62,3624073,1.0,0.0
2021-01-12,43.5,44.85,43.08,44.58,4506458,1.0,0.0
2021-01-13,44.48,44.96,43.46,44.13,2634721,1.0,0.0
2021-01-14,44.31,44.74,44.06,44.21,2113071,1.0,0.0
2021-01-15,43.88,43.99,43.05,43.75,3792192,1.0,0.0
2021-01-19,43.7,43.81,42.9,43.53,2507927,1.0,0.0
2021-01-20,43.88,43.9,43.29,43.66,2660876,1.0,0.0
2021-01-21,43.79,44.36,41.33,41.65,6190580,1.0,0.0
2021-01-22,41.28,42.28,41.05,42.06,5238957,1.0,0.0
2021-01-25,41.66,41.85,40.09,41.3,4729569,1.0,0.0
2021-01-26,41.59,41.83,39.47,39.48,3252156,1.0,0.0
2021-01-27,38.83,38.87,36.54,38.69,5413581,1.0,0.0
2021-01-28,39.25,40.63,39.14,40.29,4019079,1.0,0.0
2021-01-29,39.93,40.39,39.38,39.86,3686822,1.0,0.0
2021-02-01,40.14,41.09,39.86,40.71,2761917,1.0,0.0
2021-02-02,41.28,41.86,41.08,41.49,2451351,1.0,0.0
2021-02-03,41.53,42.14,41.2225,41.86,2668653,1.0,0.0
2021-02-04,41.85,43.33,41.2,42.66,3403335,1.0,0.0
2021-02-05,44.68,44.93,43.75,43.9,3533277,1.0,0.0
2021-02-08,43.94,44.14,43.3,43.61,2719501,1.0,0.0
2021-02-09,43.67,43.98,43.21,43.43,4501357,1.0,0.0
2021-02-10,43.46,43.55,42.24,43.04,3233048,1.0,0.0
2021-02-11,42.96,43.8,42.88,43.54,3030170,1.0,0.0
2021-02-12,43.55,44.455,43.525,44.37,1973643,1.0,0.0
2021-02-16,44.32,45.355,44.31,45.28,2532400,1.0,0.0
2021-02-17,45.0,45.175,44.22,44.98,1870947,1.0,0.0
2021-02-18,44.91,45.08,43.44,44.2,3106420,1.0,0.0
2021-02-19,44.36,45.86,44.3,45.47,3558446,1.0,0.0
2021-02-22,45.58,46.76,45.11,46.68,4296994,1.0,0.0
2021-02-23,46.51,46.895,45.88,46.43,6306042,1.0,0.0
2021-02-24,46.49,47.15,46.32,46.41,3217034,1.0,0.0
2021-02-25,46.66,46.66,45.03,45.36,2919828,1.0,0.0
2021-02-26,45.22,45.78,44.37,45.15,4856433,1.0,0.13
2021-03-01,45.82,46.74,45.76,46.27,2553405,1.0,0.0
2021-03-02,46.33,46.81,45.72,45.78,2935832,1.0,0.0
2021-03-03,45.56,45.96,45.1,45.34,2842431,1.0,0.0
2021-03-04,45.09,45.34,43.07,43.85,3530294,1.0,0.0
2021-03-05,44.35,45.015,42.9,44.84,2853605,1.0,0.0
2021-03-08,45.34,46.31,44.86,44.9,3485328,1.0,0.0
2021-03-09,45.03,45.46,44.56,44.71,3973915,1.0,0.0
2021-03-10,45.02,47.14,44.9,47.0,3388465,1.0,0.0
2021-03-11,47.25,47.67,46.75,46.86,2487730,1.0,0.0
2021-03-12,47.0,47.09,46.23,46.9,2176699,1.0,0.0
2021-03-15,46.86,46.9,45.55,46.83,2993378,1.0,0.0
2021-03-16,46.83,46.88,45.8624,46.17,2300394,1.0,0.0
2021-03-17,46.2,47.3,46.185,47.26,2711149,1.0,0.0
2021-03-18,47.25,47.98,46.615,46.96,3208172,1.0,0.0
2021-03-19,46.73,47.67,46.07,47.07,9286777,1.0,0.0
2021-03-22,47.6,47.96,46.85,47.3,3358922,1.0,0.0
2021-03-23,46.69,47.0,45.57,45.85,4287183,1.0,0.0
2021-03-24,46.17,46.81,45.99,46.19,3425171,1.0,0.0
2021-03-25,45.93,47.11,45.6,46.78,3739814,1.0,0.0
2021-03-26,47.35,48.05,46.91,47.91,3358654,1.0,0.0
2021-03-29,47.78,48.48,47.52,47.77,4063402,1.0,0.0
2021-03-30,47.58,47.89,46.74,46.94,2573042,1.0,0.0
2021-03-31,46.86,47.29,46.255,46.62,3814147,1.0,0.0
2021-04-01,46.94,46.98,46.04,46.74,2976933,1.0,0.0
2021-04-05,46.88,47.24,46.64,47.04,3039123,1.0,0.0
2021-04-06,47.1,47.97,46.9,47.74,2541379,1.0,0.0
2021-04-07,47.8,47.8,46.54,46.75,2208881,1.0,0.0
2021-04-08,46.51,47.12,46.18,46.93,2181874,1.0,0.0
2021-04-09,47.27,47.645,46.82,47.13,2552897,1.0,0.0
2021-04-12,47.36,47.65,46.83,47.1,2449860,1.0,0.0
2021-04-13,47.11,47.2,46.51,46.87,2542725,1.0,0.0
2021-04-14,46.83,47.64,46.77,47.22,2958067,1.0,0.0
2021-04-15,47.59,47.715,46.8725,47.52,2190343,1.0,0.0
2021-04-16,47.97,48.14,47.29,47.5,2834909,1.0,0.0
2021-04-19,47.71,47.88,46.9,47.52,3157164,1.0,0.0
2021-04-20,47.36,47.825,46.66,46.96,2421930,1.0,0.0
2021-04-21,46.88,48.3,46.73,48.28,2732634,1.0,0.0
2021-04-22,48.34,48.87,47.69,48.08,3445566,1.0,0.0
2021-04-23,48.09,48.915,47.95,48.63,2501287,1.0,0.0
2021-04-26,48.72,49.34,48.645,48.87,1890018,1.0,0.0
2021-04-27,48.79,49.27,48.6,49.16,2083449,1.0,0.0
2021-04-28,49.42,49.81,49.06,49.19,2641622,1.0,0.0
2021-04-29,49.56,49.73,49.02,49.56,1808989,1.0,0.0
2021-04-30,49.4,49.755,48.7,48.76,2426066,1.0,0.0
2021-05-03,49.23,49.98,49.07,49.73,2480708,1.0,0.0
2021-05-04,49.0,49.84,48.76,49.79,3447129,1.0,0.0
2021-05-05,47.55,47.99,46.81,47.68,4184315,1.0,0.0
2021-05-06,47.81,48.45,46.57,48.41,3228853,1.0,0.0
2021-05-07,48.28,49.2925,48.18,48.86,3362798,1.0,0.0
2021-05-10,49.19,49.98,46.84,46.99,5547312,1.0,0.0
2021-05-11,46.29,47.25,45.7,47.09,4086405,1.0,0.0
2021-05-12,47.53,47.6,45.04,45.18,4909574,1.0,0.0
2021-05-13,45.2,46.23,44.88,45.92,6047403,1.0,0.13
2021-05-14,46.33,46.79,46.1,46.32,2211850,1.0,0.0
2021-05-17,46.54,46.67,45.89,46.22,4149014,1.0,0.0
2021-05-18,45.96,46.29,45.7,45.78,3353395,1.0,0.0
2021-05-19,45.33,45.43,44.44,44.82,3138406,1.0,0.0
2021-05-20,44.79,44.93,44.09,44.13,4226075,1.0,0.0
2021-05-21,44.66,45.29,44.6,44.7,4346073,1.0,0.0
2021-05-24,45.04,45.45,44.913,45.15,4032138,1.0,0.0
2021-05-25,45.1,45.715,44.58,44.6,3549460,1.0,0.0
2021-05-26,44.78,45.02,44.36,44.78,4609100,1.0,0.0
2021-05-27,45.3,45.8,45.05,45.18,3708616,1.0,0.0
2021-05-28,45.42,45.68,45.15,45.5,3028134,1.0,0.0
2021-06-01,46.0,46.172,45.705,45.97,2543093,1.0,0.0
2021-06-02,46.11,46.115,45.41,45.66,2729386,1.0,0.0
2021-06-03,45.32,46.17,45.14,45.98,3318115,1.0,0.0
2021-06-04,46.2,46.3625,45.81,45.96,1437598,1.0,0.0
2021-06-07,46.0,46.28,45.21,45.93,1988973,1.0,0.0
2021-06-08,45.77,46.35,45.47,45.9,2464799,1.0,0.0
2021-06-09,45.85,45.96,45.41,45.49,3077408,1.0,0.0
2021-06-10,45.94,46.01,44.55,44.56,2921808,1.0,0.0
2021-06-11,44.89,45.3,44.3,44.54,2942941,1.0,0.0
2021-06-14,44.47,44.56,43.71,43.96,2263795,1.0,0.0
2021-06-15,44.09,44.67,43.71,44.31,2747713,1.0,0.0
2021-06-16,44.25,44.29,43.525,43.7,3422029,1.0,0.0
2021-06-17,43.66,43.78,42.51,43.51,5380733,1.0,0.0
2021-06-18,42.74,43.19,42.59,42.71,7900486,1.0,0.0
2021-06-21,43.15,43.8,43.15,43.41,3819297,1.0,0.0
2021-06-22,43.47,43.7,43.1,43.49,2226126,1.0,0.0
2021-06-23,43.48,44.025,43.48,43.57,2627155,1.0,0.0
2021-06-24,43.84,44.875,43.46,44.35,3528935,1.0,0.0
2021-06-25,44.65,44.73,44.0,44.16,3675782,1.0,0.0
2021-06-28,44.15,44.465,43.565,44.34,3515001,1.0,0.0
2021-06-29,44.74,45.06,44.19,44.28,2121793,1.0,0.0
2021-06-30,44.43,44.465,44.035,44.35,3230221,1.0,0.0
2021-07-01,44.54,44.9,44.075,44.62,2103832,1.0,0.0
2021-07-02,44.735,44.82,44.2,44.5,1833914,1.0,0.0
2021-07-06,44.45,44.5,43.82,44.09,2183634,1.0,0.0
2021-07-07,43.76,44.35,42.88,43.38,3348050,1.0,0.0
2021-07-08,42.94,43.29,42.561,42.9,2307695,1.0,0.0
2021-07-09,43.55,43.62,42.955,43.45,3265598,1.0,0.0
2021-07-12,42.89,44.01,42.69,43.8,2485528,1.0,0.0
2021-07-13,43.92,44.1,42.95,43.05,2388227,1.0,0.0
2021-07-14,43.1,43.68,42.58,42.67,3114241,1.0,0.0
2021-07-15,42.4,43.04,42.12,42.42,2904396,1.0,0.0
2021-07-16,42.49,42.65,41.595,41.81,3419683,1.0,0.0
2021-07-19,41.14,41.32,40.6,40.93,4629238,1.0,0.0
2021-07-20,40.91,42.02,40.74,41.73,2978324,1.0,0.0
2021-07-21,42.25,42.68,42.065,42.21,3482731,1.0,0.0
2021-07-22,42.34,42.385,41.725,42.27,1458530,1.0,0.0
2021-07-23,42.46,42.46,41.9,42.13,1590301,1.0,0.0
2021-07-26,42.26,42.45,41.85,42.35,2840233,1.0,0.0
2021-07-27,42.0,42.58,41.41,42.53,2860152,1.0,0.0
2021-07-28,42.67,43.15,42.45,42.82,2819794,1.0,0.0
2021-07-29,43.27,43.78,43.11,43.22,2344832,1.0,0.0
2021-07-30,42.81,43.495,42.72,42.78,2116196,1.0,0.0
2021-08-02,43.0,43.45,42.45,42.48,1803254,1.0,0.0
2021-08-03,42.6,43.105,42.27,43.07,3147166,1.0,0.0
2021-08-04,42.79,42.89,42.24,42.27,2159019,1.0,0.0
2021-08-05,42.33,42.67,41.41,41.44,5051807,1.0,0.0
2021-08-06,44.0,45.71,43.75,44.76,6031183,1.0,0.0
2021-08-09,44.86,45.56,44.56,45.18,4724298,1.0,0.0
2021-08-10,45.16,45.83,45.03,45.63,3043682,1.0,0.0
2021-08-11,45.65,45.88,45.34,45.74,2455496,1.0,0.0
2021-08-12,45.61,46.18,45.11,46.06,2987426,1.0,0.14
2021-08-13,46.14,46.33,45.9,45.99,2862554,1.0,0.0
2021-08-16,45.5,45.66,45.11,45.17,4733230,1.0,0.0
2021-08-17,45.0,45.25,44.34,45.07,6382798,1.0,0.0
2021-08-18,44.82,45.325,43.9,43.94,3524719,1.0,0.0
2021-08-19,43.26,43.685,42.47,42.55,2458075,1.0,0.0
2021-08-20,42.49,42.81,41.835,41.94,3006172,1.0,0.0
2021-08-23,42.17,42.37,41.855,41.95,3609830,1.0,0.0
2021-08-24,42.01,42.82,42.01,42.55,3524640,1.0,0.0
2021-08-25,42.47,43.965,42.27,43.78,3784441,1.0,0.0
2021-08-26,43.85,44.535,43.66,43.99,3495477,1.0,0.0
2021-08-27,44.23,44.835,44.1,44.18,2580382,1.0,0.0
2021-08-30,44.27,44.27,43.71,43.76,1854876,1.0,0.0
2021-08-31,43.89,44.03,43.48,43.97,4187033,1.0,0.0
2021-09-01,44.36,44.495,43.64,44.38,2517966,1.0,0.0
2021-09-02,44.44,45.43,44.41,44.92,2817573,1.0,0.0
2021-09-03,44.81,45.475,44.81,44.92,3472010,1.0,0.0
2021-09-07,44.62,44.76,44.29,44.33,2455141,1.0,0.0
2021-09-08,44.34,44.6,43.6,44.14,3013403,1.0,0.0
2021-09-09,43.92,44.14,43.52,43.58,2703332,1.0,0.0
2021-09-10,44.12,44.12,43.36,43.42,2061251,1.0,0.0
2021-09-13,43.6,43.85,42.62,43.14,1907390,1.0,0.0
2021-09-14,43.36,43.46,42.16,42.26,1787465,1.0,0.0
2021-09-15,42.3,43.09,42.235,42.97,2177886,1.0,0.0
2021-09-16,42.9,42.98,42.3,42.58,2711222,1.0,0.0
2021-09-17,42.45,42.93,41.31,41.87,7032059,1.0,0.0
2021-09-20,41.0,41.57,40.72,41.49,2506616,1.0,0.0
2021-09-21,41.67,41.8,41.135,41.4,3350932,1.0,0.0
2021-09-22,41.88,42.395,41.78,41.94,2126662,1.0,0.0
2021-09-23,42.2,42.79,42.12,42.41,2644136,1.0,0.0
2021-09-24,42.25,42.55,42.03,42.31,2311815,1.0,0.0
2021-09-27,42.37,43.57,42.37,43.46,2967197,1.0,0.0
2021-09-28,43.58,44.01,42.685,43.04,2988446,1.0,0.0
2021-09-29,43.18,43.23,42.61,42.86,2024662,1.0,0.0
2021-09-30,42.9,43.08,42.06,42.08,2433214,1.0,0.0
2021-10-01,42.35,43.865,42.19,43.5,3540553,1.0,0.0
2021-10-04,43.6,43.87,42.41,42.55,2853882,1.0,0.0
2021-10-05,42.69,43.885,42.48,43.46,3173838,1.0,0.0
2021-10-06,42.85,43.035,41.5675,42.0,3050246,1.0,0.0
2021-10-07,42.47,43.05,42.29,42.49,2005383,1.0,0.0
2021-10-08,42.76,43.1999,42.5,42.78,1402742,1.0,0.0
2021-10-11,42.93,43.39,42.42,42.46,1257912,1.0,0.0
2021-10-12,42.21,42.56,41.78,41.95,1609019,1.0,0.0
2021-10-13,42.32,42.35,41.37,42.24,2374043,1.0,0.0
2021-10-14,42.59,43.61,42.53,43.37,1530603,1.0,0.0
2021-10-15,43.68,43.925,43.33,43.51,2226147,1.0,0.0
2021-10-18,42.425,43.52,42.11,43.28,2104569,1.0,0.0
2021-10-19,43.51,43.675,42.93,43.63,1418628,1.0,0.0
2021-10-20,43.55,44.53,43.55,44.13,2084946,1.0,0.0
2021-10-21,43.83,44.0,42.59,42.71,2653525,1.0,0.0
2021-10-22,42.75,43.25,42.58,42.75,1875722,1.0,0.0
2021-10-25,42.99,43.1,42.49,42.52,3361239,1.0,0.0
2021-10-26,42.65,42.855,42.309,42.71,1655720,1.0,0.0
2021-10-27,42.46,42.55,42.07,42.11,2147275,1.0,0.0
2021-10-28,42.19,43.1399,42.19,43.04,2593441,1.0,0.0
2021-10-29,42.91,43.49,42.69,43.15,3683941,1.0,0.0
2021-11-01,43.17,43.43,42.85,43.01,2298465,1.0,0.0
2021-11-02,43.05,43.34,42.14,42.84,4178772,1.0,0.0
2021-11-03,42.62,45.14,42.62,44.81,4392865,1.0,0.0
2021-11-04,45.5,47.65,45.18,47.4,4465876,1.0,0.0
2021-11-05,47.68,48.57,47.3,47.6,2727275,1.0,0.0
2021-11-08,47.91,48.18,46.41,46.54,4538183,1.0,0.0
2021-11-09,46.62,48.1199,46.61,47.85,2539705,1.0,0.0
2021-11-10,47.45,48.18,47.3,47.68,2025294,1.0,0.14
2021-11-11,47.61,48.3,47.56,47.69,1397380,1.0,0.0
2021-11-12,47.9,48.77,47.835,48.7,3804322,1.0,0.0
2021-11-15,49.065,49.4,48.09,48.37,1790748,1.0,0.0
2021-11-16,48.87,49.1,48.4,48.43,1645698,1.0,0.0
2021-11-17,48.23,48.73,48.05,48.35,1533076,1.0,0.0
2021-11-18,48.58,49.0,48.28,48.67,2404850,1.0,0.0
2021-11-19,48.33,48.49,47.645,47.81,3253658,1.0,0.0
2021-11-22,47.95,48.765,47.54,47.55,2710682,1.0,0.0
2021-11-23,47.7,47.99,47.02,47.9,2005211,1.0,0.0
2021-11-24,47.54,47.85,47.27,47.57,1291876,1.0,0.0
2021-11-26,46.2,47.01,46.12,46.83,1306476,1.0,0.0
2021-11-29,47.295,47.4,46.43,46.59,2080703,1.0,0.0
2021-11-30,46.3,46.42,44.77,45.0,4761851,1.0,0.0
2021-12-01,45.78,46.97,44.64,44.66,2598906,1.0,0.0
2021-12-02,44.98,46.5,44.885,46.19,2705230,1.0,0.0
2021-12-03,46.25,47.5,45.575,46.04,3760310,1.0,0.0
2021-12-06,46.64,47.55,46.34,47.1,3202452,1.0,0.0
2021-12-07,47.68,48.42,47.49,47.75,2661738,1.0,0.0
2021-12-08,48.09,48.35,47.4965,48.11,2712159,1.0,0.0
2021-12-09,47.8,48.42,47.73,48.03,1983871,1.0,0.0
2021-12-10,48.4,48.66,47.69,47.96,2242509,1.0,0.0
2021-12-13,47.6,47.65,46.55,46.63,2268762,1.0,0.0
2021-12-14,46.54,47.03,46.125,46.31,2425291,1.0,0.0
2021-12-15,46.26,46.26,45.12,46.09,2913145,1.0,0.0
2021-12-16,46.44,47.455,46.3,46.98,3363804,1.0,0.0
2021-12-17,47.14,47.14,45.94,46.08,6903462,1.0,0.0
2021-12-20,45.68,45.68,43.89,44.76,3372705,1.0,0.0
2021-12-21,45.27,46.12,45.07,45.82,2223361,1.0,0.0
2021-12-22,45.85,46.22,45.65,45.93,2940458,1.0,0.0
2021-12-23,46.02,46.79,45.94,46.44,1923810,1.0,0.0
2021-12-27,46.39,47.03,46.25,47.01,1310568,1.0,0.0
2021-12-28,46.94,47.54,46.81,47.38,1616685,1.0,0.0
2021-12-29,47.21,47.53,47.03,47.35,1160851,1.0,0.0
2021-12-30,47.5,47.76,47.06,47.12,1192163,1.0,0.0
2021-12-31,46.94,47.42,46.88,47.28,1457030,1.0,0.0
2022-01-03,47.4,47.78,46.79,46.9,2071223,1.0,0.0
2022-01-04,47.11,48.33,47.11,47.77,2529244,1.0,0.0
2022-01-05,48.02,48.26,47.21,47.24,2498577,1.0,0.0
2022-01-06,47.54,48.25,47.07,47.9,2685836,1.0,0.0
2022-01-07,47.9,48.8,47.8,48.42,2463697,1.0,0.0
2022-01-10,48.3,48.3,46.82,47.39,2145246,1.0,0.0
2022-01-11,47.51,48.49,47.25,48.41,1866910,1.0,0.0
2022-01-12,48.97,49.35,48.49,48.86,1988095,1.0,0.0
2022-01-13,48.82,49.41,48.54,48.9,2107794,1.0,0.0
2022-01-14,48.32,48.78,47.815,48.6,2039623,1.0,0.0
2022-01-18,48.14,48.36,47.75,48.14,1825384,1.0,0.0
2022-01-19,48.43,48.5,47.17,47.22,1967063,1.0,0.0
2022-01-20,47.5,47.98,46.4,46.54,2191210,1.0,0.0
2022-01-21,46.17,46.75,45.32,45.44,2360688,1.0,0.0
2022-01-24,44.7,46.29,43.74,46.07,3365474,1.0,0.0
2022-01-25,45.04,46.43,44.22,46.05,4314661,1.0,0.0
2022-01-26,46.44,47.11,45.385,46.01,2986438,1.0,0.0
2022-01-27,46.48,47.55,46.3,46.84,2506240,1.0,0.0
2022-01-28,46.76,47.48,46.1,47.46,2271496,1.0,0.0
2022-01-31,47.44,48.2,47.26,48.08,2573608,1.0,0.0
2022-02-01,47.95,48.34,47.36,47.93,4429060,1.0,0.0
2022-02-02,47.87,48.36,47.66,48.13,3597432,1.0,0.0
2022-02-03,48.04,49.35,47.37,48.53,4054994,1.0,0.0
2022-02-04,48.25,50.755,48.25,50.25,4931470,1.0,0.0
2022-02-07,50.35,50.5,49.35,49.55,4646631,1.0,0.0
2022-02-08,49.65,50.42,49.34,50.37,4336105,1.0,0.0
2022-02-09,50.85,51.625,50.8,51.54,2901535,1.0,0.0
2022-02-10,51.3,52.38,50.7,50.95,4628153,1.0,0.0
2022-02-11,50.93,51.74,50.47,51.05,3194816,1.0,0.0
2022-02-14,51.2,51.55,50.37,50.9,5552283,1.0,0.0
2022-02-15,50.44,51.13,50.2,50.89,4652874,1.0,0.0
2022-02-16,51.28,51.9,50.9,51.46,3283716,1.0,0.0
2022-02-17,50.855,51.58,50.46,51.27,2920172,1.0,0.0
2022-02-18,51.49,51.81,50.48,50.7,2670090,1.0,0.0
2022-02-22,50.72,51.24,50.25,50.67,2885254,1.0,0.0
2022-02-23,50.99,51.51,50.31,50.42,3330841,1.0,0.0
2022-02-24,49.6,50.155,49.01,50.05,3156925,1.0,0.0
2022-02-25,50.29,51.86,50.18,51.84,3414261,1.0,0.0
2022-02-28,51.01,52.06,50.65,52.03,4551885,1.0,0.14
2022-03-01,52.12,52.36,50.02,50.37,3091149,1.0,0.0
2022-03-02,50.83,51.81,50.74,51.3,4594263,1.0,0.0
2022-03-03,51.65,51.77,50.925,51.52,3877005,1.0,0.0
2022-03-04,51.04,51.53,50.12,51.48,5847236,1.0,0.0
2022-03-07,51.89,54.02,51.1,51.22,8059268,1.0,0.0
2022-03-08,51.06,51.74,49.56,50.08,5231180,1.0,0.0
2022-03-09,50.41,51.93,50.22,51.53,4827339,1.0,0.0
2022-03-10,51.05,53.69,51.05,53.59,4712610,1.0,0.0
2022-03-11,53.84,55.04,53.3588,53.65,4039079,1.0,0.0
2022-03-14,53.94,54.8,53.21,54.21,4971068,1.0,0.0
2022-03-15,54.12,55.44,53.87,54.99,5530365,1.0,0.0
2022-03-16,55.49,56.1,53.94,54.76,5367592,1.0,0.0
2022-03-17,54.41,55.965,54.4,55.79,4400013,1.0,0.0
2022-03-18,55.8,55.98,55.04,55.85,11051225,1.0,0.0
2022-03-21,56.19,56.98,55.585,56.95,5763435,1.0,0.0
2022-03-22,57.25,57.34,56.29,56.48,4639327,1.0,0.0
2022-03-23,57.17,57.73,56.45,57.41,3902542,1.0,0.0
2022-03-24,57.65,58.74,57.62,58.49,4758768,1.0,0.0
2022-03-25,58.52,59.81,58.52,59.79,4660690,1.0,0.0
2022-03-28,59.34,59.58,58.6,59.03,3276622,1.0,0.0
2022-03-29,57.85,58.12,56.25,58.03,4215056,1.0,0.0
2022-03-30,58.53,59.09,57.99,58.37,3440059,1.0,0.0
2022-03-31,58.04,58.94,57.36,57.48,4327779,1.0,0.0
2022-04-01,57.91,58.45,57.64,58.29,2430949,1.0,0.0
2022-04-04,58.33,58.88,57.345,58.67,2356832,1.0,0.0
2022-04-05,58.8,59.14,58.04,58.28,3219961,1.0,0.0
2022-04-06,58.2,58.74,57.87,58.05,2868917,1.0,0.0
2022-04-07,58.22,58.75,57.915,58.49,2321865,1.0,0.0
2022-04-08,59.2,60.31,58.86,59.64,2478899,1.0,0.0
2022-04-11,59.75,60.07,59.35,59.75,2487715,1.0,0.0
2022-04-12,59.84,60.73,59.61,60.63,2813072,1.0,0.0
2022-04-13,60.84,61.21,60.11,60.95,2193499,1.0,0.0
2022-04-14,61.33,61.74,60.88,61.01,3714367,1.0,0.0
2022-04-18,61.03,61.5,60.72,60.95,3289692,1.0,0.0
2022-04-19,61.35,61.83,60.64,61.14,3865475,1.0,0.0
2022-04-20,61.56,61.885,60.41,61.32,4165732,1.0,0.0
2022-04-21,61.88,62.04,60.1,60.21,3942253,1.0,0.0
2022-04-22,59.84,60.17,57.19,57.68,4987525,1.0,0.0
2022-04-25,56.89,57.53,55.78,57.3,4215669,1.0,0.0
2022-04-26,57.24,57.77,56.5,56.63,4110246,1.0,0.0
2022-04-27,56.93,57.9099,56.49,57.22,4522688,1.0,0.0
2022-04-28,57.71,58.055,56.865,57.82,4602194,1.0,0.0
2022-04-29,58.07,58.89,57.57,57.69,6933081,1.0,0.0
2022-05-02,57.77,58.0,56.15,57.34,5231563,1.0,0.0
2022-05-03,57.41,57.58,56.5,57.26,5304860,1.0,0.0
2022-05-04,57.52,59.215,57.05,59.14,5023765,1.0,0.0
2022-05-05,56.35,59.6,56.33,58.04,6842855,1.0,0.0
2022-05-06,57.14,57.27,54.83,55.74,5236628,1.0,0.0
2022-05-09,55.035,55.035,52.95,53.08,5314381,1.0,0.0
2022-05-10,54.25,54.38,52.2638,52.82,4323317,1.0,0.0
2022-05-11,52.8,54.48,52.54,53.6,3899595,1.0,0.0
2022-05-12,53.03,54.06,52.68,54.05,3748617,1.0,0.14
2022-05-13,54.48,55.935,54.4,55.47,3881268,1.0,0.0
2022-05-16,55.41,57.18,55.28,56.54,3620718,1.0,0.0
2022-05-17,57.28,57.92,56.67,57.61,4237988,1.0,0.0
2022-05-18,57.036,58.3,56.86,57.09,4319375,1.0,0.0
2022-05-19,56.48,59.076,56.43,59.0,6912310,1.0,0.0
2022-05-20,59.47,59.78,58.04,59.23,9441972,1.0,0.0
2022-05-23,59.85,61.175,59.192,60.91,4956259,1.0,0.0
2022-05-24,60.66,62.195,60.25,62.09,5808470,1.0,0.0
2022-05-25,61.67,62.46,61.395,62.01,5374230,1.0,0.0
2022-05-26,62.52,64.03,62.45,63.17,5745207,1.0,0.0
2022-05-27,62.94,63.115,61.22,62.91,6501955,1.0,0.0
2022-05-31,62.98,63.97,62.36,62.62,12551196,1.0,0.0
2022-06-01,63.01,63.27,61.801,62.33,4259242,1.0,0.0
2022-06-02,62.72,63.02,62.06,62.54,4820169,1.0,0.0
2022-06-03,62.5,62.7,61.74,62.0,3425023,1.0,0.0
2022-06-06,62.2,62.415,61.38,61.72,2699305,1.0,0.0
2022-06-07,61.35,62.53,61.31,62.38,3560077,1.0,0.0
2022-06-08,61.86,62.4,61.32,62.0,3734440,1.0,0.0
2022-06-09,61.47,61.65,60.86,61.08,4500873,1.0,0.0
2022-06-10,60.16,60.315,57.97,57.98,3551308,1.0,0.0
2022-06-13,56.62,57.19,55.78,56.24,3721429,1.0,0.0
2022-06-14,56.24,56.74,55.87,56.39,4443175,1.0,0.0
2022-06-15,56.87,57.21,54.9,55.53,4482706,1.0,0.0
2022-06-16,54.6,54.73,53.68,54.04,4879999,1.0,0.0
2022-06-17,54.12,54.53,52.66,53.22,12994160,1.0,0.0
2022-06-21,54.46,55.62,53.93,55.37,3590256,1.0,0.0
2022-06-22,53.71,54.66,53.42,53.43,4488630,1.0,0.0
2022-06-23,53.25,53.54,50.755,50.93,5882037,1.0,0.0
2022-06-24,51.43,53.6,51.215,53.56,8329524,1.0,0.0
2022-06-27,53.71,54.32,53.08,54.24,4769113,1.0,0.0
2022-06-28,54.89,55.72,53.9,54.27,4755394,1.0,0.0
2022-06-29,54.49,54.95,53.9775,54.53,3208180,1.0,0.0
2022-06-30,53.9,54.74,53.57,54.14,3588065,1.0,0.0
2022-07-01,53.62,54.44,52.66,54.12,2130538,1.0,0.0
2022-07-05,52.79,53.04,51.26,52.1,4655587,1.0,0.0
2022-07-06,52.13,52.36,50.5,52.04,3851515,1.0,0.0
2022-07-07,53.49,53.6,52.76,52.85,3879711,1.0,0.0
2022-07-08,53.08,53.22,52.09,52.73,2554832,1.0,0.0
2022-07-11,52.16,52.98,52.015,52.91,2249662,1.0,0.0
2022-07-12,52.63,53.5,52.17,52.56,2713275,1.0,0.0
2022-07-13,51.87,52.41,51.6259,51.97,1675241,1.0,0.0
2022-07-14,51.32,51.87,50.03,51.49,3560448,1.0,0.0
2022-07-15,52.31,52.49,51.621,52.0,2589664,1.0,0.0
2022-07-18,52.56,53.04,52.01,52.24,1867539,1.0,0.0
2022-07-19,52.68,54.22,52.61,53.74,2273130,1.0,0.0
2022-07-20,53.41,54.27,53.375,54.02,1679279,1.0,0.0
2022-07-21,53.62,53.91,52.83,53.88,1482329,1.0,0.0
2022-07-22,54.05,54.52,53.58,54.01,1971550,1.0,0.0
2022-07-25,54.62,55.605,54.18,55.47,2642959,1.0,0.0
2022-07-26,55.65,56.02,55.05,55.46,1692205,1.0,0.0
2022-07-27,55.91,56.895,54.97,56.61,2248511,1.0,0.0
2022-07-28,56.805,57.2468,56.27,56.96,2293435,1.0,0.0
2022-07-29,57.43,58.04,57.23,57.55,2338931,1.0,0.0
2022-08-01,57.0,57.53,56.34,56.9,2621627,1.0,0.0
2022-08-02,56.84,56.94,55.6903,55.74,3025200,1.0,0.0
2022-08-03,56.1,56.1,55.56,55.7,3164584,1.0,0.0
2022-08-04,55.59,55.75,54.68,55.22,3218901,1.0,0.0
2022-08-05,56.97,58.41,56.74,57.9,5728092,1.0,0.0
2022-08-08,59.31,60.69,59.02,59.09,4055622,1.0,0.0
2022-08-09,59.13,60.14,59.13,59.72,3022130,1.0,0.0
2022-08-10,60.71,60.945,59.77,60.09,2604531,1.0,0.0
2022-08-11,60.49,61.05,60.1345,60.27,1985316,1.0,0.15
2022-08-12,60.47,61.77,60.14,61.76,2743959,1.0,0.0
2022-08-15,60.86,61.83,60.47,61.61,3836196,1.0,0.0
2022-08-16,61.64,62.32,61.64,62.1,2523074,1.0,0.0
2022-08-17,61.5,61.9,61.21,61.87,1747578,1.0,0.0
2022-08-18,62.29,62.81,62.12,62.37,1980567,1.0,0.0
2022-08-19,62.05,62.1846,61.13,61.33,2232226,1.0,0.0
2022-08-22,60.73,61.34,60.6,61.04,1912766,1.0,0.0
2022-08-23,61.23,61.97,61.23,61.77,1952671,1.0,0.0
2022-08-24,61.9,62.47,61.23,61.9,2307222,1.0,0.0
2022-08-25,62.41,63.345,62.18,63.24,2522422,1.0,0.0
2022-08-26,63.48,63.766,62.28,62.32,1889205,1.0,0.0
2022-08-29,61.6,62.47,61.35,61.91,1801826,1.0,0.0
2022-08-30,61.58,61.87,60.71,61.77,2539263,1.0,0.0
2022-08-31,61.74,62.21,61.18,61.43,3710535,1.0,0.0
2022-09-01,60.78,60.93,59.95,60.81,2468438,1.0,0.0
2022-09-02,61.56,62.21,61.0,61.24,2644096,1.0,0.0
2022-09-06,61.61,61.75,60.03,60.32,2302871,1.0,0.0
2022-09-07,59.885,61.99,59.78,61.82,2058759,1.0,0.0
2022-09-08,61.37,62.13,61.1,62.04,2873519,1.0,0.0
2022-09-09,62.59,62.98,61.795,62.52,2021237,1.0,0.0
2022-09-12,62.87,62.87,61.29,62.11,4922259,1.0,0.0
2022-09-13,61.06,63.83,61.01,62.65,4939195,1.0,0.0
2022-09-14,63.03,64.3,62.76,63.81,5006467,1.0,0.0
2022-09-15,63.81,63.98,61.965,62.12,5786353,1.0,0.0
2022-09-16,61.23,61.6,60.38,61.35,7511967,1.0,0.0
2022-09-19,60.5,61.66,60.5,61.42,2386803,1.0,0.0
2022-09-20,60.84,61.57,60.23,61.4,2707085,1.0,0.0
2022-09-21,62.22,62.22,59.2,59.23,3101520,1.0,0.0
2022-09-22,59.55,60.59,59.55,59.76,3129372,1.0,0.0
2022-09-23,58.78,58.81,57.0911,57.92,2686828,1.0,0.0
2022-09-26,57.88,58.9677,57.515,57.61,3941636,1.0,0.0
2022-09-27,58.25,58.58,56.9,57.26,2357370,1.0,0.0
2022-09-28,57.49,58.695,57.17,58.38,3517694,1.0,0.0
2022-09-29,57.85,58.08,56.59,57.21,2431392,1.0,0.0
2022-09-30,56.94,58.0,56.39,57.15,3688255,1.0,0.0
2022-10-03,58.48,59.475,57.895,59.18,3680104,1.0,0.0
2022-10-04,59.98,61.82,59.92,61.76,3986666,1.0,0.0
2022-10-05,61.36,61.96,61.01,61.52,2978067,1.0,0.0
2022-10-06,61.21,61.96,60.75,60.89,3219235,1.0,0.0
2022-10-07,60.7,61.25,60.1,60.83,2420507,1.0,0.0
2022-10-10,61.33,61.76,60.76,61.05,2133348,1.0,0.0
2022-10-11,60.59,61.73,60.26,60.76,2198777,1.0,0.0
2022-10-12,60.82,61.065,60.16,60.79,2395722,1.0,0.0
2022-10-13,60.11,63.235,59.51,62.95,3068052,1.0,0.0
2022-10-14,63.25,63.25,58.6,58.73,4043244,1.0,0.0
2022-10-17,59.85,60.985,59.85,60.36,2693263,1.0,0.0
2022-10-18,61.77,62.4,60.84,61.62,2934583,1.0,0.0
2022-10-19,61.225,62.24,61.1,61.8,2174033,1.0,0.0
2022-10-20,62.38,62.74,61.37,61.93,2886462,1.0,0.0
2022-10-21,61.96,63.035,61.38,62.88,2566191,1.0,0.0
2022-10-24,63.05,63.77,62.69,63.36,3123387,1.0,0.0
2022-10-25,63.01,65.01,62.99,64.96,4597445,1.0,0.0
2022-10-26,65.495,66.27,64.7,65.87,5580992,1.0,0.0
2022-10-27,66.35,66.69,65.81,65.97,3822579,1.0,0.0
2022-10-28,66.09,66.5,65.2525,66.02,2951217,1.0,0.0
2022-10-31,65.98,66.5,64.89,65.34,3673141,1.0,0.0
2022-11-01,66.03,67.2,65.8,67.11,3694148,1.0,0.0
2022-11-02,67.06,68.43,66.84,66.91,4389154,1.0,0.0
2022-11-03,65.76,67.64,65.73,66.98,5408921,1.0,0.0
2022-11-04,66.98,67.27,63.95,65.37,5373115,1.0,0.0
2022-11-07,65.33,67.02,65.26,66.04,3421765,1.0,0.0
2022-11-08,66.09,67.52,65.88,67.19,2901471,1.0,0.0
2022-11-09,67.07,67.87,66.735,67.05,3595008,1.0,0.0
2022-11-10,68.03,68.03,66.53,67.21,4523979,1.0,0.15
2022-11-11,67.86,68.1,64.2952,64.77,5139269,1.0,0.0
2022-11-14,64.93,67.67,64.83,66.73,3240583,1.0,0.0
2022-11-15,66.72,67.05,64.82,66.72,3422090,1.0,0.0
2022-11-16,66.3,66.59,65.06,65.35,3064298,1.0,0.0
2022-11-17,64.55,65.64,63.76,65.43,3637368,1.0,0.0
2022-11-18,65.64,65.94,64.78,65.2,2999754,1.0,0.0
2022-11-21,65.0,65.72,64.05,65.15,3290256,1.0,0.0
2022-11-22,65.925,66.33,65.38,66.09,1896666,1.0,0.0
2022-11-23,65.99,66.31,65.32,65.8,1653661,1.0,0.0
2022-11-25,66.0,66.33,65.61,66.33,704285,1.0,0.0
2022-11-28,65.71,65.74,64.65,64.93,2570196,1.0,0.0
2022-11-29,65.01,65.88,64.97,65.57,1736501,1.0,0.0
2022-11-30,65.74,67.19,64.804,67.16,5060065,1.0,0.0
2022-12-01,67.35,67.42,65.84,66.25,1705948,1.0,0.0
2022-12-02,65.97,67.55,65.83,67.31,1865132,1.0,0.0
2022-12-05,66.96,67.11,64.03,64.36,2573243,1.0,0.0
2022-12-06,64.5,65.4,63.17,63.66,2674246,1.0,0.0
2022-12-07,63.67,64.33,63.2,63.76,2747658,1.0,0.0
2022-12-08,64.3,64.62,63.49,63.74,1892284,1.0,0.0
2022-12-09,63.53,64.0,62.63,62.99,2078780,1.0,0.0
2022-12-12,63.0,63.28,61.6201,62.29,3637313,1.0,0.0
2022-12-13,63.22,63.625,62.37,62.64,2384637,1.0,0.0
2022-12-14,62.73,63.025,61.4,61.7,2956456,1.0,0.0
2022-12-15,60.99,61.36,59.92,60.23,3922979,1.0,0.0
2022-12-16,59.745,60.08,59.0,59.78,9735234,1.0,0.0
2022-12-19,60.03,60.29,58.015,58.3,3378969,1.0,0.0
2022-12-20,58.55,59.41,58.31,58.89,2645370,1.0,0.0
2022-12-21,59.09,59.9,58.42,59.39,2429054,1.0,0.0
2022-12-22,59.23,59.24,57.96,58.9,2305713,1.0,0.0
2022-12-23,58.91,59.635,58.82,59.38,1136384,1.0,0.0
2022-12-27,59.63,60.03,59.26,59.76,1683886,1.0,0.0
2022-12-28,59.76,59.9298,58.48,58.63,1656839,1.0,0.0
2022-12-29,58.74,59.625,58.74,58.98,1548155,1.0,0.0
2022-12-30,58.76,59.17,58.33,58.78,1858251,1.0,0.0
2023-01-03,58.73,59.12,58.3,58.93,2351176,1.0,0.0
2023-01-04,59.25,59.8,58.72,59.69,3428571,1.0,0.0
2023-01-05,59.23,59.69,58.9,59.04,3314685,1.0,0.0
2023-01-06,59.77,61.14,59.59,61.01,2866982,1.0,0.0
2023-01-09,61.2,61.955,60.75,61.11,2243116,1.0,0.0
2023-01-10,61.42,61.79,60.49,61.75,1736335,1.0,0.0
2023-01-11,62.82,62.95,61.645,62.08,2807697,1.0,0.0
2023-01-12,62.1,62.8511,61.71,62.58,2888531,1.0,0.0
2023-01-13,62.57,63.01,61.8751,62.72,2066326,1.0,0.0
2023-01-17,62.775,63.545,62.65,62.7,3163532,1.0,0.0
2023-01-18,62.94,63.06,61.41,61.51,2621493,1.0,0.0
2023-01-19,61.62,62.36,61.15,62.22,3085751,1.0,0.0
2023-01-20,62.4,62.99,61.65,62.36,2570824,1.0,0.0
2023-01-23,62.32,62.47,61.565,61.9,2754444,1.0,0.0
2023-01-24,62.08,62.55,61.2,62.51,2169461,1.0,0.0
2023-01-25,61.89,63.15,61.42,63.13,2149971,1.0,0.0
2023-01-26,63.5,63.645,62.57,63.13,3726480,1.0,0.0
2023-01-27,62.8,64.085,62.68,63.83,3738475,1.0,0.0
2023-01-30,63.285,63.96,62.19,62.53,2869321,1.0,0.0
2023-01-31,62.61,64.47,62.48,64.45,3797164,1.0,0.0
2023-02-01,64.01,65.21,63.9,64.48,4132931,1.0,0.0
2023-02-02,62.34,62.98,61.06,62.0,9167230,1.0,0.0
2023-02-03,61.1,61.89,61.1,61.5,4689593,1.0,0.0
2023-02-06,61.245,61.4,60.24,60.7,4277385,1.0,0.0
2023-02-07,60.57,60.94,59.84,60.71,4114444,1.0,0.0
2023-02-08,60.485,62.03,60.44,61.88,4131363,1.0,0.0
2023-02-09,63.485,63.79,62.26,62.6,4260023,1.0,0.0
2023-02-10,62.86,64.98,62.86,64.47,4935471,1.0,0.0
2023-02-13,64.07,64.2311,62.31,62.47,3864357,1.0,0.0
2023-02-14,62.04,62.79,61.62,62.18,2741547,1.0,0.0
2023-02-15,61.62,62.27,61.54,62.11,2574739,1.0,0.0
2023-02-16,61.73,63.1,61.67,62.75,2277109,1.0,0.0
2023-02-17,62.41,62.96,61.51,61.81,4037081,1.0,0.0
2023-02-21,61.88,62.18,60.015,60.06,3398212,1.0,0.0
2023-02-22,60.25,62.0,59.58,61.94,5076332,1.0,0.0
2023-02-23,62.14,62.5725,61.05,62.0,4058566,1.0,0.0
2023-02-24,61.17,61.83,60.46,61.68,2909783,1.0,0.0
2023-02-27,61.56,62.44,61.26,62.11,3516546,1.0,0.0
2023-02-28,61.73,62.47,61.41,62.29,6824452,1.0,0.15
2023-03-01,62.14,63.01,62.09,62.15,2758627,1.0,0.0
2023-03-02,62.4,63.6,62.04,63.55,2537115,1.0,0.0
2023-03-03,63.18,63.75,62.91,63.7,2412736,1.0,0.0
2023-03-06,63.36,64.04,62.8,63.25,3932591,1.0,0.0
2023-03-07,62.8,63.01,61.83,62.97,4239322,1.0,0.0
2023-03-08,62.98,62.98,61.54,62.2,4877418,1.0,0.0
2023-03-09,62.34,62.41,59.91,59.92,2485365,1.0,0.0
2023-03-10,59.61,59.79,58.405,58.89,2632517,1.0,0.0
2023-03-13,58.04,59.33,57.575,58.62,2897867,1.0,0.0
2023-03-14,59.64,60.0325,58.185,58.92,3774848,1.0,0.0
2023-03-15,57.71,57.8,56.14,56.85,4253988,1.0,0.0
2023-03-16,56.255,57.18,55.81,56.96,4866844,1.0,0.0
2023-03-17,56.41,57.13,56.11,56.61,12011065,1.0,0.0
2023-03-20,56.96,57.89,56.96,57.62,4243210,1.0,0.0
2023-03-21,58.38,58.95,58.11,58.51,2758555,1.0,0.0
2023-03-22,58.39,58.66,57.43,57.44,2320920,1.0,0.0
2023-03-23,57.5,58.03,56.52,56.81,2454206,1.0,0.0
2023-03-24,56.12,57.13,55.9,56.84,2559334,1.0,0.0
2023-03-27,57.39,58.365,57.13,57.7,3560791,1.0,0.0
2023-03-28,57.945,58.5975,57.8,58.1,2224400,1.0,0.0
2023-03-29,58.75,60.0,58.6,59.94,4911884,1.0,0.0
2023-03-30,60.71,60.73,59.56,59.95,3152601,1.0,0.0
2023-03-31,60.11,60.4325,59.84,60.31,2700238,1.0,0.0
2023-04-03,60.57,61.07,60.365,61.0,3420338,1.0,0.0
2023-04-04,60.57,60.65,59.915,60.4,3465189,1.0,0.0
2023-04-05,60.04,60.855,60.015,60.72,2956097,1.0,0.0
2023-04-06,60.47,60.48,59.09,59.8,3045879,1.0,0.0
2023-04-10,59.88,60.7,59.73,60.29,2040908,1.0,0.0
2023-04-11,60.34,61.12,60.08,60.93,2120100,1.0,0.0
2023-04-12,61.33,62.22,61.09,61.79,2904677,1.0,0.0
2023-04-13,62.02,62.869,61.69,62.72,2642612,1.0,0.0
2023-04-14,62.9,63.365,61.83,62.13,1697393,1.0,0.0
2023-04-17,62.45,62.84,62.085,62.77,1639567,1.0,0.0
2023-04-18,62.91,63.06,62.54,62.97,1624386,1.0,0.0
2023-04-19,62.8,62.97,62.09,62.25,1482509,1.0,0.0
2023-04-20,61.75,62.015,61.43,61.89,1691081,1.0,0.0
2023-04-21,62.1,62.1,61.14,61.48,1626400,1.0,0.0
2023-04-24,61.76,61.83,61.335,61.51,1393681,1.0,0.0
2023-04-25,61.085,61.21,60.38,60.53,1718375,1.0,0.0
2023-04-26,60.12,60.33,59.21,59.64,1744187,1.0,0.0
2023-04-27,59.64,60.735,59.64,60.67,1790963,1.0,0.0
2023-04-28,60.61,61.34,60.535,61.12,2980045,1.0,0.0
2023-05-01,61.19,61.87,60.99,61.46,1846629,1.0,0.0
2023-05-02,60.885,61.0,58.66,60.64,2617778,1.0,0.0
2023-05-03,60.88,61.07,59.945,60.0,2372151,1.0,0.0
2023-05-04,60.35,60.57,56.84,56.88,4165151,1.0,0.0
2023-05-05,57.63,58.885,57.55,58.25,3142948,1.0,0.0
2023-05-08,58.93,59.04,57.53,57.59,2399389,1.0,0.0
2023-05-09,57.12,57.34,56.645,57.1,2771686,1.0,0.0
2023-05-10,57.68,57.86,56.4,57.57,2707421,1.0,0.0
2023-05-11,56.81,57.15,56.435,56.83,2211114,1.0,0.0
2023-05-12,57.08,57.38,56.395,57.02,1937852,1.0,0.0
2023-05-15,57.225,57.975,56.95,57.9,2049293,1.0,0.0
2023-05-16,57.55,57.73,56.88,56.97,2066908,1.0,0.0
2023-05-17,57.09,57.11,55.85,55.96,2952309,1.0,0.0
2023-05-18,55.64,56.27,54.87,56.19,2714326,1.0,0.0
2023-05-19,56.53,57.327,56.36,56.97,2284076,1.0,0.0
2023-05-22,57.36,57.37,56.55,56.86,2179375,1.0,0.0
2023-05-23,56.58,56.85,55.83,56.03,2627370,1.0,0.0
2023-05-24,56.1,56.17,55.055,55.25,1870932,1.0,0.0
2023-05-25,54.94,55.34,54.62,54.85,2255187,1.0,0.0
2023-05-26,55.18,55.78,54.97,55.17,2953667,1.0,0.0
2023-05-30,55.12,55.12,54.1819,54.97,3789757,1.0,0.0
2023-05-31,54.53,54.75,52.97,53.49,6454567,1.0,0.15
2023-06-01,53.445,53.86,52.76,53.86,3872429,1.0,0.0
2023-06-02,55.27,56.12,54.85,55.92,3365758,1.0,0.0
2023-06-05,55.91,56.93,55.86,56.2,3424313,1.0,0.0
2023-06-06,55.85,57.84,55.76,57.62,3438051,1.0,0.0
2023-06-07,57.81,58.56,57.66,58.09,5948929,1.0,0.0
2023-06-08,58.18,58.18,57.31,57.83,2850425,1.0,0.0
2023-06-09,57.29,57.41,55.89,56.44,4734007,1.0,0.0
2023-06-12,56.45,57.29,56.08,57.0,3261131,1.0,0.0
2023-06-13,57.16,58.02,57.16,57.7,2184459,1.0,0.0
2023-06-14,57.955,58.067,56.855,57.03,2447095,1.0,0.0
2023-06-15,57.14,57.99,57.14,57.68,3801361,1.0,0.0
2023-06-16,57.67,57.87,56.775,57.23,10092021,1.0,0.0
2023-06-20,56.81,56.97,56.23,56.54,3439495,1.0,0.0
2023-06-21,56.24,58.81,56.0955,58.57,4451131,1.0,0.0
2023-06-22,58.38,58.455,57.71,57.89,2015216,1.0,0.0
2023-06-23,57.49,57.88,56.96,57.23,4214033,1.0,0.0
2023-06-26,57.45,58.25,57.39,58.01,1862441,1.0,0.0
2023-06-27,57.84,58.0,56.41,57.33,3870203,1.0,0.0
2023-06-28,57.63,57.64,56.335,56.94,2973849,1.0,0.0
2023-06-29,56.77,57.73,56.65,57.7,1927392,1.0,0.0
2023-06-30,57.85,57.85,56.61,57.3,5280184,1.0,0.0
2023-07-03,57.69,58.31,57.565,58.0,2013453,1.0,0.0
2023-07-05,57.07,57.3472,56.3,56.55,4413129,1.0,0.0
2023-07-06,56.15,56.77,55.95,56.62,3614730,1.0,0.0
2023-07-07,56.42,57.5487,56.42,57.3,3735906,1.0,0.0
2023-07-10,55.97,56.1499,53.12,54.09,8953963,1.0,0.0
2023-07-11,53.93,54.54,53.5,54.52,4271706,1.0,0.0
2023-07-12,54.9,54.9555,53.88,54.03,5022406,1.0,0.0
2023-07-13,53.94,54.67,53.7593,54.61,3528256,1.0,0.0
2023-07-14,54.85,54.85,53.81,54.25,3180001,1.0,0.0
2023-07-17,54.25,54.91,54.16,54.59,2633195,1.0,0.0
2023-07-18,55.17,55.61,54.9201,55.1,5000575,1.0,0.0
2023-07-19,55.5,56.47,55.5,56.19,4543624,1.0,0.0
2023-07-20,56.71,56.965,56.18,56.62,2328444,1.0,0.0
2023-07-21,56.76,56.85,56.215,56.35,1891917,1.0,0.0
2023-07-24,56.56,56.92,56.07,56.7,2508886,1.0,0.0
2023-07-25,56.64,56.64,55.82,56.23,3082234,1.0,0.0
2023-07-26,55.91,56.27,55.46,55.79,3173248,1.0,0.0
2023-07-27,55.92,56.31,55.45,55.59,2904401,1.0,0.0
2023-07-28,56.105,56.25,55.81,56.14,2697386,1.0,0.0
2023-07-31,56.37,56.48,56.02,56.43,2184766,1.0,0.0
2023-08-01,56.15,56.38,55.72,55.94,3106123,1.0,0.0
2023-08-02,55.4,56.4199,55.21,55.9,3378615,1.0,0.0
2023-08-03,55.57,56.245,55.11,55.69,4798062,1.0,0.0
2023-08-04,55.08,57.49,54.75,56.02,7329683,1.0,0.0
2023-08-07,55.97,56.02,54.39,54.57,3939487,1.0,0.0
2023-08-08,54.09,54.845,53.9,54.18,2916121,1.0,0.0
2023-08-09,54.03,54.29,53.25,53.37,3674608,1.0,0.0
2023-08-10,53.62,53.715,52.09,52.21,5140558,1.0,0.0
2023-08-11,52.22,52.67,51.97,52.41,2990369,1.0,0.0
2023-08-14,52.0,52.06,51.51,52.0,2305360,1.0,0.0
2023-08-15,51.38,51.4,50.14,50.65,5545683,1.0,0.0
2023-08-16,50.6,50.92,50.005,50.01,4172314,1.0,0.0
2023-08-17,50.0,51.0,49.9497,50.43,3909268,1.0,0.0
2023-08-18,50.04,51.0,50.04,50.76,4778197,1.0,0.0
2023-08-21,50.77,50.8729,50.155,50.21,2486289,1.0,0.0
2023-08-22,50.04,50.2,49.18,49.38,3498497,1.0,0.0
2023-08-23,49.3,49.33,48.68,49.08,5037649,1.0,0.0
2023-08-24,48.84,49.725,48.73,49.65,3935280,1.0,0.0
2023-08-25,49.93,50.44,49.63,49.94,5374376,1.0,0.0
2023-08-28,50.13,51.12,50.13,50.93,3791918,1.0,0.0
2023-08-29,51.15,51.38,50.79,51.31,3143609,1.0,0.0
2023-08-30,51.27,51.57,51.045,51.26,3462839,1.0,0.0
2023-08-31,51.26,51.28,50.45,50.51,3958178,1.0,0.16
2023-09-01,51.0,51.4,50.85,51.11,3573237,1.0,0.0
2023-09-05,51.53,51.9,50.95,50.96,6091007,1.0,0.0
2023-09-06,50.85,51.01,50.16,50.5,4988441,1.0,0.0
2023-09-07,50.14,50.64,48.84,49.56,9868244,1.0,0.0
2023-09-08,49.68,49.92,49.26,49.58,2997608,1.0,0.0
2023-09-11,49.72,50.25,49.57,49.81,3350879,1.0,0.0
2023-09-12,50.04,51.71,49.5,51.63,6620710,1.0,0.0
2023-09-13,51.86,53.4,51.86,51.99,6209459,1.0,0.0
2023-09-14,52.59,52.925,52.17,52.61,4979684,1.0,0.0
2023-09-15,52.51,53.25,52.42,52.55,11700545,1.0,0.0
2023-09-18,52.44,52.71,51.68,51.87,4218289,1.0,0.0
2023-09-19,52.33,52.63,52.05,52.54,5439457,1.0,0.0
2023-09-20,52.99,52.99,51.69,51.77,4121842,1.0,0.0
2023-09-21,51.25,51.78,51.0,51.53,3519209,1.0,0.0
2023-09-22,51.59,51.79,51.235,51.42,3208582,1.0,0.0
2023-09-25,51.03,51.37,50.69,51.27,4334442,1.0,0.0
2023-09-26,51.03,51.42,50.54,50.79,3817763,1.0,0.0
2023-09-27,51.03,51.33,50.4,50.75,2590730,1.0,0.0
2023-09-28,50.81,51.23,50.45,50.91,3086006,1.0,0.0
2023-09-29,51.3,51.55,50.92,51.16,3507554,1.0,0.0
2023-10-02,50.94,50.94,49.73,50.05,3666124,1.0,0.0
2023-10-03,49.55,50.63,49.41,50.34,3856932,1.0,0.0
2023-10-04,50.51,51.02,50.145,50.45,2759543,1.0,0.0
2023-10-05,50.13,50.53,49.43,49.83,2497342,1.0,0.0
2023-10-06,49.67,50.49,49.44,50.05,2920401,1.0,0.0
2023-10-09,49.89,50.605,49.44,50.59,3119787,1.0,0.0
2023-10-10,50.73,51.19,50.455,50.52,2248436,1.0,0.0
2023-10-11,50.47,50.53,48.59,49.88,4008878,1.0,0.0
2023-10-12,50.19,50.19,49.13,49.44,1896969,1.0,0.0
2023-10-13,49.46,49.84,49.05,49.55,2248219,1.0,0.0
2023-10-16,49.87,50.035,49.37,49.81,2174858,1.0,0.0
2023-10-17,49.68,51.58,49.65,51.56,3335225,1.0,0.0
2023-10-18,51.42,51.93,51.11,51.23,3455749,1.0,0.0
2023-10-19,51.335,51.92,50.85,50.96,2616987,1.0,0.0
2023-10-20,51.48,51.63,50.25,50.26,2363848,1.0,0.0
2023-10-23,47.38,49.29,47.38,48.77,5078136,1.0,0.0
2023-10-24,48.45,48.785,48.09,48.41,3766044,1.0,0.0
2023-10-25,48.53,49.16,48.41,48.63,2394402,1.0,0.0
2023-10-26,49.02,49.32,48.61,48.71,2856589,1.0,0.0
2023-10-27,47.5,48.2,47.21,47.82,5864137,1.0,0.0
2023-10-30,48.17,48.35,47.525,48.22,3637561,1.0,0.0
2023-10-31,48.03,48.34,47.33,48.14,3755215,1.0,0.0
2023-11-01,48.14,48.3,47.43,47.74,4446770,1.0,0.0
2023-11-02,47.92,49.59,47.92,49.56,2771393,1.0,0.0
2023-11-03,49.8,50.65,49.69,50.23,2843110,1.0,0.0
2023-11-06,50.17,50.2501,49.73,49.97,2640887,1.0,0.0
2023-11-07,49.53,49.85,49.13,49.28,3070667,1.0,0.0
2023-11-08,49.32,49.5823,48.58,48.62,2811849,1.0,0.0
2023-11-09,49.67,49.67,44.295,44.51,7045282,1.0,0.0
2023-11-10,44.37,44.66,43.35,43.55,5288779,1.0,0.0
2023-11-13,43.43,45.35,43.22,45.29,7620552,1.0,0.0
2023-11-14,45.49,46.99,45.49,46.28,4344228,1.0,0.0
2023-11-15,46.38,47.25,46.38,46.73,2854019,1.0,0.0
2023-11-16,47.3,47.95,46.3346,46.97,3101132,1.0,0.0
2023-11-17,47.2,47.59,46.805,47.32,3495262,1.0,0.0
2023-11-20,47.31,47.31,46.63,46.86,3238785,1.0,0.0
2023-11-21,46.84,47.05,46.24,46.27,2709263,1.0,0.0
2023-11-22,46.29,46.46,45.49,46.36,1984319,1.0,0.0
2023-11-24,46.2,47.3,46.09,46.67,1411366,1.0,0.0
2023-11-27,45.92,46.265,45.59,45.73,3223140,1.0,0.0
2023-11-28,45.65,46.28,45.3002,45.5,4426926,1.0,0.0
2023-11-29,45.75,46.04,45.28,45.5,3426489,1.0,0.0
2023-11-30,45.46,45.55,45.02,45.2,7518615,1.0,0.16
2023-12-01,45.36,46.425,45.08,46.2,5788348,1.0,0.0
2023-12-04,45.9,46.215,45.17,45.22,5222785,1.0,0.0
2023-12-05,44.94,45.1775,43.89,43.89,4894014,1.0,0.0
2023-12-06,44.09,44.6,43.98,44.15,3712573,1.0,0.0
2023-12-07,44.25,44.7,44.1,44.5,4821513,1.0,0.0
2023-12-08,44.62,45.32,44.5,45.15,5691408,1.0,0.0
2023-12-11,45.57,45.9,45.2604,45.8,5526746,1.0,0.0
2023-12-12,45.66,45.66,44.72,44.81,4052538,1.0,0.0
2023-12-13,45.14,45.73,44.71,45.54,8685125,1.0,0.0
2023-12-14,45.915,47.52,45.915,46.54,7659571,1.0,0.0
2023-12-15,46.38,46.71,46.06,46.55,14029250,1.0,0.0
2023-12-18,46.88,47.4,46.4,47.18,7038486,1.0,0.0
2023-12-19,47.53,48.175,47.44,47.86,6040928,1.0,0.0
2023-12-20,47.78,47.875,46.46,46.59,4518491,1.0,0.0
2023-12-21,46.91,47.36,46.79,47.29,3070075,1.0,0.0
2023-12-22,47.455,47.7,47.19,47.46,2657609,1.0,0.0
2023-12-26,47.5,48.12,47.3,48.0,2636032,1.0,0.0
2023-12-27,47.88,48.33,47.6065,47.98,1856232,1.0,0.0
2023-12-28,48.0,48.22,47.78,48.09,1984012,1.0,0.0
2023-12-29,47.96,48.23,47.52,47.92,2120301,1.0,0.0
2024-01-02,47.83,48.84,47.7522,48.56,3123451,1.0,0.0
2024-01-03,48.28,48.4681,47.85,48.08,3469255,1.0,0.0
2024-01-04,48.1,48.23,47.41,47.6,3079931,1.0,0.0
2024-01-05,47.6,47.76,46.92,47.33,2721821,1.0,0.0
2024-01-08,47.02,47.24,46.28,47.01,2414585,1.0,0.0
2024-01-09,46.69,46.75,46.0,46.51,3042765,1.0,0.0
2024-01-10,45.97,46.3198,45.86,46.05,2595426,1.0,0.0
2024-01-11,46.26,46.57,45.83,46.03,4007918,1.0,0.0
2024-01-12,46.42,46.55,45.84,46.11,3299012,1.0,0.0
2024-01-16,46.025,46.0525,45.26,45.49,5702897,1.0,0.0
2024-01-17,45.0,45.63,44.675,44.84,3644866,1.0,0.0
2024-01-18,44.69,44.74,44.07,44.41,4040154,1.0,0.0
2024-01-19,44.17,45.64,44.01,45.6,5115285,1.0,0.0
2024-01-22,45.165,45.56,44.8,44.97,4708172,1.0,0.0
2024-01-23,45.48,45.88,45.055,45.43,2634617,1.0,0.0
2024-01-24,45.61,45.665,44.9101,45.41,2419318,1.0,0.0
2024-01-25,45.75,45.83,45.01,45.24,3958084,1.0,0.0
2024-01-26,45.66,45.94,45.25,45.86,3226219,1.0,0.0
2024-01-29,45.74,45.94,45.3,45.93,2123174,1.0,0.0
2024-01-30,45.62,46.1464,45.58,45.83,2948235,1.0,0.0
2024-01-31,46.01,46.35,45.46,45.48,5825326,1.0,0.0
2024-02-01,56.49,57.76,52.36,54.06,12192919,1.0,0.0
2024-02-02,54.3,54.5,52.89,53.04,5601552,1.0,0.0
2024-02-05,52.5,52.5,51.655,51.8,5824337,1.0,0.0
2024-02-06,51.75,52.415,51.31,52.09,4725646,1.0,0.0
2024-02-07,52.34,54.19,52.34,54.07,7010021,1.0,0.0
2024-02-08,53.99,54.33,52.65,53.24,6199800,1.0,0.0
2024-02-09,53.04,53.911,52.88,53.6,2929850,1.0,0.0
2024-02-12,54.63,55.31,54.46,55.04,3274524,1.0,0.0
2024-02-13,54.58,54.99,53.3501,53.63,3525696,1.0,0.0
2024-02-14,54.11,54.305,53.555,54.08,3260546,1.0,0.0
2024-02-15,54.29,55.4101,54.29,54.68,3048066,1.0,0.0
2024-02-16,54.77,55.28,54.52,54.8,3892686,1.0,0.0
2024-02-20,54.38,54.7,53.95,54.36,3113440,1.0,0.0
2024-02-21,54.22,54.54,53.96,54.22,2325951,1.0,0.0
2024-02-22,54.07,54.87,53.91,54.71,4256432,1.0,0.0
2024-02-23,54.62,55.11,54.485,54.9,2400335,1.0,0.0
2024-02-26,54.61,55.195,54.48,54.82,2593755,1.0,0.0
2024-02-27,55.075,55.34,54.855,55.13,2186121,1.0,0.0
2024-02-28,54.88,55.0775,54.16,54.54,3568555,1.0,0.0
2024-02-29,54.48,54.5,53.25,53.52,6804376,1.0,0.16
2024-03-01,53.49,54.3402,53.49,53.66,3805242,1.0,0.0
2024-03-04,53.36,53.99,53.35,53.61,2490238,1.0,0.0
2024-03-05,53.44,54.11,53.36,53.94,2904877,1.0,0.0
2024-03-06,54.1,54.54,53.77,54.03,4142515,1.0,0.0
2024-03-07,54.43,55.14,54.275,54.49,3330883,1.0,0.0
2024-03-08,54.48,54.84,54.4,54.68,4260621,1.0,0.0
2024-03-11,54.58,55.69,54.58,55.09,4051909,1.0,0.0
2024-03-12,55.2,55.37,54.175,55.11,3015190,1.0,0.0
2024-03-13,55.34,55.79,55.2,55.3,2712999,1.0,0.0
2024-03-14,55.09,55.22,54.4925,55.2,2514446,1.0,0.0
2024-03-15,54.84,55.68,54.84,55.09,6496002,1.0,0.0
2024-03-18,55.45,55.45,54.52,54.71,3169523,1.0,0.0
2024-03-19,54.7,55.015,54.34,54.67,3134564,1.0,0.0
2024-03-20,54.85,55.866,54.64,55.73,5427104,1.0,0.0
2024-03-21,55.82,55.89,55.25,55.78,2467387,1.0,0.0
2024-03-22,55.94,56.08,54.97,55.07,1993558,1.0,0.0
2024-03-25,55.28,55.66,54.9383,55.63,2132552,1.0,0.0
2024-03-26,55.65,56.35,55.63,56.3,3283696,1.0,0.0
2024-03-27,56.59,57.04,56.53,57.0,2629259,1.0,0.0
2024-03-28,57.15,58.18,57.08,57.67,4563880,1.0,0.0
2024-04-01,57.57,57.75,57.015,57.68,2660453,1.0,0.0
2024-04-02,57.8,58.07,57.11,57.17,2547588,1.0,0.0
2024-04-03,57.21,57.64,57.07,57.41,3024943,1.0,0.0
2024-04-04,58.12,58.16,56.92,56.95,2596034,1.0,0.0
2024-04-05,56.87,57.05,56.2633,56.85,2226724,1.0,0.0
2024-04-08,57.1,57.52,56.85,57.52,3768476,1.0,0.0
2024-04-09,57.73,57.85,56.84,57.52,1899687,1.0,0.0
2024-04-10,56.62,57.44,56.24,57.16,2133256,1.0,0.0
2024-04-11,56.91,57.15,56.03,56.46,1870569,1.0,0.0
2024-04-12,54.67,55.685,53.645,53.76,3906743,1.0,0.0
2024-04-15,54.51,54.59,53.19,53.67,2709524,1.0,0.0
2024-04-16,53.53,53.76,53.205,53.32,2742839,1.0,0.0
2024-04-17,53.59,54.34,53.49,53.53,2656525,1.0,0.0
2024-04-18,53.86,54.165,53.61,53.96,1614887,1.0,0.0
2024-04-19,53.9,54.84,53.88,54.8,2052668,1.0,0.0
2024-04-22,54.8,55.46,54.41,55.2,2315650,1.0,0.0
2024-04-23,54.67,55.57,54.67,55.18,2576242,1.0,0.0
2024-04-24,54.65,55.065,54.3,54.77,1811689,1.0,0.0
2024-04-25,54.8,54.95,54.0601,54.7,1593394,1.0,0.0
2024-04-26,54.37,55.195,54.36,54.92,2350151,1.0,0.0
2024-04-29,55.2,55.5,54.99,55.5,3231114,1.0,0.0
2024-04-30,55.1,55.15,54.11,54.13,3519982,1.0,0.0
2024-05-01,54.39,54.73,53.65,53.91,3590557,1.0,0.0
2024-05-02,57.0,57.7,56.31,56.98,6604952,1.0,0.0
2024-05-03,57.03,57.4,56.57,57.16,2977563,1.0,0.0
2024-05-06,57.72,57.792,56.26,56.36,3205087,1.0,0.0
2024-05-07,56.66,57.89,56.66,57.52,5527591,1.0,0.0
2024-05-08,57.32,57.641,56.81,56.82,4291853,1.0,0.0
2024-05-09,57.06,57.94,57.06,57.83,4051580,1.0,0.0
2024-05-10,58.0,58.76,57.45,57.48,3754489,1.0,0.0
2024-05-13,57.66,58.45,57.29,57.3,3034111,1.0,0.0
2024-05-14,57.66,57.94,57.21,57.55,3897982,1.0,0.0
2024-05-15,57.88,58.2,56.9,57.13,4157441,1.0,0.0
2024-05-16,57.01,57.14,55.89,56.0,5081818,1.0,0.0
2024-05-17,56.2,56.56,55.87,56.45,5282049,1.0,0.0
2024-05-20,56.54,57.0,56.36,56.74,2870017,1.0,0.0
2024-05-21,56.8,56.97,56.43,56.65,3032214,1.0,0.0
2024-05-22,56.23,57.11,56.23,56.98,2955085,1.0,0.0
2024-05-23,56.94,56.99,55.19,55.57,3121379,1.0,0.0
2024-05-24,55.57,56.055,55.28,55.51,2282195,1.0,0.0
2024-05-28,55.465,55.79,55.04,55.66,2418793,1.0,0.0
2024-05-29,55.1,55.51,54.23,54.27,4255873,1.0,0.0
2024-05-30,54.37,55.26,54.37,55.24,2172428,1.0,0.0
2024-05-31,55.18,56.02,54.985,55.94,3593379,1.0,0.0
2024-06-03,55.76,56.01,54.94,55.57,2310864,1.0,0.0
2024-06-04,54.93,55.16,53.63,53.7,2995855,1.0,0.16
2024-06-05,53.63,54.085,53.47,54.06,2033695,1.0,0.0
2024-06-06,54.03,55.005,53.875,54.92,2623981,1.0,0.0
2024-06-07,53.96,54.67,52.72,52.9,3750902,1.0,0.0
2024-06-10,52.66,52.67,51.655,51.71,5329855,1.0,0.0
2024-06-11,51.1,52.44,50.01,51.64,6635770,1.0,0.0
2024-06-12,52.06,52.72,51.52,51.94,3325979,1.0,0.0
2024-06-13,51.64,51.96,50.96,51.58,3512602,1.0,0.0
2024-06-14,51.57,51.8,50.48,51.18,1619280,1.0,0.0
2024-06-17,51.26,52.2,51.15,52.04,2622919,1.0,0.0
2024-06-18,52.28,52.8,51.37,51.89,2577834,1.0,0.0
2024-06-20,51.78,52.909,51.6,52.37,3617571,1.0,0.0
2024-06-21,52.44,53.04,51.97,52.92,8773974,1.0,0.0
2024-06-24,53.09,53.36,52.75,52.91,2909397,1.0,0.0
2024-06-25,52.61,53.08,52.2,53.04,3808404,1.0,0.0
2024-06-26,52.91,53.74,52.78,53.64,3410403,1.0,0.0
2024-06-27,53.62,53.83,53.25,53.65,2958097,1.0,0.0
2024-06-28,54.11,54.59,53.525,53.94,6301369,1.0,0.0
2024-07-01,53.91,54.245,52.8701,53.07,2549801,1.0,0.0
2024-07-02,52.99,53.19,52.62,52.77,2186839,1.0,0.0
2024-07-03,52.86,53.15,52.26,52.48,1238138,1.0,0.0
2024-07-05,52.09,52.47,51.74,52.44,1493548,1.0,0.0
2024-07-08,52.46,52.565,51.5,51.72,2996863,1.0,0.0
2024-07-09,51.63,51.69,50.69,50.72,2577502,1.0,0.0
2024-07-10,50.8,51.06,50.36,51.02,3435878,1.0,0.0
2024-07-11,51.45,52.48,51.38,52.27,2243917,1.0,0.0
2024-07-12,52.65,53.305,52.04,53.1,2495994,1.0,0.0
2024-07-15,53.02,53.275,52.45,52.9,2646077,1.0,0.0
2024-07-16,52.97,54.225,52.915,54.2,2818042,1.0,0.0
2024-07-17,54.22,55.68,54.22,55.54,3089918,1.0,0.0
2024-07-18,54.81,56.13,54.69,55.2,2591966,1.0,0.0
2024-07-19,55.28,55.28,54.35,54.78,2088346,1.0,0.0
2024-07-22,54.9,54.97,53.94,54.77,1494688,1.0,0.0
2024-07-23,54.55,54.79,54.26,54.39,1625539,1.0,0.0
2024-07-24,54.69,54.9,53.74,53.82,1999642,1.0,0.0
2024-07-25,53.62,55.91,53.54,55.28,2798158,1.0,0.0
2024-07-26,55.45,56.06,55.2,55.39,2272011,1.0,0.0
2024-07-29,55.32,56.05,55.04,55.46,1906880,1.0,0.0
2024-07-30,55.61,56.05,55.19,55.53,2002904,1.0,0.0
2024-07-31,55.79,56.56,55.43,56.1,3682714,1.0,0.0
2024-08-01,53.96,55.67,52.89,53.0,6146438,1.0,0.0
2024-08-02,52.28,52.95,51.02,51.58,3784039,1.0,0.0
2024-08-05,50.58,52.2,50.3,51.31,3627736,1.0,0.0
2024-08-06,51.17,51.95,50.95,51.18,3654314,1.0,0.0
2024-08-07,51.46,52.39,50.75,50.78,2520544,1.0,0.0
2024-08-08,51.07,51.64,50.96,51.55,2645664,1.0,0.0
2024-08-09,51.49,51.77,50.78,51.56,1841168,1.0,0.0
2024-08-12,51.53,51.74,51.13,51.22,1724668,1.0,0.0
2024-08-13,51.34,52.03,51.0,51.73,2181599,1.0,0.0
2024-08-14,51.87,52.07,51.25,51.99,2011903,1.0,0.0
2024-08-15,52.67,52.95,52.39,52.76,2270849,1.0,0.0
2024-08-16,52.78,53.92,52.59,53.8,2926133,1.0,0.0
2024-08-19,54.0,54.63,53.815,54.31,2517430,1.0,0.0
2024-08-20,54.21,54.21,53.52,53.6,2760678,1.0,0.0
2024-08-21,53.87,54.42,53.75,54.28,1584619,1.0,0.0
2024-08-22,54.23,54.56,53.97,54.55,1922208,1.0,0.0
2024-08-23,54.84,55.635,54.74,55.58,4475876,1.0,0.0
2024-08-26,55.8,56.275,55.38,55.65,2602490,1.0,0.0
2024-08-27,55.34,55.65,54.95,55.56,3809554,1.0,0.0
2024-08-28,55.52,56.04,55.09,56.0,2308036,1.0,0.0
2024-08-29,56.5,57.415,55.87,57.0,2807117,1.0,0.0
2024-08-30,56.77,57.57,56.705,57.3,4229129,1.0,0.0
2024-09-03,56.45,56.58,55.35,55.57,3146529,1.0,0.17
2024-09-04,55.8,56.08,55.185,55.5,2152230,1.0,0.0
2024-09-05,55.86,56.31,54.95,55.11,3896728,1.0,0.0
2024-09-06,54.92,55.66,54.88,55.33,5004147,1.0,0.0
2024-09-09,55.64,56.26,55.24,55.8,4233697,1.0,0.0
2024-09-10,55.91,55.91,55.03,55.38,2525141,1.0,0.0
2024-09-11,55.26,55.29,53.93,55.15,2763984,1.0,0.0
2024-09-12,55.18,55.725,55.01,55.7,2491908,1.0,0.0
2024-09-13,55.93,56.705,55.93,56.63,1703276,1.0,0.0
2024-09-16,56.9,57.19,55.8,56.27,2208824,1.0,0.0
2024-09-17,56.66,57.14,56.53,57.04,1922521,1.0,0.0
2024-09-18,56.73,57.9,56.73,57.44,2484062,1.0,0.0
2024-09-19,58.28,58.92,57.8,58.6,3626844,1.0,0.0
2024-09-20,58.05,58.05,57.01,57.58,8144022,1.0,0.0
2024-09-23,57.61,58.14,57.58,58.0,3199956,1.0,0.0
2024-09-24,58.23,58.54,55.67,57.85,4220437,1.0,0.0
2024-09-25,58.05,58.075,56.82,57.15,2350165,1.0,0.0
2024-09-26,57.56,58.19,57.35,58.02,2107078,1.0,0.0
2024-09-27,58.38,59.075,58.35,58.58,2434492,1.0,0.0
2024-09-30,58.67,58.8,58.1,58.79,3265960,1.0,0.0
2024-10-01,58.09,58.8188,57.9,57.99,3513616,1.0,0.0
2024-10-02,58.26,58.91,57.8488,58.64,3009967,1.0,0.0
2024-10-03,58.36,58.52,57.96,58.09,1666909,1.0,0.0
2024-10-04,58.61,58.8,58.11,58.33,1326973,1.0,0.0
2024-10-07,58.03,58.18,57.21,57.46,2224228,1.0,0.0
2024-10-08,57.1,57.28,56.51,56.89,1741185,1.0,0.0
2024-10-09,56.8,57.24,56.475,56.5,1660617,1.0,0.0
2024-10-10,56.02,56.62,55.65,56.55,2156440,1.0,0.0
2024-10-11,56.65,57.5,56.64,56.84,2883631,1.0,0.0
2024-10-14,56.72,57.83,56.45,57.76,1925825,1.0,0.0
2024-10-15,57.59,57.77,57.13,57.3,3149714,1.0,0.0
2024-10-16,58.48,59.04,57.93,58.95,2482538,1.0,0.0
2024-10-17,58.76,59.1257,58.37,58.95,2659864,1.0,0.0
2024-10-18,59.37,59.68,58.93,59.41,2604282,1.0,0.0
2024-10-21,59.47,59.48,58.55,59.25,3047080,1.0,0.0
2024-10-22,58.97,59.2,58.325,59.12,2349440,1.0,0.0
2024-10-23,59.49,60.88,59.32,60.79,2783228,1.0,0.0
2024-10-24,60.9,61.2,60.43,60.78,3673439,1.0,0.0
2024-10-25,60.95,61.205,60.33,60.35,2632345,1.0,0.0
2024-10-28,60.51,61.25,60.37,61.13,3028617,1.0,0.0
2024-10-29,60.91,61.38,60.7,60.79,2511009,1.0,0.0
2024-10-30,60.94,62.38,60.94,61.57,3067542,1.0,0.0
2024-10-31,61.69,61.95,60.92,60.92,3605988,1.0,0.0
2024-11-01,60.81,61.35,60.53,60.86,2458752,1.0,0.0
2024-11-04,61.06,61.64,60.745,61.21,2578372,1.0,0.0
2024-11-05,60.93,61.94,60.66,61.75,2165968,1.0,0.0
2024-11-06,63.75,63.75,60.78,61.74,4744458,1.0,0.0
2024-11-07,58.0,59.2,57.3,58.64,7353146,1.0,0.0
2024-11-08,58.97,59.54,58.15,58.33,4673783,1.0,0.0
2024-11-11,58.83,59.26,58.31,58.52,2735568,1.0,0.0
2024-11-12,58.55,58.55,57.0,57.13,2695890,1.0,0.0
2024-11-13,57.295,58.02,57.255,57.66,2396029,1.0,0.0
2024-11-14,57.68,57.85,57.11,57.41,2628257,1.0,0.0
2024-11-15,57.25,57.46,55.18,55.21,5636720,1.0,0.0
2024-11-18,55.42,57.05,55.31,56.99,4190665,1.0,0.0
2024-11-19,56.33,58.41,56.17,58.24,4217728,1.0,0.0
2024-11-20,58.46,59.025,58.0,58.76,3507246,1.0,0.0
2024-11-21,59.33,61.07,58.89,60.76,4520564,1.0,0.0
2024-11-22,60.48,61.27,60.06,61.23,3745870,1.0,0.0
2024-11-25,61.63,64.2,61.63,64.13,9733858,1.0,0.0
2024-11-26,63.34,63.875,62.76,63.25,3959123,1.0,0.0
2024-11-27,63.36,64.1,62.36,62.5,2517699,1.0,0.0
2024-11-29,61.78,62.56,61.31,62.24,2467367,1.0,0.0
2024-12-02,62.25,62.465,61.57,62.23,3224762,1.0,0.17
2024-12-03,62.4,62.49,61.61,62.0,2630961,1.0,0.0
2024-12-04,61.53,61.7842,60.961,61.17,2407734,1.0,0.0
2024-12-05,61.2,61.49,60.74,60.78,2475336,1.0,0.0
2024-12-06,60.37,60.98,59.42,59.49,2953720,1.0,0.0
2024-12-09,59.81,60.82,59.66,59.74,3394393,1.0,0.0
2024-12-10,59.79,59.89,58.15,59.42,3749204,1.0,0.0
2024-12-11,59.53,60.5,59.32,59.78,5431331,1.0,0.0
2024-12-12,59.81,60.14,59.265,59.3,2009535,1.0,0.0
2024-12-13,59.25,59.75,58.71,59.49,1990520,1.0,0.0
2024-12-16,59.345,60.095,58.92,58.95,3978507,1.0,0.0
2024-12-17,58.643,59.1,57.765,58.57,4885323,1.0,0.0
2024-12-18,58.47,58.99,56.37,56.41,4224083,1.0,0.0
2024-12-19,56.79,56.93,56.16,56.16,4026757,1.0,0.0
2024-12-20,56.42,57.89,56.3,57.48,11010653,1.0,0.0
2024-12-23,57.57,57.66,56.15,56.92,2456521,1.0,0.0
2024-12-24,57.14,57.515,56.4,57.48,986414,1.0,0.0
2024-12-26,56.89,57.82,56.62,57.43,1401604,1.0,0.0
2024-12-27,56.97,57.92,56.95,57.24,1502106,1.0,0.0
2024-12-30,56.68,56.96,56.22,56.56,1802032,1.0,0.0
2024-12-31,56.63,57.1,56.46,56.96,1750204,1.0,0.0
2025-01-02,56.86,57.35,56.3,56.34,2487248,1.0,0.0
2025-01-03,56.59,56.96,55.7,55.94,2380800,1.0,0.0
2025-01-06,56.285,57.9,56.285,56.94,2980767,1.0,0.0
2025-01-07,56.71,57.66,56.66,57.03,2777704,1.0,0.0
2025-01-08,57.0,57.1985,56.4665,57.15,2833717,1.0,0.0
2025-01-10,55.68,57.43,55.68,57.09,3886457,1.0,0.0
2025-01-13,57.2,60.03,57.2,59.93,3845444,1.0,0.0
2025-01-14,60.06,60.97,60.01,60.89,3181635,1.0,0.0
2025-01-15,61.64,61.9,60.33,60.92,3521079,1.0,0.0
2025-01-16,60.92,61.68,60.62,61.63,2187720,1.0,0.0
2025-01-17,61.67,62.43,61.6,62.32,2621574,1.0,0.0
2025-01-21,62.86,63.16,62.22,63.12,2146456,1.0,0.0
2025-01-22,62.95,63.17,62.45,62.51,2045093,1.0,0.0
2025-01-23,62.5,64.23,62.3,64.19,3415935,1.0,0.0
2025-01-24,64.21,64.3199,63.3316,63.96,2385984,1.0,0.0
2025-01-27,64.53,64.72,63.795,64.47,3426994,1.0,0.0
2025-01-28,64.45,64.86,64.11,64.28,3155542,1.0,0.0
2025-01-29,64.44,65.44,64.24,65.0,4177419,1.0,0.0
2025-01-30,65.295,66.24,64.89,66.15,3913727,1.0,0.0
2025-01-31,65.8,66.16,64.93,65.27,3750082,1.0,0.0
2025-02-03,64.32,65.12,63.15,64.61,4693945,1.0,0.0
2025-02-04,65.21,65.9,64.88,65.7,3479732,1.0,0.0
2025-02-05,63.36,65.01,63.0,63.82,8909530,1.0,0.0
2025-02-06,63.57,64.39,60.92,62.36,11376852,1.0,0.0
2025-02-07,62.5,64.615,61.99,62.34,5558751,1.0,0.0
2025-02-10,62.82,63.14,62.06,62.21,3221949,1.0,0.0
2025-02-11,62.08,63.46,61.8301,62.97,4129265,1.0,0.0
2025-02-12,62.25,62.75,61.99,62.06,2566079,1.0,0.0
2025-02-13,62.28,62.91,61.99,62.86,2153893,1.0,0.0
2025-02-14,63.5,64.44,63.11,63.96,3906348,1.0,0.0
2025-02-18,64.1,64.83,63.77,64.46,3446248,1.0,0.0
2025-02-19,63.61,64.3,63.33,63.64,2384076,1.0,0.0
2025-02-20,63.74,63.95,63.2,63.83,2241894,1.0,0.0
2025-02-21,63.64,63.73,62.535,62.76,2476775,1.0,0.0
2025-02-24,63.34,63.39,62.52,62.61,3005108,1.0,0.0
2025-02-25,62.83,63.24,62.29,62.98,2082041,1.0,0.0
2025-02-26,63.13,63.13,62.181,62.8,3276221,1.0,0.0
2025-02-27,62.92,63.765,62.5,62.82,4088028,1.0,0.0
2025-02-28,62.99,63.06,61.7476,62.98,3509625,1.0,0.0
2025-03-03,63.055,63.5,60.03,60.4,4531802,1.0,0.17
2025-03-04,60.35,60.52,59.03,59.8,3838873,1.0,0.0
2025-03-05,59.93,61.2,59.71,61.16,3807558,1.0,0.0
2025-03-06,61.0,61.53,60.3,60.86,3258740,1.0,0.0
2025-03-07,60.6,61.2,59.97,60.56,3614208,1.0,0.0
2025-03-10,60.08,60.76,59.435,60.24,4012753,1.0,0.0
2025-03-11,60.24,60.51,59.66,59.97,4442405,1.0,0.0
2025-03-12,59.96,60.47,58.555,59.0,3371701,1.0,0.0
2025-03-13,58.77,59.24,58.09,58.59,3303979,1.0,0.0
2025-03-14,59.09,59.92,58.77,59.82,2987577,1.0,0.0
2025-03-17,59.89,61.91,59.875,61.58,2802766,1.0,0.0
2025-03-18,61.475,61.75,61.0675,61.58,3443749,1.0,0.0
2025-03-19,61.57,62.78,61.42,62.46,3743186,1.0,0.0
2025-03-20,62.09,62.36,61.55,61.83,2684775,1.0,0.0
2025-03-21,61.54,61.94,61.155,61.72,6880601,1.0,0.0
2025-03-24,62.6,62.6,61.65,62.07,2117827,1.0,0.0
2025-03-25,62.08,62.35,61.56,61.85,2565285,1.0,0.0
2025-03-26,62.07,62.99,62.05,62.7,2634292,1.0,0.0
2025-03-27,62.7,63.125,62.19,62.44,2833138,1.0,0.0
2025-03-28,62.35,62.53,60.72,61.06,2534331,1.0,0.0
2025-03-31,61.3,63.22,60.86,62.93,4566023,1.0,0.0
2025-04-01,63.08,63.755,62.38,63.55,5043450,1.0,0.0
2025-04-02,63.19,64.03,62.99,64.0,2098065,1.0,0.0
2025-04-03,62.45,62.5,61.0908,61.3,3125837,1.0,0.0
2025-04-04,59.81,59.98,55.47,55.79,6393043,1.0,0.0
2025-04-07,55.22,58.74,53.4,55.57,6454321,1.0,0.0
2025-04-08,56.655,57.19,54.25,55.52,7888632,1.0,0.0
2025-04-09,55.0,59.18,54.5,58.56,6272892,1.0,0.0
2025-04-10,57.73,58.36,56.14,57.94,4042137,1.0,0.0
2025-04-11,57.6,59.8,57.0,59.28,3068233,1.0,0.0
2025-04-14,59.88,60.82,59.38,60.29,2240612,1.0,0.0
2025-04-15,59.98,60.6296,59.65,59.7,2328165,1.0,0.0
2025-04-16,59.63,60.26,58.91,59.2,4063785,1.0,0.0
2025-04-17,59.59,60.12,59.23,59.74,3661183,1.0,0.0
2025-04-21,59.38,59.76,58.58,59.12,1860288,1.0,0.0
2025-04-22,59.61,60.75,59.39,60.65,2263696,1.0,0.0
2025-04-23,61.39,62.25,60.59,61.07,2339805,1.0,0.0
2025-04-24,61.18,61.9,60.7926,61.71,3774709,1.0,0.0
2025-04-25,61.26,62.09,61.0,61.47,1805444,1.0,0.0
2025-04-28,61.71,62.35,61.1,61.56,2319573,1.0,0.0
2025-04-29,61.17,62.52,60.99,61.8,3340071,1.0,0.0
2025-04-30,61.12,62.14,60.68,61.99,6049165,1.0,0.0
2025-05-01,61.47,62.505,61.21,62.02,2851816,1.0,0.0
2025-05-02,62.69,63.0,61.8,62.63,3181610,1.0,0.0
2025-05-05,62.34,62.98,61.91,62.41,2275989,1.0,0.0
2025-05-06,62.34,62.84,62.0,62.45,2680838,1.0,0.0
2025-05-07,62.67,62.82,62.02,62.48,3290955,1.0,0.0
2025-05-08,64.63,67.25,63.82,66.86,6172840,1.0,0.0
2025-05-09,66.71,67.93,66.5684,67.79,4289234,1.0,0.0
2025-05-12,69.13,69.28,67.45,67.96,3809815,1.0,0.0
2025-05-13,68.09,68.65,67.79,67.9,3550696,1.0,0.0
2025-05-14,67.43,67.81,66.71,67.59,4005509,1.0,0.0
2025-05-15,67.49,68.47,67.28,68.29,2931702,1.0,0.0
2025-05-16,68.26,68.7775,67.93,68.61,3064569,1.0,0.0
2025-05-19,68.25,69.09,68.125,68.81,4995324,1.0,0.0
2025-05-20,68.78,69.22,68.39,69.18,3265676,1.0,0.0
2025-05-21,68.8,69.42,68.616,68.96,2415117,1.0,0.0
2025-05-22,68.78,68.98,68.17,68.59,2085097,1.0,0.0
2025-05-23,68.41,69.24,67.93,69.06,2541589,1.0,0.0
2025-05-27,69.43,70.435,69.41,70.41,4534243,1.0,0.0
2025-05-28,70.49,70.71,69.945,70.32,2441197,1.0,0.0
2025-05-29,70.28,70.28,69.4,69.71,3173078,1.0,0.0
2025-05-30,69.62,71.01,69.205,70.8,5450702,1.0,0.0
2025-06-02,70.69,71.11,70.15,70.95,3578437,1.0,0.17
2025-06-03,70.8,71.31,70.19,71.19,3467798,1.0,0.0
2025-06-04,71.53,71.88,71.24,71.38,2776793,1.0,0.0
2025-06-05,71.8,71.8,71.13,71.2,3278785,1.0,0.0
2025-06-06,71.42,72.24,71.42,71.64,2854991,1.0,0.0
2025-06-09,71.79,72.3,71.16,72.01,2888416,1.0,0.0
2025-06-10,72.03,72.395,71.41,71.55,3491493,1.0,0.0
2025-06-11,71.93,72.14,71.5,72.07,8169310,1.0,0.0
2025-06-12,72.0,72.53,71.3,72.52,5547203,1.0,0.0
2025-06-13,72.22,72.91,71.93,72.43,3344807,1.0,0.0
2025-06-16,72.83,74.19,72.62,74.19,3168500,1.0,0.0
2025-06-17,74.155,74.63,73.615,74.21,5042574,1.0,0.0
2025-06-18,74.04,74.84,74.04,74.12,3721924,1.0,0.0
2025-06-20,74.08,74.64,72.87,73.72,14522974,1.0,0.0
2025-06-23,73.79,74.96,73.5,74.44,4927130,1.0,0.0
2025-06-24,74.28,74.555,73.29,73.29,4629435,1.0,0.0
2025-06-25,73.22,73.655,72.94,73.24,4961778,1.0,0.0
2025-06-26,73.96,75.05,73.625,74.3,5649984,1.0,0.0
2025-06-27,74.33,74.795,73.88,74.39,5390735,1.0,0.0
2025-06-30,74.09,74.62,73.7,74.53,3201556,1.0,0.0
2025-07-01,74.51,75.22,74.1043,75.11,3614249,1.0,0.0
2025-07-02,75.4,77.04,75.27,77.0,3292317,1.0,0.0
2025-07-03,76.92,77.41,76.705,77.12,1419340,1.0,0.0
2025-07-07,77.08,77.33,76.12,76.58,2461532,1.0,0.0
2025-07-08,76.9,77.24,75.985,76.45,3033066,1.0,0.0
2025-07-09,76.57,76.67,74.8601,76.2,6570792,1.0,0.0
2025-07-10,76.07,76.07,74.63,74.83,4418260,1.0,0.0
2025-07-11,74.34,74.45,73.36,73.57,4389840,1.0,0.0
2025-07-14,73.78,74.2,73.04,73.11,2876465,1.0,0.0
2025-07-15,73.37,73.4164,71.93,72.09,5725068,1.0,0.0
2025-07-16,72.22,73.035,71.78,72.98,4036178,1.0,0.0
2025-07-17,73.02,73.54,72.6607,73.17,2688186,1.0,0.0
2025-07-18,73.14,73.59,72.49,73.05,3693189,1.0,0.0
2025-07-21,73.1,73.8,72.83,73.0,2655310,1.0,0.0
2025-07-22,73.16,74.295,73.01,73.75,3733947,1.0,0.0
2025-07-23,73.9,74.31,73.63,73.9,3827800,1.0,0.0
2025-07-24,73.47,73.8,72.67,73.12,3399087,1.0,0.0
2025-07-25,72.84,73.5,72.55,73.43,2668455,1.0,0.0
2025-07-28,73.23,73.23,72.27,72.4,2317934,1.0,0.0
2025-07-29,72.83,73.08,72.48,72.88,2631441,1.0,0.0
2025-07-30,72.85,72.85,71.71,71.98,4975944,1.0,0.0
2025-07-31,71.82,72.3,71.665,72.13,4852687,1.0,0.0
2025-08-01,71.65,71.83,70.58,71.17,4771019,1.0,0.0
2025-08-04,71.55,72.01,71.325,71.92,3943545,1.0,0.0
2025-08-05,72.54,72.71,71.8,72.31,3744014,1.0,0.0
2025-08-06,72.1,72.31,71.06,71.17,4566094,1.0,0.0
2025-08-07,70.51,71.47,68.7,71.05,7323330,1.0,0.0
2025-08-08,71.3,71.3,70.27,70.91,5568032,1.0,0.0
2025-08-11,71.0,72.565,70.955,72.46,5965463,1.0,0.0
2025-08-12,72.74,73.0,70.82,71.03,5485896,1.0,0.0
2025-08-13,72.04,72.395,70.835,72.33,4693600,1.0,0.0
2025-08-14,72.0,72.1699,71.35,71.87,3242754,1.0,0.0
2025-08-15,71.94,72.24,71.6,71.76,2649632,1.0,0.0
2025-08-18,71.72,72.65,71.655,72.29,2818743,1.0,0.0
2025-08-19,72.29,72.48,71.87,72.4,2723604,1.0,0.0
2025-08-20,72.41,73.17,72.33,72.96,3086785,1.0,0.0
2025-08-21,72.71,73.265,72.56,72.98,2815363,1.0,0.0
2025-08-22,73.33,73.58,72.695,73.37,2664008,1.0,0.0
2025-08-25,73.3,73.825,72.9,73.6,3261577,1.0,0.0
2025-08-26,73.43,73.96,72.13,73.94,6802585,1.0,0.0
2025-08-27,73.8,75.12,73.61,75.03,6016690,1.0,0.0
2025-08-28,75.03,75.16,73.385,74.32,3928414,1.0,0.0
2025-08-29,74.23,74.63,74.055,74.19,4034995,1.0,0.0
2025-09-02,73.72,74.035,73.3,73.92,3261681,1.0,0.18
2025-09-03,73.46,73.697,72.35,72.39,3095387,1.0,0.0
2025-09-04,72.44,72.81,72.01,72.65,3147817,1.0,0.0
2025-09-05,72.53,72.73,71.39,72.3,3173244,1.0,0.0
2025-09-08,72.2,73.03,71.7,72.95,4724464,1.0,0.0
2025-09-09,73.14,73.66,72.0,72.5,3336700,1.0,0.0
2025-09-10,72.18,72.81,71.56,71.78,2939510,1.0,0.0
2025-09-11,71.64,73.11,71.585,72.99,2750438,1.0,0.0
2025-09-12,72.9,75.91,72.33,74.29,6599860,1.0,0.0
2025-09-15,73.89,74.5,69.28,70.07,8800953,1.0,0.0
2025-09-16,70.01,70.4,69.45,69.88,5056641,1.0,0.0
2025-09-17,70.08,71.1,69.77,70.64,3470295,1.0,0.0
2025-09-18,70.84,71.0217,70.13,70.66,5365941,1.0,0.0
2025-09-19,70.57,71.02,70.39,70.86,12447770,1.0,0.0
2025-09-22,70.4,70.48,69.74,69.75,2831462,1.0,0.0
2025-09-23,69.94,70.56,69.435,69.48,3360856,1.0,0.0
2025-09-24,69.64,70.34,69.445,69.61,3474692,1.0,0.0
2025-09-25,69.93,69.985,65.9096,67.08,7240376,1.0,0.0
2025-09-26,67.54,68.12,67.192,68.09,4817120,1.0,0.0
2025-09-29,68.4,68.67,67.55,67.77,5341441,1.0,0.0
2025-09-30,67.9,67.95,67.19,67.63,4701436,1.0,0.0
2025-10-01,66.9,66.9,60.705,61.47,12189763,1.0,0.0
2025-10-02,61.325,63.68,61.325,63.49,11310271,1.0,0.0
2025-10-03,62.5,63.66,62.49,63.37,4329057,1.0,0.0
2025-10-06,63.52,65.065,63.4001,64.3,5261021,1.0,0.0
2025-10-07,64.19,65.61,63.78,65.61,4409839,1.0,0.0
2025-10-08,65.18,65.445,62.8,63.11,6075943,1.0,0.0
2025-10-09,63.59,63.815,62.55,62.75,3033253,1.0,0.0
2025-10-10,62.7,63.125,61.83,61.83,2925592,1.0,0.0
2025-10-13,62.27,63.0412,62.18,62.67,2157925,1.0,0.0
2025-10-14,62.46,62.77,62.04,62.67,4189659,1.0,0.0
2025-10-15,62.65,62.84,61.875,61.91,3550951,1.0,0.0
2025-10-16,62.0,62.2682,60.99,61.0,4379730,1.0,0.0
2025-10-17,61.08,62.045,60.95,61.4,7513413,1.0,0.0
2025-10-20,61.96,62.43,61.54,61.98,4634281,1.0,0.0
2025-10-21,61.93,62.33,61.65,61.97,4074799,1.0,0.0
2025-10-22,61.9,63.2264,61.9,63.12,5414320,1.0,0.0
2025-10-23,63.95,63.95,63.03,63.48,3227807,1.0,0.0
2025-10-24,63.8,63.9,63.44,63.66,2627803,1.0,0.0
2025-10-27,64.02,64.56,63.67,63.93,3973479,1.0,0.0
2025-10-28,63.76,63.89,63.19,63.46,2821603,1.0,0.0
2025-10-29,63.04,63.395,62.74,63.2,5030741,1.0,0.0
2025-10-30,61.28,61.955,60.94,61.7,5796320,1.0,0.0
2025-10-31,61.33,61.94,61.05,61.44,4608824,1.0,0.0
2025-11-03,60.95,62.06,60.535,62.06,6059681,1.0,0.0
2025-11-04,61.81,62.926,61.28,62.5,5189559,1.0,0.0
2025-11-05,64.7,64.83,63.01,63.67,6982418,1.0,0.0
2025-11-06,63.09,63.73,62.52,63.15,5146100,1.0,0.0
2025-11-07,63.31,64.175,62.655,64.15,3686923,1.0,0.0
2025-11-10,64.31,65.979,64.06,65.56,3695675,1.0,0.0
2025-11-11,65.54,66.1499,65.18,65.72,2912502,1.0,0.0
2025-11-12,65.58,66.88,65.26,66.48,3131388,1.0,0.0
2025-11-13,66.685,67.02,66.135,66.2,3408716,1.0,0.0
2025-11-14,66.07,66.87,65.76,66.0,2862487,1.0,0.0
2025-11-17,66.34,66.44,63.845,63.88,3998572,1.0,0.0
2025-11-18,63.75,65.08,63.56,64.5,3148312,1.0,0.0
2025-11-19,64.76,65.02,64.05,64.68,2505751,1.0,0.0
2025-11-20,65.02,65.96,64.195,64.38,5939447,1.0,0.0
2025-11-21,64.78,66.59,64.67,65.54,5184061,1.0,0.0
2025-11-24,65.54,65.85,65.08,65.66,3825602,1.0,0.0
2025-11-25,66.02,66.5765,65.48,66.05,3722798,1.0,0.0
2025-11-26,65.91,66.965,65.71,66.65,2062310,1.0,0.0
2025-11-28,66.69,67.72,66.68,67.47,1976744,1.0,0.0
2025-12-01,67.15,67.84,66.52,66.54,3498312,1.0,0.18
2025-12-02,66.87,67.015,65.27,65.6,2603909,1.0,0.0
2025-12-03,65.8,66.24,65.27,65.3,3885942,1.0,0.0
2025-12-04,65.81,66.45,65.63,66.29,3644887,1.0,0.0
2025-12-05,66.17,67.03,65.93,66.0,5353349,1.0,0.0
2025-12-08,65.87,66.07,65.06,65.09,5150318,1.0,0.0
2025-12-09,65.06,65.99,65.03,65.84,5185414,1.0,0.0
2025-12-10,65.69,65.79,64.1,65.1,6388153,1.0,0.0
2025-12-11,65.34,66.82,65.09,66.04,2662918,1.0,0.0
2025-12-12,66.6,66.84,65.79,66.12,2667119,1.0,0.0
2025-12-15,66.29,66.419,65.1,65.88,4106060,1.0,0.0
2025-12-16,65.97,65.99,65.32,65.48,2700071,1.0,0.0
2025-12-17,65.49,66.49,65.15,66.43,3973352,1.0,0.0
2025-12-18,66.83,67.46,66.44,66.96,3839693,1.0,0.0
2025-12-19,67.245,67.245,66.15,66.31,8981880,1.0,0.0
2025-12-22,66.32,67.15,66.32,67.09,2410511,1.0,0.0
2025-12-23,67.08,67.23,66.5,67.15,2635330,1.0,0.0
2025-12-24,67.2,67.57,67.025,67.33,770491,1.0,0.0
2025-12-26,67.32,67.63,67.14,67.44,1199289,1.0,0.0
2025-12-29,67.25,67.66,67.25,67.65,1994246,1.0,0.0
2025-12-30,67.67,67.98,67.28,67.37,1721203,1.0,0.0
2025-12-31,67.31,67.495,67.01,67.03,2075710,1.0,0.0
2026-01-02,67.0,67.955,66.33,67.76,2977312,1.0,0.0
2026-01-05,67.53,68.38,66.71,67.85,2816641,1.0,0.0
2026-01-06,67.7,69.74,67.26,69.37,4440413,1.0,0.0
2026-01-07,69.05,69.75,68.135,68.54,3276360,1.0,0.0
2026-01-08,68.3,70.39,67.885,70.14,2908664,1.0,0.0
2026-01-09,70.02,70.57,68.63,68.65,3341248,1.0,0.0
2026-01-12,68.58,69.51,67.93,68.49,3646983,1.0,0.0
2026-01-13,68.71,69.26,68.58,68.85,2267855,1.0,0.0
2026-01-14,69.51,70.73,69.305,69.94,5006484,1.0,0.0
2026-01-15,70.25,70.87,69.33,70.5,7045138,1.0,0.0
2026-01-16,69.49,70.07,68.915,69.64,3401762,1.0,0.0
2026-01-20,69.36,69.7,68.42,68.9,2649079,1.0,0.0
2026-01-21,70.34,71.89,69.535,71.48,6140233,1.0,0.0
2026-01-22,71.87,72.3,71.29,71.56,2756060,1.0,0.0
2026-01-23,71.63,72.155,71.34,71.7,3467162,1.0,0.0
2026-01-26,72.38,72.65,71.79,72.63,5351260,1.0,0.0
2026-01-27,72.61,73.32,72.5,73.0,4418283,1.0,0.0
2026-01-28,73.0,73.36,72.415,73.05,2742954,1.0,0.0
2026-01-29,73.5,74.0,73.045,73.84,3614109,1.0,0.0
2026-01-30,73.55,73.7,72.26,72.8,3703557,1.0,0.0
2026-02-02,72.8,73.71,72.52,73.2,3496625,1.0,0.0
2026-02-03,73.39,75.185,73.39,75.04,5615552,1.0,0.0
2026-02-04,73.09,76.64,73.0,75.12,7132860,1.0,0.0
2026-02-05,74.41,75.0,72.31,72.47,5733505,1.0,0.0
2026-02-06,73.16,73.865,72.16,72.6,4199493,1.0,0.0
2026-02-09,71.92,73.86,71.84,73.62,4262512,1.0,0.0
2026-02-10,73.97,74.63,73.81,74.22,3294528,1.0,0.0
2026-02-11,74.69,75.91,74.33,75.32,5684520,1.0,0.0
2026-02-12,75.7,76.1,73.965,74.11,4670967,1.0,0.0
2026-02-13,73.87,75.42,73.87,75.03,3500354,1.0,0.0
2026-02-17,75.19,75.865,74.86,75.55,3373571,1.0,0.0
2026-02-18,75.95,76.62,75.665,76.59,3040353,1.0,0.0
2026-02-19,76.45,77.108,76.17,77.02,3716498,1.0,0.0
2026-02-20,76.8,77.04,75.365,76.31,5561295,1.0,0.0
2026-02-23,76.09,77.24,75.9,76.46,4076463,1.0,0.0
2026-02-24,76.27,77.98,76.24,77.97,3064251,1.0,0.0
2026-02-25,78.01,78.59,77.17,77.67,5502679,1.0,0.0
2026-02-26,77.78,78.83,77.46,78.82,3239176,1.0,0.0
2026-02-27,78.64,80.225,78.42,80.12,5332171,1.0,0.0
2026-03-02,79.91,80.905,79.2862,80.52,4008984,1.0,0.18
2026-03-03,78.74,80.135,77.72,78.93,4984410,1.0,0.0
2026-03-04,79.71,79.93,77.915,78.0,4584816,1.0,0.0
2026-03-05,77.59,77.93,76.07,76.59,3866374,1.0,0.0
2026-03-06,76.4,77.05,74.86,76.96,3506960,1.0,0.0
2026-03-09,76.905,78.37,76.12,78.3,3896288,1.0,0.0
2026-03-10,77.97,78.355,76.27,76.31,3719843,1.0,0.0
2026-03-11,76.34,78.69,75.96,78.63,3136826,1.0,0.0
2026-03-12,78.92,80.19,78.675,79.75,3550520,1.0,0.0
2026-03-13,80.23,80.512,78.2,79.21,5153051,1.0,0.0
2026-03-16,79.19,79.565,78.605,79.04,3816216,1.0,0.0
2026-03-17,79.84,80.695,79.27,80.05,3165215,1.0,0.0
2026-03-18,80.4,80.5,79.33,79.34,3404315,1.0,0.0
2026-03-19,79.3,79.54,77.07,78.07,4854588,1.0,0.0
2026-03-20,78.58,78.58,76.75,77.33,9435786,1.0,0.0
2026-03-23,78.81,79.28,77.18,77.76,5145329,1.0,0.0
2026-03-24,77.88,81.12,77.88,80.58,4811600,1.0,0.0
2026-03-25,80.66,82.26,80.495,82.03,3357909,1.0,0.0
2026-03-26,81.74,82.89,81.72,82.73,3105563,1.0,0.0
2026-03-27,82.6,82.815,81.585,81.99,4535666,1.0,0.0
2026-03-30,82.98,83.6,82.565,82.95,5083500,1.0,0.0
2026-03-31,83.0,84.0,82.3,83.71,5423579,1.0,0.0
2026-04-01,83.52,84.1397,82.7201,83.81,5582068,1.0,0.0
2026-04-02,83.65,85.555,83.59,85.46,3669704,1.0,0.0
2026-04-06,85.04,85.49,83.63,84.25,3799643,1.0,0.0
2026-04-07,84.22,85.63,84.09,85.33,2927273,1.0,0.0
2026-04-08,84.2,84.26,82.01,83.96,5932566,1.0,0.0
2026-04-09,84.04,85.07,82.78,83.56,3485867,1.0,0.0
2026-04-10,83.65,84.12,83.13,83.83,1980849,1.0,0.0
2026-04-13,84.18,84.625,82.895,83.51,2943052,1.0,0.0
2026-04-14,83.31,84.29,82.51,82.95,3372941,1.0,0.0
2026-04-15,82.91,82.91,81.14,81.32,3259057,1.0,0.0
2026-04-16,81.21,81.94,80.232,81.16,3692861,1.0,0.0
2026-04-17,80.12,80.76,78.91,80.34,4368462,1.0,0.0
2026-04-20,80.47,81.45,79.9,80.29,3287281,1.0,0.0
2026-04-21,80.57,81.005,79.47,80.35,2354076,1.0,0.0
2026-04-22,80.66,81.02,78.7,79.35,2616742,1.0,0.0
2026-04-23,79.53,80.66,78.85,79.63,2274357,1.0,0.0
2026-04-24,79.4,79.86,78.36,79.8,2514316,1.0,0.0
2026-04-27,79.98,80.715,79.13,79.42,2805094,1.0,0.0
2026-04-28,80.06,80.27,78.535,78.94,2569084,1.0,0.0
2026-04-29,79.03,80.26,78.79,79.37,2578091,1.0,0.0
2026-04-30,79.3,81.395,78.78,81.01,3562785,1.0,0.0
2026-05-01,81.48,81.79,80.85,80.85,3543099,1.0,0.0
2026-05-04,80.73,81.82,80.4237,81.69,3334682,1.0,0.0
2026-05-05,82.0,84.32,81.91,83.9,5015924,1.0,0.0
2026-05-06,82.24,83.55,81.175,81.77,5345128,1.0,0.0
2026-05-07,80.95,81.36,78.76,79.07,6275062,1.0,0.0
2026-05-08,79.31,81.45,78.79,81.13,4624317,1.0,0.0
2026-05-11,81.56,83.33,81.13,82.83,4570912,1.0,0.0
2026-05-12,82.95,83.5446,81.365,82.59,3373645,1.0,0.0
2026-05-13,82.75,83.42,82.1,83.35,3076397,1.0,0.0
2026-05-14,83.43,84.19,82.27,83.3,3830764,1.0,0.0
2026-05-15,82.76,83.55,82.15,82.21,2956115,1.0,0.0
2026-05-18,82.08,82.58,81.06,81.08,2747553,1.0,0.0
2026-05-19,80.48,80.48,78.835,78.99,3106991,1.0,0.0
2026-05-20,78.58,80.0,78.35,78.8,3890515,1.0,0.0
2026-05-21,78.75,79.265,78.1325,79.04,3626407,1.0,0.0
2026-05-22,79.35,80.205,79.15,79.56,2135476,1.0,0.0
2026-05-26,79.46,80.265,79.09,79.09,2164323,1.0,0.0
2026-05-27,78.58,80.345,78.13,79.89,3085612,1.0,0.0
2026-05-28,80.39,81.24,79.67,80.6,2808373,1.0,0.0
2026-05-29,80.38,80.785,78.26,78.28,6431542,1.0,0.0
2026-06-01,78.15,78.5799,77.03,77.68,2658151,1.0,0.18
2026-06-02,77.73,78.515,77.12,77.57,2729129,1.0,0.0
2026-06-03,77.28,79.41,77.14,77.8,3324399,1.0,0.0
2026-06-04,77.92,78.66,76.88,77.46,3398652,1.0,0.0
2026-06-05,77.46,78.6,76.5301,77.03,3343235,1.0,0.0
2026-06-08,76.96,77.3,75.86,75.86,4956539,1.0,0.0
2026-06-09,75.26,75.81,74.46,75.01,4223684,1.0,0.0
2026-06-10,75.44,75.939,74.42,74.46,4426404,1.0,0.0
2026-06-11,75.71,75.89,74.54,74.86,4250050,1.0,0.0
2026-06-12,75.08,76.33,75.01,76.14,4116220,1.0,0.0
2026-06-15,75.93,77.36,75.525,75.71,4117572,1.0,0.0
2026-06-16,75.7,77.16,75.5,76.87,4681804,1.0,0.0
2026-06-17,76.87,78.9,76.66,77.37,4221381,1.0,0.0
2026-06-18,77.38,79.05,76.52,78.59,13360340,1.0,0.0
