date,open,high,low,close,volume
2018-10-01,165.58,169.1,165.29,168.87,2329700
2018-10-02,166.26,169.26,165.43,169.03,1652300
2018-10-03,169.75,169.75,167.18,167.57,950500
2018-10-04,166.82,167.0,163.38,165.83,1720100
2018-10-05,164.15,165.74,163.65,164.24,1538700
2018-10-08,163.49,164.91,162.87,164.31,1109000
2018-10-09,162.9,163.74,161.0,161.18,1510400
2018-10-10,161.21,161.6,157.94,158.01,2222200
2018-10-11,157.93,158.21,153.77,154.26,1977000
2018-10-12,156.82,157.78,155.33,156.24,1840700
2018-10-15,156.61,159.29,155.99,156.79,2161500
2018-10-16,157.72,160.84,157.22,160.67,1297500
2018-10-17,161.7,162.25,159.09,159.79,1540700
2018-10-18,167.08,167.52,159.48,161.36,3739600
2018-10-19,161.46,163.06,159.29,159.85,3012000
2018-10-22,165.23,168.95,160.52,166.88,7591100
2018-10-23,164.84,165.94,161.6,164.17,4959200
2018-10-24,161.74,164.0,160.78,161.23,5610900
2018-10-25,162.76,166.36,162.43,165.0,5105400
2018-10-26,163.71,167.11,163.44,164.94,35352000
2018-10-29,166.22,169.16,164.59,165.49,14032500
2018-10-30,166.11,167.67,162.74,164.5,57375600
2018-10-31,161.74,165.6,161.31,165.47,18032219
2018-11-01,164.66,165.48,161.94,162.0,11423528
2018-11-02,160.66,161.81,155.44,159.84,6835139
2018-11-05,157.65,162.19,157.45,161.99,4477443
2018-11-06,161.83,166.35,161.67,165.53,2510572
2018-11-07,164.54,166.85,164.23,166.85,7626295
2018-11-08,164.5,166.15,162.93,165.3,4010008
2018-11-09,162.99,163.94,160.55,161.52,3249146
2018-11-12,160.06,162.3,158.91,159.22,1990839
2018-11-13,160.22,160.33,156.53,156.93,2507084
2018-11-14,158.19,158.24,153.0,153.36,2338763
2018-11-15,156.09,156.3,152.56,155.18,2759391
2018-11-16,153.74,158.46,153.4,158.08,2726823
2018-11-19,158.61,161.45,158.44,159.5,2464717
2018-11-20,157.49,160.19,157.24,157.87,2151626
2018-11-21,159.24,161.24,158.55,159.06,2070941
2018-11-23,156.86,158.01,156.02,156.19,963558
2018-11-26,157.04,158.22,156.88,157.32,2678195
2018-11-27,155.66,156.65,151.52,152.55,2525894
2018-11-28,153.53,156.48,151.7,156.29,1808830
2018-11-29,155.51,159.84,155.35,159.31,2901283
2018-11-30,157.02,160.61,156.94,159.05,3944199
2018-12-03,162.3,164.42,159.92,164.35,3177158
2018-12-04,163.95,164.29,160.45,160.83,2746072
2018-12-06,158.53,159.02,153.0,155.98,4785369
2018-12-07,156.22,158.52,152.36,152.72,2518766
2018-12-10,156.03,157.54,154.11,156.91,2540418
2018-12-11,161.16,162.46,156.65,157.46,2552869
2018-12-12,161.65,162.14,159.46,160.55,2402588
2018-12-13,160.4,161.3,157.3,158.09,2456699
2018-12-14,157.38,158.47,156.05,156.93,2360754
2018-12-17,157.19,159.44,155.59,157.33,3148643
2018-12-18,158.42,158.89,156.63,157.61,2147003
2018-12-19,157.4,158.5,155.21,155.83,2618675
2018-12-20,154.48,156.4,152.44,154.05,3398929
2018-12-21,156.01,157.48,153.03,153.11,5452061
2018-12-24,152.7,153.41,148.13,148.13,2086789
2018-12-26,148.75,152.77,145.95,152.74,2591492
2018-12-27,152.05,156.41,150.6,156.41,2866950
2018-12-28,157.1,158.56,155.04,156.31,1586143
2018-12-31,156.23,157.0,153.94,156.04,1853930
2019-01-02,153.53,158.16,153.52,157.2,1716443
2019-01-03,154.06,154.35,151.93,152.29,1775529
2019-01-04,153.83,157.62,153.36,156.63,1801275
2019-01-07,155.78,158.04,155.15,156.49,1830185
2019-01-08,156.09,158.56,155.2,158.15,2207298
2019-01-09,156.73,159.53,156.33,158.46,2099888
2019-01-10,158.7,161.98,158.35,161.85,2093890
2019-01-11,160.56,160.76,159.37,160.21,1380391
2019-01-14,158.37,159.5,157.7,158.02,2004827
2019-01-15,156.84,157.87,156.54,157.23,2110706
2019-01-16,157.53,158.42,157.08,157.24,1382133
2019-01-17,156.4,157.65,156.21,157.26,2176501
2019-01-18,158.76,161.45,158.01,160.79,2494756
2019-01-22,161.61,161.78,159.69,160.84,1699074
2019-01-23,160.57,161.09,157.46,158.93,1569547
2019-01-24,157.61,157.91,156.43,157.37,2528024
2019-01-25,158.69,160.11,158.64,158.84,1242664
2019-01-28,157.78,158.39,156.88,158.21,1422480
2019-01-29,159.57,162.0,159.35,161.22,1558358
2019-01-30,161.79,163.75,161.16,162.92,1113641
2019-01-31,161.18,163.42,159.63,163.01,1645906
2019-02-01,163.91,165.9,163.46,165.76,1324345
2019-02-04,165.48,165.69,163.22,163.5,2106508
2019-02-05,165.26,165.99,163.8,164.99,2358571
2019-02-06,163.95,164.62,163.04,163.42,1124785
2019-02-07,161.75,162.24,159.43,160.69,1360964
2019-02-08,160.07,161.61,159.08,161.22,1557942
2019-02-11,161.06,161.62,160.63,161.35,1128408
2019-02-12,164.13,167.55,163.89,167.53,1772008
2019-02-13,167.09,168.49,166.79,167.38,1599349
2019-02-14,166.65,167.6,165.93,166.5,1104141
2019-02-15,170.54,170.71,167.77,168.54,2573604
2019-02-19,168.0,168.78,167.56,167.86,2221223
2019-02-20,167.59,171.01,167.59,170.3,2574751
2019-02-21,170.98,172.3,170.54,171.4,1736555
2019-02-22,172.24,173.74,171.55,173.5,1075724
2019-02-25,173.89,175.01,173.39,174.62,1526810
2019-02-26,173.79,174.89,173.45,173.91,1739158
2019-02-27,173.4,175.12,172.63,174.5,1451801
2019-02-28,174.81,174.93,173.1,173.24,1698289
2019-03-01,176.36,176.73,167.86,168.38,3033462
2019-03-04,168.35,168.91,166.07,168.7,1738053
2019-03-05,168.35,169.94,168.35,168.44,1205906
2019-03-06,168.84,169.68,168.21,169.13,986917
2019-03-07,169.36,169.36,166.82,167.47,1450135
2019-03-08,168.75,169.52,167.76,169.46,1558439
2019-03-11,169.48,171.31,169.42,171.28,1188763
2019-03-12,171.78,172.9,171.39,172.32,1309211
2019-03-13,174.01,175.51,173.64,174.39,1538460
2019-03-14,174.25,174.44,173.17,174.21,1033242
2019-03-15,176.28,176.96,174.43,176.43,3661441
2019-03-18,174.75,174.95,173.43,174.55,1220440
2019-03-19,175.35,175.79,172.62,173.58,1251550
2019-03-20,175.35,176.87,174.36,176.63,1536410
2019-03-21,174.34,175.83,173.7,175.1,1146267
2019-03-22,172.1,172.76,169.19,169.86,1383973
2019-03-25,170.97,171.92,169.56,170.0,1349670
2019-03-26,170.89,171.3,169.69,170.98,1408088
2019-03-27,169.46,170.05,168.69,169.48,1821420
2019-03-28,170.96,173.85,170.73,173.7,1892495
2019-03-29,175.35,176.1,173.88,175.93,2158060
2019-04-01,176.84,178.18,176.0,176.58,1791905
2019-04-02,177.33,178.18,176.69,178.02,1179741
2019-04-03,181.15,184.53,180.63,182.74,2379572
2019-04-04,183.57,184.04,182.42,183.9,1471382
2019-04-05,184.59,185.43,183.98,184.62,1403446
2019-04-08,185.9,185.92,184.15,184.84,1138462
2019-04-09,185.05,185.05,182.75,182.9,1388180
2019-04-10,183.39,183.59,179.82,181.02,2443656
2019-04-11,181.68,181.81,179.77,179.85,1916444
2019-04-12,180.8,181.13,180.14,180.35,1914482
2019-04-15,180.14,180.43,179.14,180.14,1448029
2019-04-16,180.08,180.68,178.8,180.62,1749653
2019-04-17,180.64,181.86,179.4,179.91,1663290
2019-04-18,180.12,180.79,179.67,180.4,1547307
2019-04-22,179.85,180.8,178.83,178.9,1002056
2019-04-23,178.65,179.72,178.55,179.33,1796474
2019-04-24,179.01,179.51,177.51,177.62,1780230
2019-04-25,176.22,176.75,174.92,176.28,2229909
2019-04-26,175.44,178.26,175.37,178.26,1483885
2019-04-29,176.79,178.26,176.49,177.1,1195401
2019-04-30,177.87,180.56,177.39,180.26,1404200
2019-05-01,179.89,181.2,178.01,178.29,1018290
2019-05-02,177.93,180.49,177.27,180.49,1690968
2019-05-03,179.68,181.47,179.24,180.96,1248855
2019-05-06,177.83,179.33,177.81,178.63,1406991
2019-05-07,176.58,176.87,172.91,174.57,2049602
2019-05-08,174.43,177.53,174.24,176.54,1264624
2019-05-09,173.2,174.71,171.6,173.35,1999513
2019-05-10,174.63,182.22,174.27,181.59,2511834
2019-05-13,179.74,181.01,177.82,180.68,2328483
2019-05-14,180.31,182.36,179.78,180.92,2029268
2019-05-15,178.57,182.37,178.32,180.86,1184242
2019-05-16,185.09,188.97,184.5,187.65,1866604
2019-05-17,188.19,189.45,186.89,189.0,1737946
2019-05-20,186.0,187.17,184.65,185.26,1383737
2019-05-21,186.76,187.44,186.15,187.27,1051501
2019-05-22,187.87,189.72,187.18,188.24,1334825
2019-05-23,185.89,187.04,184.47,185.08,1318529
2019-05-24,187.37,188.15,185.85,187.86,1025332
2019-05-28,186.94,187.78,183.73,184.31,1483132
2019-05-29,181.46,183.13,181.21,183.01,1405355
2019-05-30,182.92,184.21,182.77,183.41,1041985
2019-05-31,180.3,181.41,179.87,180.55,1757167
2019-06-03,181.47,187.41,181.2,187.28,2882627
2019-06-04,187.81,191.35,185.68,191.35,3115226
2019-06-05,191.35,192.8,190.49,192.75,3708880
2019-06-06,194.31,198.06,193.69,197.35,3468187
2019-06-07,200.15,201.11,197.63,200.05,3613301
2019-06-10,200.12,202.0,198.23,200.42,1197433
2019-06-11,201.2,201.82,199.72,200.79,1719957
2019-06-12,201.58,202.28,200.97,201.69,1956258
2019-06-13,203.48,203.89,201.64,202.74,2855124
2019-06-14,202.66,203.23,201.43,202.71,1524027
2019-06-17,202.93,203.61,201.04,201.26,1757215
2019-06-18,204.18,204.76,202.71,204.02,2006919
2019-06-19,202.24,202.47,199.14,200.59,1944654
2019-06-20,203.65,203.71,201.5,202.34,1703288
2019-06-21,202.64,202.99,202.03,202.13,3770274
2019-06-24,202.49,203.87,202.03,203.38,1092531
2019-06-25,204.32,204.32,202.71,202.8,1118787
2019-06-26,202.05,202.31,200.56,200.6,1369874
2019-06-27,198.7,199.95,198.46,199.53,1532079
2019-06-28,199.6,201.72,199.12,200.8,6440582
2019-07-01,203.02,203.19,201.51,203.0,1114025
2019-07-02,202.01,203.97,201.53,203.54,1722409
2019-07-03,202.0,203.61,201.71,203.61,939491
2019-07-05,201.1,203.17,200.1,202.43,1741333
2019-07-08,201.05,203.64,200.88,201.67,1277094
2019-07-09,202.42,202.61,200.71,200.97,1160663
2019-07-10,202.08,202.65,201.46,201.77,1062039
2019-07-11,201.44,203.06,201.03,202.81,1225227
2019-07-12,203.76,204.72,202.98,203.98,1027566
2019-07-15,204.19,205.1,203.71,204.07,869036
2019-07-16,204.13,205.55,202.45,202.59,1073702
2019-07-17,203.54,203.85,201.76,201.82,986683
2019-07-18,202.8,203.68,201.82,203.64,1067525
2019-07-19,202.99,204.61,202.63,203.38,1228262
2019-07-22,204.59,204.99,203.17,203.58,653431
2019-07-23,204.83,206.82,204.19,206.82,1064783
2019-07-24,204.06,204.19,202.2,202.75,1102806
2019-07-25,200.39,200.68,196.53,199.89,2084879
2019-07-26,199.43,201.15,199.32,200.96,1191197
2019-07-29,199.77,200.21,199.25,199.77,1468231
2019-07-30,195.81,197.79,195.75,196.5,2466350
2019-07-31,195.91,196.19,188.99,191.28,4160865
2019-08-01,189.61,193.5,189.16,190.42,3762847
2019-08-02,188.78,189.05,185.83,187.71,2556860
2019-08-05,190.0,193.09,189.22,190.63,3074765
2019-08-06,190.3,190.33,185.9,188.76,2351990
2019-08-07,187.05,191.41,186.62,190.78,2078890
2019-08-08,190.48,193.43,190.0,192.61,1927090
2019-08-09,189.93,192.8,189.72,191.97,1600161
2019-08-12,193.02,194.64,192.01,192.2,2032594
2019-08-13,192.13,195.61,191.5,192.9,1800922
2019-08-14,188.8,190.32,185.49,185.64,2441062
2019-08-15,185.71,187.49,185.07,186.64,1508294
2019-08-16,186.68,189.13,186.56,188.79,1198890
2019-08-19,189.24,190.33,188.31,189.11,1232072
2019-08-20,188.23,189.0,186.3,187.69,1364179
2019-08-21,189.31,189.95,188.61,188.74,1074679
2019-08-22,188.55,189.0,186.61,187.13,1446715
2019-08-23,185.64,187.36,181.6,184.26,2207654
2019-08-26,185.25,185.44,183.83,184.92,1292966
2019-08-27,186.1,186.4,184.37,184.74,1477455
2019-08-28,184.69,185.93,183.86,184.97,1152951
2019-08-29,188.14,188.44,187.07,187.66,1458894
2019-08-30,188.5,189.24,187.41,188.91,1696721
2019-09-03,187.27,188.14,186.2,187.23,1372419
2019-09-04,188.04,188.9,186.51,187.56,1212594
2019-09-05,188.7,189.5,187.1,187.1,1911246
2019-09-06,188.52,190.3,187.97,189.52,1066662
2019-09-09,188.1,188.44,185.03,185.21,2862297
2019-09-10,184.11,185.72,183.26,185.72,1788948
2019-09-11,185.67,187.73,185.11,187.61,1291881
2019-09-12,190.65,192.62,189.32,191.57,1640130
2019-09-13,192.49,193.71,191.98,192.16,1717117
2019-09-16,191.6,191.8,187.75,188.52,1263889
2019-09-17,190.34,193.2,189.75,192.24,1190187
2019-09-18,193.45,193.67,191.0,192.66,1694917
2019-09-19,195.69,196.12,193.92,194.24,1603853
2019-09-20,195.49,196.25,193.1,194.11,2488382
2019-09-23,192.65,194.0,192.55,193.52,861299
2019-09-24,193.17,193.84,190.85,191.52,1541406
2019-09-25,190.64,192.87,190.33,192.25,852623
2019-09-26,193.04,193.21,191.48,192.3,1345746
2019-09-27,192.16,192.75,190.58,191.55,876389
2019-09-30,192.52,194.24,192.18,193.72,1030923
2019-10-01,193.93,194.02,188.45,188.55,1128265
2019-10-02,185.93,186.0,182.06,184.11,1997609
2019-10-03,183.86,184.98,182.28,184.64,957329
2019-10-04,185.66,187.38,184.22,186.18,1503011
2019-10-07,186.0,190.34,185.83,188.58,2744703
2019-10-08,187.44,187.45,183.7,184.11,1527730
2019-10-09,186.11,188.04,185.68,187.39,1267365
2019-10-10,190.23,192.06,188.6,191.23,1505551
2019-10-11,192.68,196.54,192.35,194.25,1610302
2019-10-14,194.3,195.31,192.46,192.53,1215606
2019-10-15,195.79,198.03,194.89,195.18,1520741
2019-10-16,197.8,198.18,196.14,196.85,1579875
2019-10-17,197.76,198.98,196.55,196.64,960666
2019-10-18,196.88,197.24,194.94,195.79,1030107
2019-10-21,195.94,196.05,194.33,194.97,931156
2019-10-22,193.08,193.68,191.4,191.47,1434090
2019-10-23,193.76,194.87,193.17,193.7,1228378
2019-10-24,194.31,194.64,192.69,192.99,997825
2019-10-25,194.39,195.45,194.04,195.0,1026369
2019-10-28,196.31,196.89,195.68,196.77,1217181
2019-10-29,197.77,201.31,197.11,199.11,1083336
2019-10-30,197.87,199.56,196.3,199.19,1111100
2019-10-31,199.18,199.25,196.95,198.35,1306984
2019-11-01,198.88,200.05,198.38,198.8,816807
2019-11-04,201.25,201.49,200.12,200.76,1101703
2019-11-05,200.94,201.48,198.95,200.31,1147409
2019-11-06,201.11,201.6,200.11,201.12,1084776
2019-11-07,201.64,202.72,201.04,202.6,1099122
2019-11-08,203.6,204.45,202.31,203.0,966331
2019-11-11,202.77,203.32,201.58,202.29,881660
2019-11-12,205.23,207.71,204.18,205.76,1684219
2019-11-13,207.2,208.69,206.75,207.82,1389337
2019-11-14,207.09,208.97,206.74,208.64,1003439
2019-11-15,210.0,210.33,208.33,209.71,1805063
2019-11-18,208.39,209.96,207.48,209.11,1116126
2019-11-19,210.2,210.5,207.43,207.43,1464421
2019-11-20,207.02,207.7,205.56,206.18,1238023
2019-11-21,207.23,207.81,206.03,206.26,1378832
2019-11-22,205.41,206.09,204.66,204.91,941241
2019-11-25,204.74,205.96,204.24,205.94,1422734
2019-11-26,205.11,205.98,204.64,205.14,1573884
2019-11-27,203.96,206.11,203.81,206.0,1074031
2019-11-29,205.39,206.82,205.16,206.21,847557
2019-12-02,202.85,203.58,199.83,200.63,1732320
2019-12-03,200.61,202.56,199.61,202.04,1233000
2019-12-04,204.3,205.02,202.67,202.75,1384524
2019-12-05,203.17,204.06,202.25,203.75,868705
2019-12-06,205.6,205.99,204.6,205.53,921807
2019-12-09,206.86,207.0,204.78,205.33,1038312
2019-12-10,204.7,205.74,203.83,203.95,1135921
2019-12-11,205.45,206.36,204.89,205.64,1158227
2019-12-12,207.09,210.25,206.87,209.92,1333023
2019-12-13,211.11,211.64,208.38,209.05,1527875
2019-12-16,211.1,211.17,209.82,210.02,1797239
2019-12-17,210.38,210.52,208.71,209.66,1432967
2019-12-18,209.32,209.33,206.94,208.33,1427284
2019-12-19,207.94,209.45,207.66,209.4,1205193
2019-12-20,213.13,213.94,211.02,212.11,3034144
2019-12-23,212.08,212.31,211.1,211.77,967356
2019-12-24,211.57,212.41,210.67,211.62,399895
2019-12-26,211.7,212.75,211.1,212.75,481035
2019-12-27,214.15,214.26,212.09,212.26,825467
2019-12-30,212.81,212.9,211.27,211.49,807517
2019-12-31,211.74,212.92,211.26,212.9,1040027
2020-01-02,213.58,214.45,210.46,210.74,2604065
2020-01-03,207.4,209.05,205.17,205.26,2899274
2020-01-06,204.6,206.35,204.19,204.39,2395327
2020-01-07,204.81,206.75,204.25,204.83,2591055
2020-01-08,205.27,208.19,205.1,207.39,1327341
2020-01-09,208.08,209.74,207.81,208.85,1086061
2020-01-10,210.74,211.83,208.93,209.08,1217575
2020-01-13,209.79,211.93,209.33,211.8,1225710
2020-01-14,211.27,212.12,209.14,209.96,2107343
2020-01-15,210.99,212.08,210.35,211.44,1078220
2020-01-16,212.88,213.07,211.78,213.06,1302600
2020-01-17,213.19,214.42,212.84,214.1,1903666
2020-01-21,211.7,212.74,211.18,211.73,1384531
2020-01-22,211.2,211.95,210.45,211.08,966943
2020-01-23,208.42,209.65,207.52,209.62,1400735
2020-01-24,210.0,212.3,208.82,209.99,1541574
2020-01-27,205.22,206.3,204.09,204.88,1947799
2020-01-28,205.43,208.93,205.18,207.88,1229441
2020-01-29,208.13,209.44,207.66,208.23,982718
2020-01-30,206.47,208.57,205.46,208.23,1381321
2020-01-31,205.63,206.34,202.97,203.13,1909667
2020-02-03,203.77,210.05,203.58,209.44,2911531
2020-02-04,210.81,214.85,210.62,213.5,2369442
2020-02-05,217.12,217.12,213.26,216.74,2970077
2020-02-06,216.79,217.42,215.07,216.75,2234119
2020-02-07,214.78,215.69,212.73,214.16,995283
2020-02-10,214.89,215.73,214.12,215.44,1434873
2020-02-11,217.58,218.84,215.98,216.22,1385518
2020-02-12,217.12,217.42,215.51,217.2,1237957
2020-02-13,222.3,227.85,221.14,221.26,2231849
2020-02-14,221.64,223.1,221.22,222.64,1280266
2020-02-18,224.04,224.59,222.87,223.55,1524665
2020-02-19,223.02,223.55,221.87,222.48,1590105
2020-02-20,220.45,222.36,218.03,221.2,1534661
2020-02-21,219.99,220.3,218.24,218.34,1660085
2020-02-24,211.15,212.32,209.6,210.55,2020406
2020-02-25,209.18,209.7,200.85,201.65,2743145
2020-02-26,203.3,206.92,202.58,203.41,2711168
2020-02-27,199.87,203.37,194.9,194.95,3685484
2020-02-28,190.81,192.83,185.95,191.01,5555304
2020-03-02,191.3,198.3,189.41,198.15,3489615
2020-03-03,198.02,201.84,192.34,195.39,4063276
2020-03-04,198.4,205.75,197.37,205.53,2755568
2020-03-05,197.74,199.48,195.07,196.51,3204347
2020-03-06,192.13,192.66,185.76,189.2,4466755
2020-03-09,175.06,180.38,172.32,173.13,4822719
2020-03-10,176.48,177.42,167.52,176.21,5604105
2020-03-11,173.46,176.66,172.54,173.92,4315255
2020-03-12,163.4,169.95,157.0,158.02,6154655
2020-03-13,173.38,177.15,161.35,176.5,6386889
2020-03-16,148.72,163.64,146.71,158.35,7078397
2020-03-17,156.76,165.64,155.66,163.88,4956576
2020-03-18,153.39,160.16,149.64,157.51,4723882
2020-03-19,151.47,158.81,148.81,154.01,4296002
2020-03-20,154.1,157.94,148.05,151.3,4687222
2020-03-23,149.78,155.36,146.8,150.0,4434035
2020-03-24,159.29,166.84,157.0,164.81,3423122
2020-03-25,163.07,175.46,161.34,165.3,3258379
2020-03-26,169.27,175.0,168.69,174.19,2725978
2020-03-27,167.33,171.06,166.21,167.34,2301588
2020-03-30,172.26,177.29,170.84,176.8,2480547
2020-03-31,172.7,177.25,170.61,173.0,3142295
2020-04-01,165.62,168.51,160.22,160.87,3822029
2020-04-02,160.15,166.74,159.41,164.09,3369845
2020-04-03,163.25,165.75,161.26,162.13,2665745
2020-04-06,169.61,177.05,169.52,175.92,3603962
2020-04-07,181.54,185.45,178.64,179.94,3097612
2020-04-08,180.59,187.43,178.75,186.94,2495445
2020-04-09,183.31,190.05,183.25,189.48,3206758
2020-04-13,186.45,188.53,183.76,186.11,2087741
2020-04-14,188.75,190.91,187.73,189.84,2372791
2020-04-15,182.15,183.45,179.32,181.15,2025477
2020-04-16,181.79,183.7,178.88,183.13,1806724
2020-04-17,187.82,188.9,185.97,188.55,2634373
2020-04-20,184.87,189.6,184.41,185.0,1597620
2020-04-21,181.67,182.67,176.6,178.88,2010014
2020-04-22,180.88,182.89,180.02,181.6,1376381
2020-04-23,180.73,185.22,180.35,181.3,1249879
2020-04-24,182.04,182.76,178.85,181.47,1187658
2020-04-27,182.64,185.62,181.94,184.58,1542004
2020-04-28,187.96,188.11,185.48,186.88,1896699
2020-04-29,188.01,190.2,187.67,188.69,1282302
2020-04-30,185.38,186.19,183.14,183.99,2104417
2020-05-01,184.25,185.1,179.78,180.33,1169238
2020-05-04,179.48,183.22,178.61,182.66,1827986
2020-05-05,183.0,185.05,181.86,182.01,1171908
2020-05-06,182.41,182.98,178.8,178.95,1335027
2020-05-07,178.03,185.9,177.45,184.79,2295086
2020-05-08,184.91,188.41,184.75,188.41,1843094
2020-05-11,184.57,187.38,184.45,186.86,1894671
2020-05-12,185.04,186.49,182.99,183.09,1741110
2020-05-13,182.63,182.7,177.71,178.78,1857261
2020-05-14,173.8,179.36,172.76,179.25,2442366
2020-05-15,178.01,182.7,177.92,182.59,2829439
2020-05-18,187.91,193.68,187.68,192.25,2105201
2020-05-19,191.45,192.25,189.86,190.25,1774436
2020-05-20,192.8,197.34,192.66,195.99,2300438
2020-05-21,195.38,195.82,192.51,193.67,1891572
2020-05-22,192.42,192.71,190.35,190.87,1675961
2020-05-26,194.0,195.0,192.31,193.0,2214285
2020-05-27,194.7,194.75,191.51,193.13,1603387
2020-05-28,197.89,201.93,196.73,200.04,1740236
2020-05-29,201.54,203.12,198.98,202.34,2354678
2020-06-01,202.49,205.92,202.25,205.22,1658267
2020-06-02,205.03,207.06,204.44,206.26,1675139
2020-06-03,211.0,213.65,208.92,212.89,2155288
2020-06-04,213.31,214.25,210.66,212.56,1951502
2020-06-05,220.03,224.32,219.47,221.28,3525600
2020-06-08,220.54,221.99,214.81,216.43,2970417
2020-06-09,215.33,217.65,213.71,214.23,2499401
2020-06-10,216.53,216.58,211.98,213.36,1748178
2020-06-11,209.37,209.9,198.69,199.11,2924958
2020-06-12,204.59,204.88,198.31,201.94,1711890
2020-06-15,198.33,204.51,197.26,203.24,2142055
2020-06-16,208.12,209.68,204.63,208.28,1878116
2020-06-17,210.08,210.28,206.84,207.48,1577362
2020-06-18,208.97,210.2,207.0,208.16,1563768
2020-06-19,211.72,211.75,205.27,208.05,4634976
2020-06-22,208.81,210.7,207.73,209.97,1510764
2020-06-23,214.84,215.2,212.24,212.37,2044290
2020-06-24,208.99,210.16,204.8,206.07,2068460
2020-06-25,205.7,209.39,204.02,209.14,1163272
2020-06-26,208.86,209.11,204.59,206.82,2794645
2020-06-29,209.92,212.23,208.21,211.28,1406077
2020-06-30,209.64,213.57,209.45,212.11,1697400
2020-07-01,211.55,215.65,210.73,214.77,2127115
2020-07-02,218.52,222.03,218.52,221.26,2837761
2020-07-06,225.0,225.59,221.62,224.65,2860650
2020-07-07,222.74,225.88,222.38,224.53,2171644
2020-07-08,226.31,227.49,218.64,221.52,3063612
2020-07-09,225.66,226.33,220.27,221.95,2312408
2020-07-10,224.21,226.59,223.11,225.95,1448283
2020-07-13,227.92,230.89,225.78,225.82,1498000
2020-07-14,225.73,233.89,225.49,233.13,2554829
2020-07-15,240.73,241.18,235.6,237.63,2616114
2020-07-16,245.17,245.52,237.47,238.89,3295691
2020-07-17,241.32,243.67,240.98,242.6,1900940
2020-07-20,242.56,243.88,239.84,240.32,1966455
2020-07-21,243.7,245.99,243.01,244.0,1686879
2020-07-22,244.55,246.35,242.36,245.34,1390578
2020-07-23,245.54,248.25,244.6,245.98,1068908
2020-07-24,242.99,244.86,242.53,244.07,1304378
2020-07-27,246.05,248.875,245.245,246.86,1469155
2020-07-28,247.11,247.59,243.58,243.7,1677387
2020-07-29,244.71,245.62,243.64,244.71,1968067
2020-07-30,240.75,242.98,237.05,242.02,1855498
2020-07-31,246.84,247.1,241.45,245.11,2755384
2020-08-03,247.6,248.11,244.09,244.31,2577723
2020-08-04,242.45,245.5,242.03,243.85,2435529
2020-08-05,247.5,251.3575,246.76,248.27,2169198
2020-08-06,247.47,248.0,244.6665,246.66,1938788
2020-08-07,244.78,245.67,243.69,245.31,1750144
2020-08-10,242.89,243.99,241.7,243.34,1159053
2020-08-11,247.58,248.24,244.49,244.85,1506541
2020-08-12,247.91,251.0,247.36,248.63,1323336
2020-08-13,247.21,249.92,247.21,249.24,1147657
2020-08-14,247.89,249.55,247.385,248.5,979275
2020-08-17,249.64,250.58,247.49,248.43,962461
2020-08-18,249.74,250.25,246.01,246.88,1013374
2020-08-19,248.27,249.32,246.6,247.24,1626084
2020-08-20,244.33,245.7,243.79,245.31,1905404
2020-08-21,240.44,244.93,240.24,244.3,1781117
2020-08-24,250.78,250.88,248.63,248.91,1363156
2020-08-25,250.44,251.38,249.26,250.08,1064450
2020-08-26,249.71,254.25,249.04,252.88,844963
2020-08-27,253.76,254.01,250.14,250.93,1084045
2020-08-28,251.51,254.08,250.75,253.57,959944
2020-08-31,251.66,253.255,249.17,249.74,2297848
2020-09-01,249.97,257.05,248.55,256.94,2286051
2020-09-02,257.44,260.49,255.66,260.23,2913137
2020-09-03,259.12,259.14,247.3623,250.45,3305162
2020-09-04,251.1,251.96,243.49,247.7,2924711
2020-09-08,243.64,245.95,241.89,243.05,1849285
2020-09-09,245.85,253.58,245.85,251.15,1854851
2020-09-10,253.32,254.61,247.0,247.29,1095447
2020-09-11,249.9,251.43,248.71,250.17,1382408
2020-09-14,251.76,253.64,250.58,251.25,1525089
2020-09-15,252.1,254.265,250.71,250.73,1401163
2020-09-16,250.3,251.885,248.44,248.84,1635035
2020-09-17,246.95,250.53,245.9,250.39,1506477
2020-09-18,249.32,250.61,245.25,246.1,2460215
2020-09-21,239.29,240.61,234.87,238.44,2180414
2020-09-22,237.84,238.675,236.17,238.23,2209154
2020-09-23,238.13,238.37,232.87,233.15,1753517
2020-09-24,233.41,235.48,231.7,234.5,1391154
2020-09-25,229.13,233.67,228.47,232.75,2227321
2020-09-28,237.91,238.9,236.4,237.05,1182349
2020-09-29,237.76,239.29,236.27,236.43,1178588
2020-09-30,236.04,240.02,235.92,238.13,2121030
2020-10-01,236.69,238.365,232.09,232.7,2480134
2020-10-02,229.27,234.98,229.14,232.15,2458628
2020-10-05,234.43,236.65,234.24,235.09,2728284
2020-10-06,236.13,237.81,231.78,232.08,1988417
2020-10-07,234.64,240.005,234.36,238.95,1791316
2020-10-08,238.87,240.38,237.09,237.75,1537838
2020-10-09,239.16,241.33,238.815,239.94,1849793
2020-10-12,241.74,242.83,239.94,240.26,1453381
2020-10-13,238.85,239.09,234.87,235.98,1668298
2020-10-14,236.49,236.61,234.1,234.86,1076960
2020-10-15,229.08,230.71,228.0,229.6,2389188
2020-10-16,231.1,234.43,230.56,233.08,1836107
2020-10-19,233.91,234.42,229.43,229.87,1130005
2020-10-20,231.5,234.14,230.98,233.24,1415052
2020-10-21,232.48,235.61,230.72,230.91,1360263
2020-10-22,229.67,234.08,228.46,233.2,1466680
2020-10-23,236.4,236.93,233.76,234.27,1323736
2020-10-26,231.14,231.49,226.28,227.99,1252311
2020-10-27,226.43,228.55,225.18,225.47,1566736
2020-10-28,217.86,220.5,216.14,216.91,2297250
2020-10-29,215.69,221.59,214.14,219.84,2239904
2020-10-30,219.13,220.9,217.28,220.34,2481336
2020-11-02,225.12,230.21,224.05,228.58,2182574
2020-11-03,232.64,235.37,231.85,234.09,1595854
2020-11-04,233.61,238.5,232.085,235.29,2347185
2020-11-05,249.8,253.355,248.3608,249.76,2918057
2020-11-06,253.53,253.66,249.53,250.32,1725132
2020-11-09,268.65,269.78,257.19,257.65,3184286
2020-11-10,262.51,264.49,259.71,262.04,1935206
2020-11-11,262.6,262.85,256.885,259.62,1841288
2020-11-12,257.06,259.73,254.16,255.07,1669732
2020-11-13,257.59,258.62,255.81,257.06,1196749
2020-11-16,258.38,259.08,252.81,255.46,1720870
2020-11-17,253.79,254.68,251.01,252.14,1947522
2020-11-18,253.09,254.39,250.2,250.3,1180131
2020-11-19,250.0,253.29,248.81,253.07,1205392
2020-11-20,253.4,254.53,251.4,252.07,1344544
2020-11-23,253.95,255.21,251.1,252.14,1231293
2020-11-24,253.46,257.77,252.68,256.16,1982093
2020-11-25,255.9,256.02,253.04,253.34,1172039
2020-11-27,258.23,259.13,257.2,257.43,1081980
2020-11-30,261.33,261.52,255.3,256.42,3384435
2020-12-01,260.79,261.245,257.45,258.9,1802182
2020-12-02,256.53,257.01,250.75,251.0,2060158
2020-12-03,252.61,252.73,245.76,246.2,2464016
2020-12-04,244.81,250.62,244.77,250.62,3030913
2020-12-07,253.43,254.66,249.22,249.78,1771321
2020-12-08,248.0,250.06,246.575,249.24,1397716
2020-12-09,250.98,251.83,248.46,251.14,1450359
2020-12-10,250.86,252.41,249.4,250.95,1245985
2020-12-11,248.33,249.96,247.4333,249.4,1328935
2020-12-14,250.94,251.51,247.57,247.6,1814296
2020-12-15,249.56,252.99,249.3,251.66,1424011
2020-12-16,251.8,252.1,249.49,250.13,1354962
2020-12-17,255.87,257.21,255.1,256.63,1538687
2020-12-18,257.13,258.73,253.51,257.67,3525820
2020-12-21,250.0,255.025,247.5,254.17,1716228
2020-12-22,253.0,254.69,251.7,253.46,1162386
2020-12-23,256.18,257.78,254.9,255.1,1036725
2020-12-24,254.8,256.98,254.77,256.62,276353
2020-12-28,262.03,263.425,259.68,260.02,1227870
2020-12-29,263.13,263.28,258.63,259.42,881119
2020-12-30,261.0,262.43,260.46,261.77,924920
2020-12-31,262.46,263.83,260.61,263.51,909292
2021-01-04,266.71,267.29,257.365,258.81,1741264
2021-01-05,257.56,263.24,257.56,262.87,1620032
2021-01-06,261.4,274.575,261.39,271.5,2586650
2021-01-07,269.06,273.76,269.0,270.72,1757991
2021-01-08,272.03,272.38,267.93,270.4,1879264
2021-01-11,264.24,269.09,264.19,267.53,1913155
2021-01-12,265.01,267.59,263.67,266.62,1785166
2021-01-13,266.65,268.53,266.21,267.73,1518767
2021-01-14,267.18,267.28,263.54,263.69,1903454
2021-01-15,261.91,261.91,256.9,258.09,1955553
2021-01-19,263.07,263.61,258.28,259.04,1643118
2021-01-20,257.43,260.7,257.29,257.4,1773340
2021-01-21,257.13,257.74,253.0,253.2,1559828
2021-01-22,251.19,254.56,251.19,251.48,1581985
2021-01-25,248.54,253.55,246.0,253.12,1990807
2021-01-26,254.54,257.66,254.25,255.85,1544606
2021-01-27,250.555,250.76,240.8,242.91,2681632
2021-01-28,246.97,251.1969,246.07,249.54,2110384
2021-01-29,247.59,249.32,244.1001,245.4,1647317
2021-02-01,248.25,251.2,245.94,250.43,1629209
2021-02-02,250.75,253.64,250.25,252.25,1525968
2021-02-03,252.52,253.49,249.81,250.13,2365670
2021-02-04,249.94,252.42,247.31,249.18,2712425
2021-02-05,255.05,259.675,252.21,257.37,2806426
2021-02-08,259.12,259.98,255.63,257.34,1770384
2021-02-09,257.89,258.07,254.95,255.62,1387553
2021-02-10,254.19,255.11,251.36,252.72,1583644
2021-02-11,254.15,255.22,251.79,253.11,1204050
2021-02-12,252.03,253.71,250.8978,252.68,1478286
2021-02-16,252.55,254.54,249.85,250.14,2248865
2021-02-17,248.89,250.29,247.24,249.28,1653143
2021-02-18,247.84,251.2382,246.475,249.93,2169376
2021-02-19,249.53,251.97,249.15,250.88,1962361
2021-02-22,250.1,252.0,249.22,251.07,2031091
2021-02-23,251.5,259.2,250.21,258.64,3013603
2021-02-24,258.0,259.35,254.485,254.61,2155897
2021-02-25,252.95,254.04,246.9,247.0,2103276
2021-02-26,246.78,248.21,244.18,244.27,2593455
2021-03-01,247.43,252.52,247.26,251.49,1517682
2021-03-02,253.16,256.9889,252.9962,254.01,1671402
2021-03-03,250.56,251.2097,247.46,247.55,1782839
2021-03-04,247.5,249.665,242.47,245.42,2369376
2021-03-05,246.28,248.29,241.88,247.64,2136274
2021-03-08,248.49,256.7,247.82,253.68,2450741
2021-03-09,261.21,264.9,258.02,262.34,2812161
2021-03-10,264.12,267.01,263.89,265.64,2192826
2021-03-11,268.84,270.0,267.24,267.37,1567322
2021-03-12,266.385,268.56,265.41,268.5,1139206
2021-03-15,265.1,269.01,264.69,269.0,1680452
2021-03-16,268.1,271.7216,268.1,270.79,1599493
2021-03-17,269.69,271.78,268.4078,269.55,1670429
2021-03-18,267.56,270.49,266.55,267.9,1941881
2021-03-19,268.0,270.89,264.12,269.12,3845205
2021-03-22,268.52,271.65,267.63,270.36,1347438
2021-03-23,270.19,272.47,266.97,267.88,1539918
2021-03-24,266.8,271.17,266.68,269.77,1482072
2021-03-25,269.91,274.1475,268.71,273.38,1847923
2021-03-26,275.0,281.88,274.43,281.4,2235558
2021-03-29,280.13,283.25,277.77,281.0,2449552
2021-03-30,280.26,280.81,278.695,279.26,1364144
2021-03-31,278.058,283.25,278.058,280.14,2218403
2021-04-01,279.13,281.43,277.165,280.84,1594894
2021-04-05,282.56,286.98,282.56,285.4,1399980
2021-04-06,284.5,285.22,282.37,284.11,1616039
2021-04-07,283.492,284.42,280.45,281.35,3016185
2021-04-08,283.07,284.14,281.92,282.2,2003881
2021-04-09,283.79,285.23,281.73,284.8,1599146
2021-04-12,283.02,286.37,283.02,285.43,1479906
2021-04-13,285.46,287.79,285.17,286.29,1543569
2021-04-14,284.84,286.515,284.12,285.05,1325367
2021-04-15,287.0,288.8,286.61,287.97,1449157
2021-04-16,288.84,290.64,288.52,289.96,1304408
2021-04-19,289.99,290.13,287.03,288.45,1675584
2021-04-20,287.15,287.85,285.69,285.84,1603340
2021-04-21,287.69,292.49,287.49,291.97,1176379
2021-04-22,290.68,291.81,288.17,288.7,930646
2021-04-23,288.37,292.42,287.85,291.6,1290727
2021-04-26,292.03,292.05,288.77,289.52,906285
2021-04-27,288.56,290.85,287.64,290.21,1199796
2021-04-28,288.43,290.56,286.95,287.14,1366251
2021-04-29,288.36,289.34,285.93,289.34,1290407
2021-04-30,288.33,288.63,285.4,285.84,1932668
2021-05-03,287.34,289.5817,287.11,288.7,974982
2021-05-04,284.28,285.87,281.95,283.0,2301778
2021-05-05,287.59,292.77,286.74,291.61,1763500
2021-05-06,294.98,296.5,291.59,296.4,2532836
2021-05-07,298.5,300.91,296.93,298.93,1883674
2021-05-10,302.1,303.87,301.01,301.01,1695726
2021-05-11,297.98,300.94,296.295,298.61,1634852
2021-05-12,294.94,297.77,293.29,293.98,1776018
2021-05-13,294.58,298.79,293.83,297.95,1570638
2021-05-14,299.57,301.84,298.98,301.17,1210564
2021-05-17,302.19,303.21,299.0,300.88,1143164
2021-05-18,301.31,301.81,297.81,298.0,1305899
2021-05-19,294.68,296.49,291.54,296.07,1882578
2021-05-20,297.51,300.82,297.51,298.13,1272984
2021-05-21,299.74,302.03,298.34,298.57,1923511
2021-05-24,301.15,303.07,300.55,301.27,1058332
2021-05-25,302.41,302.69,300.22,301.25,1330407
2021-05-26,301.1,301.59,297.465,299.77,1411614
2021-05-27,300.74,301.71,299.77,300.78,1710855
2021-05-28,302.59,302.99,300.0,300.6,1430900
2021-06-01,305.17,305.71,301.27,302.26,1418209
2021-06-02,302.31,302.37,299.32,299.88,1562797
2021-06-03,297.62,298.71,296.05,298.32,1608217
2021-06-04,299.96,301.74,298.55,299.86,1362256
2021-06-07,297.42,297.99,291.135,291.58,3591489
2021-06-08,293.48,294.28,291.36,292.5,1721833
2021-06-09,292.31,294.49,290.17,290.48,1720880
2021-06-10,292.15,293.11,290.2,290.33,1311008
2021-06-11,291.58,292.68,289.95,291.22,1437665
2021-06-14,291.0,291.55,287.94,290.91,1489425
2021-06-15,293.7,293.72,288.95,290.91,2011537
2021-06-16,294.74,294.98,289.34,289.56,2363900
2021-06-17,288.74,289.46,285.365,287.24,2397810
2021-06-18,284.12,285.56,281.99,282.02,3882375
2021-06-21,286.67,288.63,285.38,288.33,2282809
2021-06-22,290.8,291.49,289.35,290.35,2406862
2021-06-23,289.73,290.35,284.28,284.76,2685003
2021-06-24,287.314,287.74,284.82,285.13,3124343
2021-06-25,285.14,286.88,283.0,285.11,23411975
2021-06-28,288.97,289.86,287.2,289.69,1969330
2021-06-29,291.76,293.1,289.71,290.37,1181761
2021-06-30,288.2,289.88,287.95,289.1,1546798
2021-07-01,289.69,290.9,288.96,290.84,1434795
2021-07-02,290.7,292.35,289.54,291.76,1066408
2021-07-06,291.45,291.91,287.47,288.5,1288058
2021-07-07,290.28,292.77,289.33,292.53,1228639
2021-07-08,287.04,287.9608,284.71,286.99,1587112
2021-07-09,290.9,293.82,290.08,292.71,1405813
2021-07-12,292.35,294.66,291.73,292.52,1382877
2021-07-13,291.94,292.55,288.835,289.72,1342975
2021-07-14,290.8,292.12,289.5,291.09,1106256
2021-07-15,289.22,293.5,288.99,292.05,1220958
2021-07-16,292.77,293.17,289.15,290.07,1306302
2021-07-19,285.23,285.43,282.75,284.67,1718120
2021-07-20,285.26,291.52,284.63,290.37,1973587
2021-07-21,291.91,294.72,291.53,294.2,1370239
2021-07-22,296.66,297.05,294.535,295.22,914637
2021-07-23,297.2,299.02,296.18,298.81,1102817
2021-07-26,299.53,300.03,296.85,298.47,1398407
2021-07-27,297.65,300.628,295.58,298.85,1551435
2021-07-28,298.05,298.71,296.58,296.86,1063510
2021-07-29,297.72,300.58,297.33,299.45,1292954
2021-07-30,302.4,308.8,302.0,307.39,2516649
2021-08-02,308.73,310.19,300.12,300.22,1927668
2021-08-03,300.69,303.215,300.05,302.92,1133017
2021-08-04,304.48,307.72,304.48,305.62,1476717
2021-08-05,307.4,308.99,304.42,304.83,1586469
2021-08-06,304.97,306.88,303.93,305.87,858928
2021-08-09,306.11,306.18,301.74,303.26,910300
2021-08-10,301.96,304.7,300.95,301.78,1448379
2021-08-11,307.345,307.9,303.67,306.3,1803128
2021-08-12,308.0,308.68,304.78,306.66,784507
2021-08-13,308.14,309.42,307.31,309.4,816442
2021-08-16,309.87,311.71,308.32,311.35,1267575
2021-08-17,311.58,312.31,307.78,311.52,1408557
2021-08-18,312.42,314.37,309.7,309.91,1278834
2021-08-19,308.25,311.94,307.75,311.17,1402537
2021-08-20,310.87,314.12,310.72,313.85,1165261
2021-08-23,312.88,314.36,312.82,312.83,988626
2021-08-24,313.74,314.31,311.9,312.48,689440
2021-08-25,310.54,313.555,309.98,312.85,801437
2021-08-26,313.54,313.92,311.22,311.32,880053
2021-08-27,313.29,314.99,312.34,314.54,1268969
2021-08-30,315.58,316.29,314.59,315.55,747550
2021-08-31,315.13,315.47,313.47,314.59,1492948
2021-09-01,313.49,315.49,312.13,313.88,1050677
2021-09-02,314.43,315.6725,313.795,315.57,893067
2021-09-03,314.42,316.183,313.34,313.43,1150830
2021-09-07,316.28,317.03,312.79,315.64,1382707
2021-09-08,314.05,315.82,310.35,311.59,1521798
2021-09-09,312.93,315.51,312.18,312.7,1211232
2021-09-10,313.15,314.19,310.11,310.44,971170
2021-09-13,314.562,315.57,311.18,313.5,1354045
2021-09-14,315.62,315.78,310.99,311.94,1128586
2021-09-15,313.48,315.05,311.56,314.53,1418981
2021-09-16,314.09,314.88,309.9225,313.08,1232348
2021-09-17,309.35,311.27,305.98,309.32,6512518
2021-09-20,301.8,304.56,299.57,302.21,1885205
2021-09-21,305.51,306.1,303.05,304.96,1216239
2021-09-22,306.07,309.2876,305.69,306.06,1333990
2021-09-23,308.87,311.85,308.55,310.37,1066956
2021-09-24,308.22,311.12,307.81,310.26,926192
2021-09-27,310.49,312.29,308.47,309.21,1021570
2021-09-28,305.54,305.67,298.23,299.93,2278017
2021-09-29,299.67,300.51,298.32,299.14,1197745
2021-09-30,299.29,300.46,293.3,293.38,2085666
2021-10-01,295.54,298.54,292.56,297.85,1597413
2021-10-04,296.48,297.97,292.0,294.65,1495164
2021-10-05,294.83,299.66,294.25,297.83,1360033
2021-10-06,293.84,296.24,290.27,296.05,2050252
2021-10-07,297.52,302.38,297.45,299.16,1375830
2021-10-08,299.65,300.31,295.685,296.19,909492
2021-10-11,295.56,298.18,294.7,294.84,748779
2021-10-12,295.72,297.09,294.21,295.81,1063874
2021-10-13,298.77,302.13,297.87,300.99,1429973
2021-10-14,304.35,309.135,303.64,308.77,1126439
2021-10-15,308.51,309.54,306.58,308.24,1230456
2021-10-18,307.28,308.53,305.77,307.97,1010567
2021-10-19,308.04,310.99,306.97,310.68,984768
2021-10-20,311.15,312.0,310.21,311.22,745273
2021-10-21,311.17,311.6,308.41,311.31,857043
2021-10-22,313.04,314.99,312.85,314.15,1214757
2021-10-25,315.07,317.78,313.96,316.68,1225360
2021-10-26,317.84,319.11,316.68,316.77,1069820
2021-10-27,319.5,321.42,316.76,318.97,1535968
2021-10-28,316.45,318.45,315.62,317.96,1564973
2021-10-29,317.64,322.72,316.85,319.2,1890859
2021-11-01,321.42,324.32,320.48,322.97,1365156
2021-11-02,327.134,328.74,326.02,327.57,2012272
2021-11-03,329.89,330.16,325.3,328.41,1856410
2021-11-04,329.4,331.63,328.34,331.5,1628309
2021-11-05,331.48,332.61,330.66,331.99,1693199
2021-11-08,335.33,337.9,335.06,337.53,1448727
2021-11-09,339.98,340.16,337.53,338.62,1756424
2021-11-10,337.67,338.64,335.51,336.62,1540074
2021-11-11,337.58,337.78,335.64,335.66,924857
2021-11-12,337.78,337.78,335.56,337.02,1040841
2021-11-15,336.73,336.73,332.76,334.01,1274875
2021-11-16,333.95,335.32,332.87,332.97,1604336
2021-11-17,334.34,334.43,331.07,331.48,1304642
2021-11-18,331.46,331.76,329.165,331.0,1762882
2021-11-19,331.82,333.24,330.47,332.19,2067016
2021-11-22,332.77,334.37,329.74,329.74,955475
2021-11-23,328.98,331.46,328.54,330.25,986831
2021-11-24,325.32,328.295,324.84,327.25,1327409
2021-11-26,323.18,324.47,319.14,320.57,1318969
2021-11-29,321.5,322.65,318.62,320.74,1857236
2021-11-30,320.36,320.78,315.8,318.14,3243951
2021-12-01,321.7,325.81,318.24,318.29,2459518
2021-12-02,320.0,324.69,319.4,324.0,2183884
2021-12-03,325.18,327.0,318.255,320.7,2566706
2021-12-06,325.16,326.43,323.46,325.03,1672876
2021-12-07,330.66,332.52,329.99,330.65,1797521
2021-12-08,333.9,334.03,330.84,333.19,1370084
2021-12-09,331.05,334.0,330.5,332.12,1086594
2021-12-10,332.97,334.84,332.79,334.0,1116567
2021-12-13,333.68,335.5,331.42,334.19,1016810
2021-12-14,335.19,336.06,333.02,334.5,1631386
2021-12-15,336.19,341.41,334.62,341.36,1445151
2021-12-16,340.9,343.31,338.58,340.01,1449663
2021-12-17,338.13,338.99,333.12,333.83,2791435
2021-12-20,330.36,330.67,327.01,330.32,1621822
2021-12-21,330.4,334.01,329.58,332.89,1051934
2021-12-22,332.14,335.54,331.435,335.35,923516
2021-12-23,335.35,340.64,335.22,339.17,1151893
2021-12-27,341.83,343.87,340.67,343.42,1094377
2021-12-28,343.38,344.95,342.89,343.79,926530
2021-12-29,344.17,346.5,343.95,345.4,802118
2021-12-30,345.26,346.22,343.76,344.33,925304
2021-12-31,343.72,346.97,343.63,346.43,816734
2022-01-03,346.42,346.59,338.3606,338.64,1514908
2022-01-04,338.96,345.63,338.27,344.81,1920004
2022-01-05,347.69,352.18,346.32,346.41,1654894
2022-01-06,344.68,345.5,337.7,338.01,1649458
2022-01-07,338.02,338.19,333.3,336.28,1440980
2022-01-10,333.42,335.55,330.65,335.43,1415632
2022-01-11,334.19,336.47,331.0,336.43,1571484
2022-01-12,338.31,341.92,337.18,341.29,1274370
2022-01-13,338.28,339.9364,332.7927,333.41,1446219
2022-01-14,329.15,330.74,325.17,328.63,1850732
2022-01-18,322.832,323.8,318.46,321.16,2202207
2022-01-19,325.36,326.82,321.86,322.19,1435349
2022-01-20,323.82,327.6,321.25,321.68,1611724
2022-01-21,320.7,322.02,315.5,316.12,1921810
2022-01-24,313.8,316.78,304.13,316.16,2877752
2022-01-25,310.37,316.22,306.3,313.59,1941643
2022-01-26,317.1,317.74,305.76,308.93,2092907
2022-01-27,310.73,314.06,307.3,311.35,2151559
2022-01-28,307.36,314.97,305.42,314.94,1898360
2022-01-31,310.06,318.9,309.55,318.68,2381392
2022-02-01,320.44,322.08,315.93,321.41,1875767
2022-02-02,320.33,324.51,320.0,322.29,1730449
2022-02-03,319.07,319.52,310.98,311.8,1556349
2022-02-04,301.41,304.41,297.51,297.98,3291672
2022-02-07,296.71,299.64,295.51,296.47,2533353
2022-02-08,296.52,299.64,294.92,298.71,1993016
2022-02-09,302.77,304.97,301.75,304.15,1880891
2022-02-10,309.69,316.85,307.29,308.85,2497991
2022-02-11,306.98,309.1,293.51,294.73,2209713
2022-02-14,294.22,295.85,290.32,293.51,1774426
2022-02-15,300.57,302.62,298.92,301.9,2772439
2022-02-16,301.31,305.27,299.11,303.83,1805616
2022-02-17,301.97,302.655,298.0,298.97,2055900
2022-02-18,299.812,305.255,298.63,302.86,2871470
2022-02-22,291.2,295.07,289.74,293.59,3586806
2022-02-23,295.85,297.115,290.65,291.09,3391770
2022-02-24,276.75,285.9,276.75,285.25,4444541
2022-02-25,287.68,297.65,287.6,297.49,2889050
2022-02-28,287.96,294.72,287.96,293.24,3233299
2022-03-01,292.0,293.13,280.55,282.56,3439348
2022-03-02,284.12,292.03,282.4401,290.2,2964468
2022-03-03,290.58,291.85,285.665,287.41,3092186
2022-03-04,278.36,281.54,276.37,281.43,3853940
2022-03-07,280.84,281.22,269.865,270.99,3732139
2022-03-08,273.5,278.58,267.51,271.44,3117495
2022-03-09,284.32,296.3,281.94,292.77,4117790
2022-03-10,280.54,288.18,280.16,283.48,2525863
2022-03-11,288.35,289.5,280.33,280.76,2007435
2022-03-14,288.66,292.6404,284.6,285.36,2541154
2022-03-15,290.17,294.58,287.34,294.1,3413568
2022-03-16,303.08,308.31,298.584,304.53,3535899
2022-03-17,302.89,310.09,302.14,309.37,2265270
2022-03-18,304.71,312.57,304.71,311.66,3231874
2022-03-21,311.53,312.46,308.32,310.7,1553907
2022-03-22,311.9,313.4,309.605,312.13,1514544
2022-03-23,307.74,310.72,306.9483,307.3,1853999
2022-03-24,309.702,318.13,309.702,318.04,2115897
2022-03-25,320.64,320.94,315.745,318.74,1803926
2022-03-28,319.37,322.7,319.04,322.64,1722506
2022-03-29,327.73,329.0,320.74,326.34,2514240
2022-03-30,324.6,326.54,322.455,325.62,1526738
2022-03-31,323.53,324.88,319.22,319.43,2311272
2022-04-01,320.89,322.9,320.37,322.73,1477765
2022-04-04,320.37,321.98,319.18,321.44,1301779
2022-04-05,320.83,325.04,320.67,321.77,1374536
2022-04-06,316.02,316.92,312.13,315.05,2257621
2022-04-07,316.78,319.5,314.36,318.05,1471376
2022-04-08,317.5,321.46,317.13,317.82,1357176
2022-04-11,317.85,319.42,316.76,317.15,1235758
2022-04-12,314.91,317.61,312.89,314.0,1827941
2022-04-13,314.0,319.43,313.53,319.25,1208897
2022-04-14,318.96,320.7,316.62,318.52,1785315
2022-04-18,318.49,319.9,315.69,317.54,915826
2022-04-19,315.09,319.16,314.56,318.15,1944800
2022-04-20,319.92,327.87,319.92,326.37,1940946
2022-04-21,331.19,332.31,323.58,324.37,1475038
2022-04-22,322.66,322.66,309.03,309.72,2339260
2022-04-25,311.3,314.17,306.52,313.99,2293478
2022-04-26,311.64,313.55,303.53,303.53,2317400
2022-04-27,304.37,310.06,303.47,307.04,2610919
2022-04-28,305.5,316.52,303.025,315.19,3304882
2022-04-29,313.53,318.9,310.97,311.96,2534861
2022-05-02,314.56,315.655,306.9,313.29,2195364
2022-05-03,314.12,316.69,311.92,314.01,1771891
2022-05-04,314.81,322.9,312.14,322.24,1726284
2022-05-05,318.88,319.68,309.43,312.61,1769712
2022-05-06,305.48,309.82,303.785,308.66,2273042
2022-05-09,303.72,305.6,299.82,300.27,2027027
2022-05-10,306.2,306.65,298.09,299.38,2525192
2022-05-11,298.08,306.73,297.4,300.45,1759321
2022-05-12,296.51,302.33,296.3176,301.34,2455226
2022-05-13,303.29,311.18,302.59,308.77,1845454
2022-05-16,307.35,311.63,304.93,309.44,1598788
2022-05-17,316.92,318.9,314.93,318.77,1396688
2022-05-18,314.62,316.29,308.91,310.07,1737248
2022-05-19,308.47,314.095,307.95,310.7,1957833
2022-05-20,315.51,316.75,307.33,315.18,2372010
2022-05-23,319.92,323.53,318.73,320.42,1981099
2022-05-24,321.0,321.64,315.69,320.49,1707656
2022-05-25,318.76,320.04,313.29,315.85,2260079
2022-05-26,317.55,321.75,317.18,320.33,2651563
2022-05-27,323.91,329.81,323.36,329.63,1878978
2022-05-31,324.45,327.85,322.895,324.68,2510401
2022-06-01,323.53,325.125,317.8,319.61,1853782
2022-06-02,323.54,333.4,322.93,333.18,2282427
2022-06-03,330.29,333.56,329.82,331.9,1332834
2022-06-06,336.38,337.99,333.36,335.51,1728558
2022-06-07,331.54,336.13,331.2,335.76,1726083
2022-06-08,330.93,333.75,327.29,328.6,1916979
2022-06-09,324.25,326.6,318.59,318.69,1666239
2022-06-10,312.45,313.29,307.86,310.89,2008025
2022-06-13,302.63,304.5,299.75,301.33,2039566
2022-06-14,299.26,300.11,293.22,295.62,2420349
2022-06-15,299.6,302.84,294.06,299.99,1979468
2022-06-16,289.84,291.61,287.83,289.72,2986892
2022-06-17,285.04,292.51,283.67,290.68,5565570
2022-06-21,293.39,300.61,292.84,298.78,3779420
2022-06-22,293.59,300.9,293.34,298.4,2769206
2022-06-23,296.96,299.79,293.0,296.83,2812451
2022-06-24,297.51,304.62,297.465,303.23,23958751
2022-06-27,299.62,300.8,295.49,296.26,2714304
2022-06-28,296.25,299.0,292.19,293.4,2535516
2022-06-29,291.134,292.34,288.64,291.41,1951294
2022-06-30,284.12,289.59,282.5,287.53,2926961
2022-07-01,283.52,286.13,280.93,285.44,3307611
2022-07-05,272.18,273.47,266.825,270.63,4332745
2022-07-06,269.61,275.48,269.55,274.29,3484076
2022-07-07,274.82,276.26,273.59,273.88,2338141
2022-07-08,274.76,276.38,271.97,273.68,1711930
2022-07-11,270.94,278.1669,270.75,276.77,2251747
2022-07-12,274.96,277.65,273.105,273.54,2146585
2022-07-13,270.14,275.87,269.295,274.73,2423311
2022-07-14,267.82,269.12,265.12,269.01,2473787
2022-07-15,275.26,276.98,273.26,276.98,2370145
2022-07-18,279.76,280.5896,276.27,277.13,2244081
2022-07-19,280.82,286.42,280.3,285.75,2097586
2022-07-20,284.4,285.8,281.93,283.14,1996988
2022-07-21,282.5,287.24,282.09,287.03,1544780
2022-07-22,287.18,288.7,284.545,285.54,1203662
2022-07-25,286.92,288.26,284.57,288.09,1460705
2022-07-26,284.53,287.655,284.345,286.62,1448502
2022-07-27,286.19,290.73,285.105,290.45,3179249
2022-07-28,286.44,297.32,286.44,296.93,1941301
2022-07-29,299.13,303.15,298.75,302.0,1711433
2022-08-01,300.43,302.29,298.4851,300.07,1247978
2022-08-02,298.43,300.62,295.82,297.64,1428145
2022-08-03,299.88,301.325,295.79,300.06,1297074
2022-08-04,301.42,304.1225,301.42,302.24,1451091
2022-08-05,300.11,302.07,299.4,301.97,1113119
2022-08-08,305.66,305.86,300.69,300.98,1081732
2022-08-09,300.65,302.74,299.77,300.67,884433
2022-08-10,308.02,311.28,306.43,309.4,1246861
2022-08-11,309.24,310.05,305.61,305.87,1165427
2022-08-12,305.98,311.57,305.57,311.55,1149140
2022-08-15,309.84,312.43,308.2,312.21,1263546
2022-08-16,309.29,313.48,309.25,312.29,938417
2022-08-17,308.464,310.16,307.0,309.46,912268
2022-08-18,309.53,311.1,308.1201,310.17,1113596
2022-08-19,308.5,308.53,303.225,303.75,1154055
2022-08-22,296.41,297.53,294.45,295.79,1966459
2022-08-23,293.45,296.54,292.215,294.18,1461618
2022-08-24,294.21,294.97,292.0,293.13,1439287
2022-08-25,294.36,297.5384,292.92,297.12,1332394
2022-08-26,296.97,297.22,286.03,286.25,1782504
2022-08-29,286.35,288.83,285.71,287.51,1456060
2022-08-30,289.5,290.03,282.65,284.65,1674423
2022-08-31,284.93,285.75,282.31,282.86,2947804
2022-09-01,277.83,279.6,273.295,279.14,3096347
2022-09-02,283.06,285.81,276.495,277.71,2400649
2022-09-06,276.36,279.17,273.78,276.94,2738517
2022-09-07,277.61,286.11,277.35,285.83,1313668
2022-09-08,279.66,284.11,279.51,283.91,1510287
2022-09-09,286.36,288.06,285.08,287.03,1679440
2022-09-12,292.91,295.18,290.75,294.51,1752728
2022-09-13,288.63,291.58,284.94,285.58,1752480
2022-09-14,285.61,287.46,283.26,286.57,1325356
2022-09-15,284.95,287.67,282.65,282.9,1382631
2022-09-16,280.336,283.91,278.52,283.36,3278296
2022-09-19,280.52,285.31,280.12,285.14,1144164
2022-09-20,280.55,282.74,279.04,281.53,1589718
2022-09-21,281.89,283.7025,276.37,276.53,1428743
2022-09-22,276.6,277.46,273.3,274.07,1522955
2022-09-23,269.82,270.58,265.87,269.15,1947215
2022-09-26,266.24,269.565,262.97,264.25,2173985
2022-09-27,268.03,269.16,262.47,265.2,1947413
2022-09-28,266.44,272.89,264.95,271.45,1880218
2022-09-29,268.39,270.49,265.22,269.61,1463961
2022-09-30,270.13,274.14,269.36,269.59,2625109
2022-10-03,272.53,277.33,271.28,275.82,3081012
2022-10-04,283.61,287.17,282.86,286.46,2425138
2022-10-05,283.42,286.32,281.315,283.79,1861361
2022-10-06,280.4,282.25,277.33,278.82,2182295
2022-10-07,276.48,277.0,271.87,273.2,1587905
2022-10-10,273.9,274.8,270.17,271.83,1207905
2022-10-11,270.3,275.05,268.94,271.0,1092891
2022-10-12,271.08,273.82,269.98,271.59,1437342
2022-10-13,266.98,283.02,266.22,282.46,2124516
2022-10-14,285.69,287.59,274.97,275.34,1640037
2022-10-17,281.25,283.695,280.58,280.92,1508177
2022-10-18,288.17,288.83,282.78,284.66,1692779
2022-10-19,284.0,286.1019,281.815,283.91,1186532
2022-10-20,284.41,288.215,281.5,282.23,1345062
2022-10-21,280.46,288.73,279.54,288.32,1610564
2022-10-24,293.33,294.88,276.64,278.12,4454523
2022-10-25,278.34,288.24,278.1,288.18,2999567
2022-10-26,291.71,296.6,290.23,294.84,2597317
2022-10-27,294.0,296.71,292.19,293.26,2338523
2022-10-28,296.05,303.0,294.67,301.8,2249359
2022-10-31,300.68,302.76,297.12,297.35,2016113
2022-11-01,304.02,304.02,296.465,298.17,1891510
2022-11-02,302.34,302.34,293.88,294.34,2587924
2022-11-03,289.99,298.22,289.94,297.6,2396086
2022-11-04,306.14,310.04,303.03,308.93,2948056
2022-11-07,311.09,313.95,309.415,313.49,1575869
2022-11-08,314.7,318.51,313.69,314.71,1520091
2022-11-09,315.7,318.87,313.33,314.44,1165613
2022-11-10,330.0,330.13,324.54,328.37,2683377
2022-11-11,333.17,334.26,329.49,330.22,2133739
2022-11-14,333.0,338.03,331.94,332.08,1908609
2022-11-15,339.02,339.25,329.95,332.56,1865524
2022-11-16,335.84,336.15,333.31,333.73,1418554
2022-11-17,329.71,331.346,328.0,330.34,1520587
2022-11-18,334.16,335.7,330.99,334.91,1257438
2022-11-21,332.64,335.92,332.64,334.37,1065656
2022-11-22,336.15,340.27,334.25,339.76,1010464
2022-11-23,340.74,343.5,340.345,342.86,954465
2022-11-25,343.26,344.58,342.5045,344.42,458541
2022-11-28,344.71,344.93,336.8,337.7,2881129
2022-11-29,334.76,335.5,331.01,331.97,1888348
2022-11-30,332.12,337.08,328.4,336.48,3115178
2022-12-01,337.29,338.129,332.91,337.26,1419981
2022-12-02,334.34,338.9726,333.62,337.35,1200752
2022-12-05,335.17,336.3,332.58,334.26,2145039
2022-12-06,334.92,335.65,329.49,331.5,1242104
2022-12-07,332.07,333.93,329.58,331.4,1849322
2022-12-08,331.29,335.19,330.91,334.63,966865
2022-12-09,334.72,335.84,332.18,332.21,1262938
2022-12-12,336.02,336.81,333.615,336.05,1246867
2022-12-13,346.05,347.595,340.46,342.45,1969448
2022-12-14,343.05,345.455,340.0,342.01,1824773
2022-12-15,336.4,336.8,328.6019,330.8,1882896
2022-12-16,327.56,329.94,324.02,329.63,3857589
2022-12-19,329.0,330.5,326.2,327.05,1254739
2022-12-20,328.03,330.92,326.34,328.93,1312878
2022-12-21,326.06,330.32,326.06,328.67,1723822
2022-12-22,326.33,327.84,323.05,327.66,1202156
2022-12-23,326.18,329.61,325.58,329.33,636611
2022-12-27,330.66,332.09,328.29,328.95,682772
2022-12-28,328.84,330.46,325.58,325.91,908869
2022-12-29,329.38,330.9,328.39,329.75,872349
2022-12-30,326.16,326.95,323.21,326.18,1238055
2023-01-03,317.67,322.0,314.45,318.35,2374240
2023-01-04,318.72,320.245,315.07,316.77,2089061
2023-01-05,305.27,307.96,302.17,305.49,3133744
2023-01-06,307.82,317.14,307.57,316.16,2538893
2023-01-09,322.27,325.07,320.12,321.92,2471274
2023-01-10,322.39,323.24,319.37,322.03,1613391
2023-01-11,326.08,329.71,324.955,329.62,1927992
2023-01-12,328.21,329.62,325.835,328.91,1277510
2023-01-13,330.0,334.72,330.0,334.11,1882820
2023-01-17,335.49,336.31,329.82,330.0,1714680
2023-01-18,333.5,333.95,324.18,324.34,2945710
2023-01-19,324.0,325.51,321.46,324.54,2703559
2023-01-20,324.52,328.83,322.81,328.62,1792713
2023-01-23,325.85,328.57,324.27,326.49,1931093
2023-01-24,325.56,328.85,323.74,328.63,1625868
2023-01-25,324.73,327.26,323.99,326.36,1887234
2023-01-26,326.4,329.53,324.72,329.51,1587129
2023-01-27,324.26,327.6,324.09,324.7,1819783
2023-01-30,324.4,328.54,324.18,325.03,2163761
2023-01-31,326.76,331.26,326.45,330.94,2330319
2023-02-01,330.73,333.75,326.0,331.08,1879548
2023-02-02,331.73,334.505,327.11,332.05,2523970
2023-02-03,325.17,328.89,323.44,323.6,2662969
2023-02-06,322.38,323.71,319.84,322.86,2322929
2023-02-07,318.9,337.42,318.88,337.12,5990071
2023-02-08,340.6,346.67,333.445,334.25,3429574
2023-02-09,336.22,337.99,331.12,332.57,2655678
2023-02-10,331.18,332.63,328.19,332.04,2515955
2023-02-13,333.06,335.945,332.13,334.06,1782688
2023-02-14,333.39,335.28,330.38,334.0,2175028
2023-02-15,332.0,332.71,329.18,332.53,2492991
2023-02-16,325.67,327.76,323.37,323.5,3209174
2023-02-17,320.88,323.38,319.23,321.52,3231617
2023-02-21,322.94,328.37,322.125,324.56,3245701
2023-02-22,327.86,331.87,325.05,330.03,3595062
2023-02-23,331.73,334.34,326.41,331.89,3836358
2023-02-24,323.09,348.21,322.61,347.66,14738005
2023-02-27,346.245,348.32,344.2,344.48,3708627
2023-02-28,344.47,351.15,344.2,348.37,3274392
2023-03-01,350.1,356.18,349.05,350.05,3474086
2023-03-02,350.39,354.38,349.55,351.75,2266645
2023-03-03,355.02,362.74,353.33,362.38,2929275
2023-03-06,360.0,360.68,356.38,358.05,3846387
2023-03-07,356.0,357.12,350.46,354.14,2218111
2023-03-08,353.0,355.72,350.4,354.9,2222842
2023-03-09,352.09,353.3,344.21,345.92,2489124
2023-03-10,346.19,347.39,340.11,341.54,1534105
2023-03-13,338.74,340.63,334.09,334.83,2228912
2023-03-14,340.94,346.39,339.26,342.44,2580095
2023-03-15,329.1,332.69,324.11,330.93,3395328
2023-03-16,328.57,339.6,328.12,338.29,1750154
2023-03-17,335.8,336.91,329.91,330.49,5702339
2023-03-20,332.43,339.54,331.95,338.81,2305149
2023-03-21,343.28,344.15,339.02,341.3,1792643
2023-03-22,341.04,344.62,338.69,339.15,1434214
2023-03-23,340.05,346.12,339.55,341.33,2082145
2023-03-24,339.51,345.45,337.95,344.75,1793849
2023-03-27,347.83,349.985,345.07,347.1,1475948
2023-03-28,346.87,348.02,344.56,347.37,1396658
2023-03-29,351.61,352.845,348.38,349.73,1132624
2023-03-30,350.45,351.7,348.42,351.54,1120710
2023-03-31,350.37,355.63,350.045,355.44,1513468
2023-04-03,353.45,358.99,353.45,358.1,1878474
2023-04-04,357.26,361.43,356.51,357.8,2299186
2023-04-05,354.76,356.53,353.285,355.61,2199781
2023-04-06,352.25,357.21,352.01,356.58,1627689
2023-04-10,355.14,358.74,354.665,358.56,1311530
2023-04-11,359.22,360.86,357.04,358.25,975055
2023-04-12,360.69,362.85,357.95,359.35,1613716
2023-04-13,358.25,364.14,357.22,361.96,1667550
2023-04-14,360.97,362.69,357.67,359.67,1078282
2023-04-17,359.82,362.395,359.51,362.35,1421302
2023-04-18,364.06,365.84,361.78,364.87,1084980
2023-04-19,362.52,365.5,361.59,365.31,1163187
2023-04-20,363.03,367.51,362.77,367.35,1095481
2023-04-21,364.88,367.15,364.37,366.21,1677837
2023-04-24,367.37,369.07,366.145,368.01,1237661
2023-04-25,366.78,369.65,365.011,367.06,1735860
2023-04-26,364.97,366.13,362.28,365.0,2051828
2023-04-27,365.59,367.9,359.825,365.64,1898616
2023-04-28,365.63,370.54,364.9,369.45,1878866
2023-05-01,370.8,373.58,370.065,372.31,1018099
2023-05-02,370.44,371.72,367.34,370.04,1124556
2023-05-03,369.51,371.26,363.36,363.5,1418886
2023-05-04,362.64,365.21,357.4647,360.8,1545832
2023-05-05,364.22,367.46,363.58,366.37,1113588
2023-05-08,368.0,368.67,365.05,365.67,1261695
2023-05-09,365.0,367.4999,362.73,364.7,1015506
2023-05-10,369.84,370.18,364.0,368.9,1304325
2023-05-11,368.43,369.66,365.02,367.04,1336724
2023-05-12,366.87,370.76,366.4501,370.33,1189465
2023-05-15,371.09,371.315,365.46,368.8,1378803
2023-05-16,367.29,368.05,364.56,365.9,1065285
2023-05-17,367.13,367.13,364.01,365.01,1296363
2023-05-18,363.77,368.718,362.215,368.19,1116124
2023-05-19,369.57,372.4,368.94,371.49,1140930
2023-05-22,372.5,373.07,366.32,366.39,1207860
2023-05-23,364.0,364.01,353.7,353.94,2156987
2023-05-24,351.32,356.53,351.05,354.86,1801252
2023-05-25,356.15,359.12,354.94,356.59,1994795
2023-05-26,357.12,360.63,354.8,356.21,1805824
2023-05-30,356.2,356.7625,350.6,354.91,1801854
2023-05-31,354.11,357.41,352.44,353.66,2855631
2023-06-01,355.28,357.33,353.23,355.49,1239491
2023-06-02,357.6,361.64,357.11,360.47,1337751
2023-06-05,361.76,367.22,360.23,362.81,1724564
2023-06-06,362.31,364.745,357.79,359.74,1638010
2023-06-07,358.62,363.6,358.44,362.29,1440967
2023-06-08,362.1,362.69,359.36,362.21,1056376
2023-06-09,362.49,362.49,358.75,360.76,1121612
2023-06-12,362.47,362.47,358.585,362.01,1021434
2023-06-13,364.23,373.33,363.23,373.26,2066012
2023-06-14,375.24,376.45,371.93,374.31,1553188
2023-06-15,375.37,378.5,372.99,376.44,1228551
2023-06-16,376.75,377.0,373.31,375.29,4372161
2023-06-20,374.4,374.88,367.84,368.68,1721720
2023-06-21,367.16,372.06,365.51,370.65,1542693
2023-06-22,368.28,373.33,365.59,372.64,1197487
2023-06-23,369.62,371.14,367.19,370.59,2070677
2023-06-26,369.98,372.0,369.46,370.71,1089723
2023-06-27,371.62,376.41,371.46,375.75,1319983
2023-06-28,374.21,375.85,372.35,374.97,1094000
2023-06-29,373.49,380.6229,373.42,379.19,1350567
2023-06-30,380.42,383.575,380.02,381.08,1642800
2023-07-03,382.01,382.35,378.16,378.16,1118678
2023-07-05,371.12,374.04,365.69,367.24,2926719
2023-07-06,362.38,364.92,358.37,364.53,2129972
2023-07-07,363.03,369.89,362.0,364.51,1336847
2023-07-10,363.9,368.74,363.9,367.55,1292130
2023-07-11,369.81,371.71,363.265,366.84,1162040
2023-07-12,370.37,374.93,365.985,374.6,1557213
2023-07-13,376.1,378.1,373.64,377.14,1281086
2023-07-14,377.14,379.49,376.5,378.58,886396
2023-07-17,378.51,383.56,378.5,382.11,1152062
2023-07-18,376.89,384.55,376.89,384.27,1099434
2023-07-19,382.39,383.87,374.31,374.71,1607110
2023-07-20,376.11,381.71,374.75,381.6,1085126
2023-07-21,380.38,385.405,378.82,384.54,1195695
2023-07-24,385.0,386.0,381.72,384.69,1467548
2023-07-25,385.55,391.61,384.89,391.04,1328442
2023-07-26,387.2,388.48,379.59,388.21,1825629
2023-07-27,388.21,388.725,383.2142,384.63,2336445
2023-07-28,386.65,389.145,385.2063,388.71,1445378
2023-07-31,388.52,390.97,385.95,390.67,1617160
2023-08-01,389.84,393.665,388.51,388.64,1468631
2023-08-02,385.62,387.125,383.355,383.78,1538913
2023-08-03,381.91,384.53,379.11,380.75,1926047
2023-08-04,384.32,384.395,377.53,377.82,1648865
2023-08-07,381.0,385.9699,380.655,384.97,1111977
2023-08-08,383.9,384.34,378.93,381.78,946797
2023-08-09,383.21,383.87,379.29,379.56,853369
2023-08-10,381.3,386.5799,380.74,382.32,824995
2023-08-11,382.33,383.25,380.54,381.82,692723
2023-08-14,381.11,383.34,379.02,382.17,1060687
2023-08-15,379.0,380.76,377.74,379.38,709662
2023-08-16,378.76,381.585,377.37,377.8,1143793
2023-08-17,379.44,381.2,375.39,376.36,1229762
2023-08-18,374.56,377.87,373.8,375.1,1254725
2023-08-21,376.22,378.52,373.47,377.49,947345
2023-08-22,378.6,380.37,377.367,377.59,913303
2023-08-23,377.59,379.73,375.725,378.35,929185
2023-08-24,377.4,380.75,377.115,377.94,820328
2023-08-25,379.42,383.27,377.91,381.59,1022076
2023-08-28,382.4,383.96,380.74,382.07,771993
2023-08-29,381.07,386.99,379.35,386.85,1060094
2023-08-30,386.9,388.2,385.3,387.09,780090
2023-08-31,387.66,389.165,386.0,387.04,1193097
2023-09-01,389.15,391.005,387.58,388.91,969965
2023-09-05,389.97,389.97,381.45,381.6,1092673
2023-09-06,380.35,383.83,379.51,383.29,775501
2023-09-07,384.07,387.435,382.11,386.62,986394
2023-09-08,386.48,389.49,385.1073,386.81,1064046
2023-09-11,388.6,391.5,387.48,389.35,862209
2023-09-12,387.39,389.59,386.99,387.92,1047862
2023-09-13,386.96,388.68,384.39,385.15,1207469
2023-09-14,387.28,390.93,385.64,389.8,1231480
2023-09-15,389.7,393.42,386.01,387.99,2820452
2023-09-18,387.67,389.375,385.1,387.53,652059
2023-09-19,388.05,390.39,385.55,389.78,1459271
2023-09-20,388.65,388.71,378.64,378.82,1747310
2023-09-21,377.14,377.49,372.32,372.44,1362216
2023-09-22,370.86,375.97,370.67,372.95,1017391
2023-09-25,371.18,376.9,369.0,376.57,1558288
2023-09-26,373.71,375.27,368.97,371.2,1769515
2023-09-27,371.43,373.915,370.005,372.01,1254914
2023-09-28,372.69,376.665,371.395,373.49,1065630
2023-09-29,375.85,376.87,371.95,372.35,1474300
2023-10-02,370.94,371.44,366.5,370.21,1298389
2023-10-03,368.6,377.13,367.77,372.83,1747620
2023-10-04,374.13,379.88,372.76,378.61,1897908
2023-10-05,378.26,381.0,367.11,369.86,1822052
2023-10-06,369.24,375.05,367.03,373.54,1571287
2023-10-09,370.39,374.465,369.24,373.73,846062
2023-10-10,376.36,381.67,375.09,378.96,1335511
2023-10-11,380.34,381.59,377.325,378.67,931392
2023-10-12,380.71,381.4,375.335,377.71,888419
2023-10-13,379.7,382.46,376.14,377.89,1214208
2023-10-16,378.48,384.32,378.01,379.24,1182414
2023-10-17,377.63,382.334,376.475,381.09,920322
2023-10-18,379.13,379.65,370.915,371.4,1486624
2023-10-19,370.44,373.59,368.85,370.14,1249226
2023-10-20,370.0,371.78,365.94,366.36,1334065
2023-10-23,365.0,368.63,361.02,365.43,1648739
2023-10-24,366.53,369.42,365.035,367.26,1590043
2023-10-25,367.83,369.5,362.33,364.38,1493094
2023-10-26,370.89,374.29,366.12,370.32,2168464
2023-10-27,367.86,376.56,367.86,370.53,1945339
2023-10-30,376.07,379.42,373.69,378.87,1477971
2023-10-31,378.21,384.07,376.7,382.16,2020689
2023-11-01,382.27,387.53,381.0637,387.1,1564907
2023-11-02,387.47,391.71,387.44,389.66,1586674
2023-11-03,390.1,395.18,388.63,392.51,1339317
2023-11-06,392.55,393.53,390.24,393.0,1463968
2023-11-07,389.96,390.955,385.12,389.3,2647373
2023-11-08,391.41,394.13,389.14,392.26,1631383
2023-11-09,394.33,394.39,390.38,390.98,1305415
2023-11-10,391.51,400.37,391.51,399.84,1378076
2023-11-13,396.36,401.95,395.0,399.75,1420008
2023-11-14,399.57,406.78,399.57,403.76,1350547
2023-11-15,403.97,406.13,402.1,402.75,1139901
2023-11-16,403.18,408.9622,402.32,408.39,1228118
2023-11-17,411.08,411.08,406.5,407.88,1542480
2023-11-20,407.55,410.12,406.2,408.27,1678508
2023-11-21,411.04,414.97,409.41,411.91,1225251
2023-11-22,410.74,412.51,408.11,411.62,1110974
2023-11-24,412.67,416.1931,411.87,414.22,711306
2023-11-27,413.83,414.0,410.0,412.8,1301164
2023-11-28,412.01,413.82,410.02,410.73,1134339
2023-11-29,412.57,415.29,410.951,411.39,1405937
2023-11-30,410.46,416.0,409.79,413.77,4023877
2023-12-01,412.45,415.05,409.97,411.7,2107310
2023-12-04,409.0,411.24,406.0213,406.64,2092442
2023-12-05,406.0,406.61,402.15,403.97,2207044
2023-12-06,403.97,404.17,398.44,400.31,2145234
2023-12-07,399.41,401.41,397.38,398.65,1914117
2023-12-08,398.0,401.6,397.46,401.27,1483659
2023-12-11,400.0,408.29,399.87,408.24,1653505
2023-12-12,425.69,434.21,420.3,426.72,6829002
2023-12-13,405.94,414.17,404.665,408.74,3359596
2023-12-14,406.78,411.12,405.825,409.72,2220458
2023-12-15,407.41,410.895,404.9,407.38,4241139
2023-12-18,411.9,412.99,407.77,409.1,1717608
2023-12-19,412.0,414.25,410.11,412.09,1324661
2023-12-20,410.74,411.79,405.94,406.36,1578526
2023-12-21,408.02,409.4,406.61,409.13,1534008
2023-12-22,410.59,412.28,408.7645,410.74,838963
2023-12-26,410.61,411.73,409.63,409.93,619271
2023-12-27,408.0,411.35,408.0,411.21,848542
2023-12-28,410.53,410.9,409.205,409.77,814377
2023-12-29,408.72,412.12,407.96,410.71,975935
2024-01-02,409.78,411.73,406.7,409.58,1571892
2024-01-03,405.9,409.86,405.29,408.71,1536315
2024-01-04,407.64,411.65,407.58,408.59,1517835
2024-01-05,409.05,410.49,406.25,409.12,1400066
2024-01-08,407.86,409.99,404.36,408.29,1142302
2024-01-09,407.48,407.78,404.43,406.69,1256166
2024-01-10,404.43,406.085,404.01,405.88,1170618
2024-01-11,406.78,407.0,401.64,405.96,1110526
2024-01-12,408.74,409.56,405.5,408.92,849170
2024-01-16,407.48,410.61,406.0,406.65,1464745
2024-01-17,404.47,407.33,403.92,406.75,1369062
2024-01-18,407.06,408.38,403.74,407.85,1232218
2024-01-19,407.12,408.0,404.26,407.38,2265923
2024-01-22,401.88,407.32,401.41,406.47,2105464
2024-01-23,405.29,408.18,402.165,407.89,1293867
2024-01-24,407.07,408.39,401.0,401.28,1561307
2024-01-25,400.72,403.6,400.4,403.47,1550902
2024-01-26,404.41,405.32,401.67,404.04,1146625
2024-01-29,404.78,405.8738,402.2598,405.61,1400491
2024-01-30,406.05,410.54,405.4,407.85,1647680
2024-01-31,409.46,410.61,403.3326,404.83,1782044
2024-02-01,408.27,410.0,405.31,408.65,1893642
2024-02-02,407.02,408.93,404.2373,407.09,2218561
2024-02-05,396.84,401.98,396.07,400.63,3487750
2024-02-06,414.89,421.0,411.36,415.56,3227232
2024-02-07,419.07,423.9719,415.3,416.83,1985623
2024-02-08,419.3,419.3,413.36,414.0,1488904
2024-02-09,413.81,419.84,412.29,419.42,1351477
2024-02-12,420.36,420.985,418.123,419.61,1272070
2024-02-13,418.92,419.71,414.222,416.25,1313516
2024-02-14,418.87,420.85,416.62,418.4,1345168
2024-02-15,420.25,429.24,419.69,428.69,1721804
2024-02-16,432.27,434.77,430.65,431.63,1460792
2024-02-20,435.59,439.4,434.19,435.96,1869207
2024-02-21,437.76,439.75,434.63,439.46,1230916
2024-02-22,441.77,447.83,438.73,447.03,1386858
2024-02-23,448.3,448.535,445.31,447.56,1164860
2024-02-26,447.56,448.05,444.51,444.94,1285980
2024-02-27,443.56,444.95,441.86,444.8,1086269
2024-02-28,444.11,451.73,443.52,451.2,1562559
2024-02-29,452.65,453.11,445.1,448.82,3684235
2024-03-01,448.0,450.97,447.0,449.21,1656087
2024-03-04,449.21,456.66,448.725,455.6,2291760
2024-03-05,456.37,463.04,456.37,460.96,4102913
2024-03-06,458.98,465.11,458.98,463.61,2599858
2024-03-07,465.0,467.77,461.63,465.29,2514029
2024-03-08,466.29,466.29,461.98,462.55,2469190
2024-03-11,473.98,473.98,466.75,469.48,4227523
2024-03-12,467.39,473.21,466.89,471.47,3197769
2024-03-13,469.96,477.71,469.96,474.89,3239948
2024-03-14,475.93,477.0,473.09,473.94,3304304
2024-03-15,472.61,473.84,466.38,468.23,33347624
2024-03-18,468.64,475.98,465.56,466.11,3026421
2024-03-19,467.0,468.23,464.855,466.73,1883132
2024-03-20,466.29,468.28,464.13,466.79,2146444
2024-03-21,464.65,468.62,463.34,466.3,2723870
2024-03-22,464.36,469.21,462.49,468.24,1687410
2024-03-25,467.21,468.265,464.45,466.9,1391048
2024-03-26,464.94,468.34,464.94,467.55,1265325
2024-03-27,462.97,467.23,460.95,466.23,1590766
2024-03-28,463.63,465.91,462.61,464.32,1784986
2024-04-01,465.94,466.55,461.81,463.4,976054
2024-04-02,462.37,464.2227,460.835,461.34,1412869
2024-04-03,460.82,464.34,460.175,462.47,1311539
2024-04-04,463.32,466.94,455.97,457.26,2190119
2024-04-05,457.52,465.79,456.57,464.7,1570311
2024-04-08,462.87,463.09,459.49,461.67,1674389
2024-04-09,460.67,461.82,453.65,457.94,1447902
2024-04-10,453.43,453.83,449.34,450.49,1838189
2024-04-11,451.58,455.97,448.28,453.0,1681767
2024-04-12,450.21,451.63,444.155,447.41,1976740
2024-04-15,449.92,453.91,443.825,444.75,1712064
2024-04-16,446.74,446.86,442.86,445.78,1577300
2024-04-17,445.58,449.11,443.98,446.79,1216831
2024-04-18,450.97,451.19,445.52,446.43,1070337
2024-04-19,451.97,451.97,444.09,446.3,1831208
2024-04-22,443.38,448.98,441.73,446.97,1346060
2024-04-23,446.57,448.1018,444.09,445.06,1509928
2024-04-24,437.21,444.61,433.38,444.32,1969118
2024-04-25,442.52,445.25,439.1,443.83,1442677
2024-04-26,439.46,445.69,439.46,443.18,1583773
2024-04-29,445.77,448.13,442.28,445.07,1260302
2024-04-30,443.65,444.71,440.245,440.96,2172777
2024-05-01,442.79,449.4,441.98,442.62,1824287
2024-05-02,425.82,425.82,413.61,419.62,5267333
2024-05-03,418.08,425.77,418.08,423.6,2657419
2024-05-06,426.98,428.58,423.45,426.62,1533533
2024-05-07,429.71,437.94,427.45,430.0,1556578
2024-05-08,430.01,430.87,426.93,427.71,1344802
2024-05-09,429.79,430.94,428.28,429.86,1740116
2024-05-10,430.5,434.83,430.47,434.39,1234538
2024-05-13,435.07,437.16,433.71,434.78,1269769
2024-05-14,434.5,435.42,430.13,432.11,1288097
2024-05-15,434.28,435.36,429.53,430.82,1745201
2024-05-16,431.73,432.63,427.85,429.69,1839684
2024-05-17,430.31,433.47,429.795,432.52,1150669
2024-05-20,432.73,432.9834,431.03,432.61,1499200
2024-05-21,431.48,437.17,431.48,435.04,1228279
2024-05-22,435.19,436.7914,432.3,434.79,1655022
2024-05-23,435.94,436.9584,431.68,432.3,1674851
2024-05-24,433.28,437.515,432.97,435.57,1157621
2024-05-28,430.99,433.31,427.14,429.92,1696558
2024-05-29,425.58,428.36,423.85,426.18,1465871
2024-05-30,425.85,430.53,425.25,430.11,1375916
2024-05-31,430.11,435.99,427.529,435.52,3621578
2024-06-03,434.14,436.58,430.06,434.33,1808999
2024-06-04,431.31,434.1,428.63,431.14,2157420
2024-06-05,431.74,435.56,429.33,435.08,2116826
2024-06-06,436.02,436.02,431.96,433.85,1282667
2024-06-07,434.01,438.19,431.59,433.7,1491952
2024-06-10,432.73,434.1,431.2,432.0,1407995
2024-06-11,427.84,435.78,426.6,435.48,1582360
2024-06-12,437.6,440.52,433.91,434.17,1914845
2024-06-13,431.0,440.85,430.37,439.8,1650040
2024-06-14,437.43,438.16,434.11,436.95,1396066
2024-06-17,436.36,443.28,435.005,440.63,1939053
2024-06-18,439.61,440.75,435.23,440.02,1384539
2024-06-20,439.08,445.22,438.48,442.63,1626052
2024-06-21,443.4,443.98,440.0,442.75,4046155
2024-06-24,444.74,446.48,442.14,443.14,1441134
2024-06-25,443.98,445.07,440.33,441.17,1522986
2024-06-26,439.78,440.67,436.35,438.42,1634386
2024-06-27,440.67,441.53,437.55,440.22,1236489
2024-06-28,440.12,442.255,438.12,438.81,2470164
2024-07-01,439.15,440.78,425.4001,428.94,2462891
2024-07-02,428.0,430.5,424.63,430.09,1886562
2024-07-03,429.62,433.67,429.495,432.94,865090
2024-07-05,432.41,435.95,429.2,435.72,1499382
2024-07-08,436.63,437.925,434.32,435.74,1502415
2024-07-09,434.2,435.6,430.75,431.2,1052132
2024-07-10,433.11,436.05,430.31,434.95,1554099
2024-07-11,435.1,438.12,433.6029,434.89,1368648
2024-07-12,437.59,444.4303,436.65,440.7,1843894
2024-07-15,440.7,441.14,437.525,438.18,1271495
2024-07-16,438.06,447.995,438.06,445.73,1173359
2024-07-17,447.1,451.76,446.73,449.29,1896543
2024-07-18,445.54,451.36,445.54,446.04,1458658
2024-07-19,445.37,445.595,441.92,444.75,1503763
2024-07-22,447.88,448.71,444.45,446.1,1096765
2024-07-23,447.89,448.62,445.01,447.41,1060932
2024-07-24,448.47,449.57,442.625,443.76,1700670
2024-07-25,444.98,448.4,441.98,443.03,1777266
2024-07-26,444.12,452.75,443.455,451.39,1307402
2024-07-29,451.47,453.22,449.06,449.96,1015242
2024-07-30,452.57,456.73,450.64,450.85,1755633
2024-07-31,453.57,458.175,452.515,453.5,1874030
2024-08-01,456.07,459.47,449.91,453.34,2243978
2024-08-02,449.61,457.79,443.71,454.0,2714589
2024-08-05,453.99,455.67,441.23,443.5,2281767
2024-08-06,444.07,451.22,443.6001,445.66,1598269
2024-08-07,449.32,451.0,441.315,441.86,1619371
2024-08-08,442.23,447.84,440.93,447.54,1491256
2024-08-09,446.98,448.16,442.16,447.02,1108634
2024-08-12,447.02,448.395,445.1,446.78,853023
2024-08-13,448.51,450.27,445.75,449.7,1174857
2024-08-14,451.66,451.99,449.15,451.18,906764
2024-08-15,452.05,456.775,451.39,456.14,1105151
2024-08-16,456.14,457.4,452.31,456.82,1115354
2024-08-19,457.21,458.75,456.16,458.58,1013716
2024-08-20,458.62,460.97,456.59,458.07,1115635
2024-08-21,459.95,462.13,458.39,461.75,853900
2024-08-22,461.84,464.66,459.91,461.71,1179129
2024-08-23,464.5,466.44,461.54,465.74,1307962
2024-08-26,465.64,469.76,465.07,468.46,1216330
2024-08-27,472.71,472.79,468.62,472.34,1293524
2024-08-28,472.84,475.64,470.867,472.84,1327160
2024-08-29,473.73,476.58,470.32,472.73,944748
2024-08-30,475.04,479.79,471.47,478.25,1385635
2024-09-03,473.94,478.62,472.88,474.05,2104159
2024-09-04,476.21,477.58,471.57,472.13,1207207
2024-09-05,470.34,471.465,463.0865,465.52,1882408
2024-09-06,464.35,467.67,456.17,456.85,2012129
2024-09-09,460.07,465.53,459.515,463.08,2076187
2024-09-10,461.97,465.63,460.84,463.72,1247096
2024-09-11,463.875,465.85,453.5,465.11,1585448
2024-09-12,466.43,467.44,462.41,467.34,1917022
2024-09-13,465.51,471.78,465.0,468.81,1162683
2024-09-16,474.43,475.49,470.39,474.91,1307227
2024-09-17,475.52,476.98,470.51,471.66,1357093
2024-09-18,471.66,471.66,464.73,467.03,1149879
2024-09-19,472.8,473.15,468.61,469.17,1897226
2024-09-20,469.5,472.11,466.75,471.91,3672715
2024-09-23,474.7,479.19,472.1,477.36,1148395
2024-09-24,478.95,480.755,475.49,479.35,1588622
2024-09-25,481.0,481.6,475.7,477.01,1283879
2024-09-26,479.0,482.11,476.5,481.68,1092768
2024-09-27,479.7,483.3579,479.28,479.51,1252607
2024-09-30,479.31,479.585,474.15,476.86,1532652
2024-10-01,476.96,477.86,473.89,475.02,1342135
2024-10-02,474.06,477.44,472.66,475.84,1024605
2024-10-03,471.96,472.75,468.15,469.75,1072337
2024-10-04,470.16,470.83,464.875,468.18,2131023
2024-10-07,464.45,466.34,460.77,463.24,2019552
2024-10-08,465.51,470.06,465.11,469.44,1272286
2024-10-09,467.5,470.635,467.03,469.57,1245473
2024-10-10,471.91,472.63,467.735,469.42,1249525
2024-10-11,472.1,474.6078,470.835,474.04,1105320
2024-10-14,474.38,478.15,473.42,477.58,1076836
2024-10-15,477.58,483.35,477.2,480.71,1477106
2024-10-16,478.52,485.32,478.32,483.98,1210130
2024-10-17,486.92,487.49,484.38,486.06,1051750
2024-10-18,483.14,487.275,481.51,486.45,1255247
2024-10-21,484.95,485.49,481.06,483.36,1065694
2024-10-22,481.78,482.48,478.0,481.95,1429702
2024-10-23,479.17,482.24,476.86,477.43,1541370
2024-10-24,478.35,478.43,471.622,474.46,994284
2024-10-25,475.12,478.65,472.93,473.76,2458462
2024-10-28,475.81,478.0,473.71,476.0,1440395
2024-10-29,474.65,476.32,472.75,474.66,2056582
2024-10-30,473.27,475.0,472.34,473.4,1794313
2024-10-31,454.95,463.0,454.47,456.15,3615602
2024-11-01,456.51,459.33,453.5,457.31,2347398
2024-11-04,457.98,461.8,456.29,458.32,1616117
2024-11-05,458.32,460.86,454.17,454.89,1749314
2024-11-06,463.82,465.69,458.32,462.63,2626911
2024-11-07,465.0,467.98,463.59,465.47,1925468
2024-11-08,465.33,465.615,459.21,459.48,1496836
2024-11-11,459.48,462.385,455.35,456.44,1981242
2024-11-12,458.27,460.29,453.58,455.59,1748986
2024-11-13,453.84,457.54,450.86,456.24,1538420
2024-11-14,455.65,457.87,453.1,453.49,1666958
2024-11-15,451.07,451.69,446.9,449.1,2417805
2024-11-18,446.53,449.26,445.29,448.57,1751439
2024-11-19,443.8,444.6656,439.76,444.06,2084551
2024-11-20,443.74,450.9,441.53,450.14,1928675
2024-11-21,451.85,455.14,449.605,455.07,2072800
2024-11-22,453.84,457.2,453.55,454.78,1864846
2024-11-25,454.58,457.0029,453.015,455.69,3835798
2024-11-26,453.47,456.66,451.28,456.6,2600009
2024-11-27,456.68,459.5984,456.68,457.12,2069423
2024-11-29,456.99,461.66,456.09,460.99,1351468
2024-12-02,460.99,461.04,456.445,459.69,1801780
2024-12-03,461.9,461.9,456.575,458.12,1868338
2024-12-04,456.28,461.41,455.31,459.45,2188342
2024-12-05,457.26,457.645,448.01,448.58,2303191
2024-12-06,448.05,450.86,446.95,449.44,2191258
2024-12-09,447.9,450.8,441.93,442.58,2833882
2024-12-10,444.81,446.3799,437.25,444.81,2326077
2024-12-11,443.29,445.65,440.16,440.53,1612808
2024-12-12,439.94,442.38,437.9,438.5,1719345
2024-12-13,437.61,437.8,432.755,435.3,2254458
2024-12-16,435.72,435.73,427.41,428.3,3691695
2024-12-17,428.24,433.19,425.94,430.2,3320194
2024-12-18,428.92,431.3041,422.05,422.27,3271876
2024-12-19,422.1,425.5725,419.03,419.59,3292000
2024-12-20,419.23,425.34,418.27,424.31,6680941
2024-12-23,422.43,425.66,417.68,422.33,2084301
2024-12-24,422.18,426.06,420.58,425.77,824227
2024-12-26,424.12,426.6,422.91,424.32,992356
2024-12-27,423.21,425.955,421.54,422.98,1444989
2024-12-30,419.18,420.26,415.41,417.66,1608038
2024-12-31,418.61,420.105,415.7524,418.67,1387116
2025-01-02,420.75,422.7199,413.765,414.17,2112206
2025-01-03,416.15,417.99,413.1,413.5,1995949
2025-01-06,415.43,418.38,412.12,412.91,2630831
2025-01-07,412.03,419.0,410.69,414.95,3209160
2025-01-08,416.74,420.42,414.2,420.01,2252258
2025-01-10,415.605,417.89,411.72,414.15,2642597
2025-01-13,415.79,422.675,413.7,421.43,2824504
2025-01-14,422.28,427.81,420.72,427.29,2344275
2025-01-15,433.22,433.922,426.41,427.98,2202422
2025-01-16,427.915,432.751,427.65,432.49,1511580
2025-01-17,440.0,440.0,433.53,436.0,2412198
2025-01-21,439.67,444.07,439.435,442.46,2281956
2025-01-22,445.67,448.69,442.47,442.6,2644136
2025-01-23,442.72,443.14,440.425,440.83,1811291
2025-01-24,442.87,443.3675,439.04,439.25,1547782
2025-01-27,438.34,441.4,434.99,439.49,2833438
2025-01-28,440.0,440.41,435.24,435.51,2158432
2025-01-29,435.22,439.017,434.49,438.32,2631137
2025-01-30,439.0,449.6699,439.0,446.38,2545904
2025-01-31,444.42,448.17,438.64,446.12,2820686
2025-02-03,445.03,454.81,440.46,454.21,2701167
2025-02-04,455.94,458.83,452.825,454.8,2504031
2025-02-05,453.4,455.07,450.91,453.7,2696917
2025-02-06,450.03,461.51,450.0,460.68,2423313
2025-02-07,456.54,458.16,452.5,455.05,1668297
2025-02-10,454.82,461.12,453.4,460.86,1876673
2025-02-11,460.25,462.54,459.32,460.74,1587791
2025-02-12,457.32,460.14,454.545,458.56,1695193
2025-02-13,457.56,462.6,457.38,461.05,2265301
2025-02-14,461.05,464.1048,456.7,457.0,1705911
2025-02-18,454.87,466.03,450.05,465.83,2808528
2025-02-19,460.82,465.635,460.12,462.07,1884034
2025-02-20,459.7,462.13,458.4001,461.9,1335404
2025-02-21,463.58,465.1667,457.52,458.0,1939576
2025-02-24,459.01,464.2,456.02,458.53,2108438
2025-02-25,459.29,468.99,459.29,467.49,2342221
2025-02-26,466.36,467.51,461.27,461.55,1576105
2025-02-27,463.54,468.23,459.88,460.28,2071026
2025-02-28,465.07,468.34,460.63,467.05,2332945
2025-03-03,469.1,472.2346,460.98,462.25,3072964
2025-03-04,468.6,469.28,459.88,461.35,5027155
2025-03-05,461.93,470.42,460.55,468.25,2385768
2025-03-06,466.69,470.15,463.35,466.16,3712070
2025-03-07,466.17,470.0,463.42,468.77,1824011
2025-03-10,465.99,471.18,458.02,462.06,3122247
2025-03-11,461.65,461.9,451.12,454.07,2845743
2025-03-12,453.31,454.95,448.82,451.17,2652654
2025-03-13,449.44,455.348,447.5,453.26,2213633
2025-03-14,454.555,458.0,452.85,455.5,1912021
2025-03-17,452.34,462.28,452.34,460.31,1890240
2025-03-18,464.11,464.8,457.73,460.71,2023019
2025-03-19,459.0,461.57,454.895,459.75,4051469
2025-03-20,456.105,460.01,455.23,457.75,2298071
2025-03-21,453.74,458.63,449.38,458.33,4969941
2025-03-24,457.12,461.9,455.02,459.09,2049568
2025-03-25,458.94,458.99,454.98,457.45,2002532
2025-03-26,457.45,463.1,456.98,461.43,1598026
2025-03-27,461.99,466.65,459.43,464.73,1493262
2025-03-28,466.53,466.6,458.79,459.11,1334716
2025-03-31,458.87,468.04,458.41,465.64,2373378
2025-04-01,462.0,467.505,460.775,467.09,1544564
2025-04-02,462.9,470.31,462.4,469.74,1527659
2025-04-03,466.56,472.01,464.99,467.22,2445217
2025-04-04,464.36,470.0,437.12,437.96,4431105
2025-04-07,429.09,441.56,417.83,425.86,4159539
2025-04-08,430.76,433.059,408.65,413.33,3780849
2025-04-09,414.16,448.33,412.97,445.97,4103289
2025-04-10,440.37,444.525,427.095,431.88,4238951
2025-04-11,437.315,449.625,432.71,441.83,3343266
2025-04-14,443.09,448.13,441.75,446.03,1897990
2025-04-15,449.37,454.51,447.94,450.97,2321026
2025-04-16,450.51,454.83,445.2456,447.99,1828949
2025-04-17,451.36,455.16,449.69,452.12,1730215
2025-04-21,450.54,452.47,440.265,443.85,1303436
2025-04-22,448.29,455.26,447.35,454.61,1458629
2025-04-23,454.39,457.81,445.5,448.21,1973407
2025-04-24,447.08,451.13,442.07,449.53,2114487
2025-04-25,447.92,449.35,443.1,448.4,1866598
2025-04-28,448.65,450.89,444.17,448.0,1644902
2025-04-29,448.84,452.3477,446.77,450.58,1214237
2025-04-30,449.365,455.27,444.92,453.23,2670418
2025-05-01,437.44,450.61,433.145,448.05,2540397
2025-05-02,453.7,457.14,452.11,454.95,1548579
2025-05-05,453.0,455.49,450.14,452.49,1462273
2025-05-06,452.855,453.53,446.24,447.05,1441332
2025-05-07,447.97,454.22,444.9,449.66,1573910
2025-05-08,449.93,458.0,449.53,453.23,1626400
2025-05-09,455.03,455.03,450.56,452.66,1058926
2025-05-12,456.47,458.0,452.37,454.42,1945023
2025-05-13,454.3,455.96,450.09,450.67,1666379
2025-05-14,447.23,448.67,439.57,445.97,1941350
2025-05-15,445.97,455.0,445.97,454.22,2279549
2025-05-16,455.76,458.36,451.955,457.77,1850524
2025-05-19,457.77,461.65,455.3,460.33,1640507
2025-05-20,461.36,461.71,457.86,459.85,1329671
2025-05-21,456.72,459.085,453.79,455.5,1867558
2025-05-22,456.08,459.11,453.625,459.0,1654382
2025-05-23,453.57,460.47,453.57,458.9,1627136
2025-05-27,463.26,468.13,462.5055,467.95,3330804
2025-05-28,466.11,467.045,462.1,462.51,2692904
2025-05-29,463.95,464.9577,461.14,464.08,1306844
2025-05-30,466.55,469.1,460.62,467.58,4344892
2025-06-02,465.165,466.35,461.32,464.57,1865696
2025-06-03,462.31,472.28,462.0,471.82,2606559
2025-06-04,471.14,475.475,468.965,473.77,2092877
2025-06-05,474.0,474.8831,469.33,470.26,1680570
2025-06-06,473.4,475.23,471.252,472.71,1352754
2025-06-09,472.165,475.94,468.1,472.17,1616184
2025-06-10,472.39,476.0,471.74,475.56,1859638
2025-06-11,473.745,474.535,467.385,468.54,2734175
2025-06-12,468.42,472.145,466.46,470.53,1572760
2025-06-13,470.64,472.89,465.13,465.98,1415831
2025-06-16,466.81,469.56,464.88,466.6,1586511
2025-06-17,465.07,465.5699,460.2,460.9,1272831
2025-06-18,460.9,462.43,458.27,458.7,1223232
2025-06-20,462.49,463.2441,455.38,455.86,4365028
2025-06-23,457.31,460.06,452.95,459.75,1611036
2025-06-24,460.87,463.93,458.89,463.16,1470666
2025-06-25,461.73,463.82,459.73,460.2,1608895
2025-06-26,460.82,466.435,458.51,464.46,1982990
2025-06-27,464.535,467.3747,461.85,463.79,2643151
2025-06-30,466.2,470.04,463.55,469.18,1856256
2025-07-01,469.79,477.84,468.97,476.75,1856437
2025-07-02,476.03,478.72,474.44,477.17,1423140
2025-07-03,476.62,477.2102,474.0,475.58,952724
2025-07-07,472.365,473.7,467.79,469.59,2099504
2025-07-08,468.38,471.79,467.525,469.95,1627633
2025-07-09,472.41,476.4649,467.56,471.27,1522499
2025-07-10,472.04,472.215,469.05,470.34,2238529
2025-07-11,469.01,469.62,464.48,468.81,1326472
2025-07-14,468.43,470.0,466.3,468.78,1133100
2025-07-15,468.17,469.26,460.07,460.56,1263854
2025-07-16,460.5,462.54,456.0,459.67,1438233
2025-07-17,458.85,462.12,457.065,461.29,1514971
2025-07-18,463.89,465.47,461.03,465.01,2267611
2025-07-21,465.01,476.23,464.2219,470.43,1797727
2025-07-22,470.43,476.38,468.91,472.02,1405497
2025-07-23,473.47,474.2,469.7,469.99,1193855
2025-07-24,466.64,472.16,462.44,471.49,1383213
2025-07-25,472.44,473.66,468.57,472.89,1212138
2025-07-28,468.75,471.35,466.01,467.46,1283683
2025-07-29,469.895,471.67,467.25,471.51,1386154
2025-07-30,471.4,472.335,465.26,466.23,1301638
2025-07-31,458.41,467.6,458.41,460.26,2228608
2025-08-01,458.33,462.51,449.32,459.41,2219355
2025-08-04,459.86,468.49,459.86,467.4,1684882
2025-08-05,467.94,471.035,465.97,469.84,1691004
2025-08-06,471.77,473.38,467.95,471.48,1275905
2025-08-07,473.33,475.79,467.485,469.43,1090515
2025-08-08,469.0,473.39,468.69,472.42,939268
2025-08-11,471.1,473.43,466.13,470.38,1069158
2025-08-12,470.5,474.48,469.94,473.23,1347707
2025-08-13,474.57,476.15,468.5,475.63,1797869
2025-08-14,475.71,478.6,472.62,477.63,1545452
2025-08-15,480.88,482.67,478.575,480.08,1951311
2025-08-18,480.43,481.05,477.16,478.51,1218071
2025-08-19,478.47,482.82,476.545,479.92,1512394
2025-08-20,482.79,486.38,480.5,482.36,1160981
2025-08-21,481.4,482.91,480.05,480.71,1263490
2025-08-22,484.06,485.73,479.69,481.67,1782492
2025-08-25,481.92,483.9999,476.68,477.85,1151854
2025-08-26,476.29,482.09,475.01,481.92,1699531
2025-08-27,480.16,483.82,479.375,482.71,2259643
2025-08-28,482.56,483.01,479.13,482.15,2579179
2025-08-29,482.175,483.32,477.0,478.29,2058214
2025-09-02,477.17,477.17,472.5,474.14,1262546
2025-09-03,471.81,474.23,470.0,471.78,1392470
2025-09-04,470.76,472.93,468.61,472.39,1660620
2025-09-05,471.15,475.05,466.59,469.52,1066225
2025-09-08,469.66,475.07,466.6,474.63,1677227
2025-09-09,473.12,474.52,470.38,473.44,2966407
2025-09-10,472.93,474.932,469.485,472.7,1551574
2025-09-11,472.91,484.44,472.48,483.59,1907357
2025-09-12,479.16,483.915,479.14,482.04,2069712
2025-09-15,481.38,483.3,475.52,476.73,1130753
2025-09-16,476.44,478.435,470.9,471.47,1470549
2025-09-17,473.9,481.38,472.01,479.86,1698954
2025-09-18,478.89,479.94,471.295,476.0,1650959
2025-09-19,477.505,480.88,474.0,479.01,3742089
2025-09-22,476.98,478.68,474.29,477.76,1562741
2025-09-23,478.42,482.97,474.65,479.94,1462920
2025-09-24,479.6,481.735,473.32,474.13,1579448
2025-09-25,474.13,476.35,469.91,473.78,1536846
2025-09-26,472.73,475.1569,470.72,474.41,1476401
2025-09-29,474.74,476.71,471.4,476.49,1859873
2025-09-30,473.7,478.78,473.23,475.0,2171280
2025-10-01,472.78,475.077208,460.8,466.81,2286159
2025-10-02,463.43,470.285,462.95,469.48,1677562
2025-10-03,467.02,469.43,463.0,466.73,1250654
2025-10-06,466.73,470.565,465.095,468.55,1539321
2025-10-07,468.1,470.57,465.89,470.37,1283351
2025-10-08,470.31,471.69,467.53,467.83,1208561
2025-10-09,467.85,470.0,457.51,458.16,1500040
2025-10-10,458.07,463.04,452.92,453.82,2038864
2025-10-13,456.56,459.795,455.0,456.64,1287387
2025-10-14,453.25,462.07,453.0675,459.25,1664829
2025-10-15,459.03,461.53,450.79,451.42,1838094
2025-10-16,452.04,452.47,440.95,444.24,3034026
2025-10-17,444.2,451.33,442.89,450.89,2365290
2025-10-20,452.36,455.24,449.71,451.56,1895917
2025-10-21,450.55,452.4531,448.38,450.08,1766104
2025-10-22,450.33,455.075,447.75,449.92,1856806
2025-10-23,452.58,452.67,448.66,450.08,1526952
2025-10-24,449.54,450.4,445.59,446.0,1593424
2025-10-27,447.65,450.145,444.26,444.82,2337828
2025-10-28,445.465,447.22,441.99,442.72,2110529
2025-10-29,438.79,439.44,431.22,432.01,4087235
2025-10-30,432.45,435.19,428.61,429.91,3635314
2025-10-31,425.0,426.405,414.47,418.3,4072953
2025-11-03,422.25,422.25,409.0,412.18,4908125
2025-11-04,416.17,421.32,414.0,417.94,3483524
2025-11-05,416.29,419.79,415.0,418.23,3074569
2025-11-06,416.35,419.485,413.59,415.32,3444026
2025-11-07,417.0,422.82,414.0,420.51,2563316
2025-11-10,420.52,422.17,415.92,420.67,2624532
2025-11-11,425.74,428.4,421.9401,426.65,2477834
2025-11-12,428.0,431.56,424.895,428.96,2592959
2025-11-13,427.2,429.0,420.92,428.64,2873668
2025-11-14,428.64,430.1,423.07,423.39,2469911
2025-11-17,421.61,423.38,417.56,417.85,2249330
2025-11-18,418.725,419.38,413.65,414.72,2586796
2025-11-19,414.73,416.07,410.73,413.2,2635582
2025-11-20,414.6,415.95,408.21,408.51,2723627
2025-11-21,407.38,416.42,406.42,412.74,3100121
2025-11-24,410.24,412.455,406.71,407.67,4038299
2025-11-25,411.67,412.87,406.09,407.85,3580072
2025-11-26,407.5,410.49,407.025,407.9,2591627
2025-11-28,407.82,411.58,406.465,410.32,1160830
2025-12-01,410.02,411.565,406.72,407.14,2075233
2025-12-02,408.0,411.32,404.27,408.79,2139769
2025-12-03,408.34,411.0156,406.0,409.15,1957606
2025-12-04,407.605,408.73,401.93,403.73,2859902
2025-12-05,403.96,404.6088,398.93,399.57,3183625
2025-12-08,398.76,399.42,387.78,389.38,4466595
2025-12-09,391.21,396.83,390.1,390.38,3570559
2025-12-10,389.62,394.35,389.0,392.68,5121711
2025-12-11,395.24,404.29,394.87,403.3,3272477
2025-12-12,406.75,418.02,406.75,416.24,4726840
2025-12-15,417.425,421.51,410.0,416.99,4798106
2025-12-16,418.53,424.45,414.9,423.51,3960542
2025-12-17,423.0,424.41,420.78,422.34,4766389
2025-12-18,421.53,424.48,418.47,418.99,3370783
2025-12-19,418.03,423.39,417.19,421.43,6048487
2025-12-22,421.555,425.29,420.53,423.51,2354168
2025-12-23,423.6,425.33,423.0,425.1,1656550
2025-12-24,424.605,426.63,424.135,424.9,830136
2025-12-26,425.4,426.0,423.41,424.77,1328167
2025-12-29,423.85,427.3,423.75,426.54,2240369
2025-12-30,424.0,429.46,423.4,428.36,1502047
2025-12-31,427.11,429.0,426.28,426.39,1569172
2026-01-02,426.28,430.81,422.08,429.11,2202468
2026-01-05,425.61,433.99,424.07,433.1,2617886
2026-01-06,434.07,438.995,433.46,437.16,2359828
2026-01-07,436.91,439.02,432.8868,434.14,2322478
2026-01-08,433.435,442.43,432.41,439.69,2801645
2026-01-09,437.82,445.045,437.17,444.08,1787920
2026-01-12,442.38,445.98,439.39,443.63,2284903
2026-01-13,443.97,444.67,440.09,442.9,1790381
2026-01-14,441.83,444.36,437.9,439.98,2542394
2026-01-15,441.78,444.0,437.74,440.04,2336558
2026-01-16,439.46,440.53,435.66,438.96,3297013
2026-01-20,434.32,434.91,429.17,433.15,2937181
2026-01-21,433.47,440.95,433.03,439.35,2633296
2026-01-22,439.85,447.29,439.85,445.64,2214023
2026-01-23,443.24,451.98,443.065,451.57,1639075
2026-01-26,452.63,455.58,452.152,455.03,1945547
2026-01-27,455.03,457.0,452.44,453.03,1918776
2026-01-28,452.68,453.49,449.0,451.5,2281310
2026-01-29,452.91,456.04,448.16,455.0,2717515
2026-01-30,452.63,457.37,451.5925,456.97,2816719
2026-02-02,459.35,462.37,458.0,460.16,2191765
2026-02-03,458.39,466.81,458.28,463.57,2902685
2026-02-04,466.21,477.33,465.625,473.33,3420650
2026-02-05,471.07,474.38,459.26,459.69,3453396
2026-02-06,455.895,457.99,445.0,448.24,3132843
2026-02-09,448.17,457.5,444.02,456.34,3610775
2026-02-10,454.32,464.1599,454.18,460.51,2567812
2026-02-11,458.425,467.66,455.28,467.51,2392724
2026-02-12,469.92,477.55,469.48,472.86,3757596
2026-02-13,474.17,488.535,473.35,481.0,4412910
2026-02-17,479.13,483.77,478.01,482.22,2249585
2026-02-18,482.825,488.27,482.6,485.28,2451033
2026-02-19,484.9,490.55,482.2,490.11,3072563
2026-02-20,488.24,498.35,488.0,496.51,3202440
2026-02-23,493.55,500.57,492.77,498.19,2159547
2026-02-24,497.855,504.49,494.57,504.0,2761851
2026-02-25,506.845,509.615,500.39,508.27,3483606
2026-02-26,506.89,510.6523,497.45,498.51,1945597
2026-02-27,498.27,509.53,498.27,508.08,3239511
2026-03-02,508.0,510.05,499.52,509.34,3071793
2026-03-03,500.0,503.65,491.59,501.68,3815276
2026-03-04,502.21,503.99,497.335,499.19,2907030
2026-03-05,495.59,497.26,488.5501,490.06,3786410
2026-03-06,488.0,488.3,479.685,484.74,2195627
2026-03-09,482.66,486.54,478.83,483.62,2279531
2026-03-10,480.79,483.04,474.63,477.94,2505605
2026-03-11,477.16,482.03,471.14,481.55,2007685
2026-03-12,480.39,492.805,477.525,490.41,2908920
2026-03-13,498.0,500.01,492.62,493.92,2648765
2026-03-16,494.29,498.48,490.885,497.41,2217722
2026-03-17,497.41,500.34,493.23,494.05,2471139
2026-03-18,491.44,494.47,488.375,488.57,2200781
2026-03-19,488.68,491.78,483.46,489.8,2744657
2026-03-20,492.9,495.81,484.34,488.15,6334079
2026-03-23,488.86,490.26,477.33,478.05,2794268
2026-03-24,473.93,486.84,473.44,479.84,3182049
2026-03-25,483.15,492.41,481.95,492.34,2086004
2026-03-26,491.25,500.31,491.15,495.49,3051692
2026-03-27,497.61,498.26,486.425,491.12,2154069
2026-03-30,495.85,503.63,494.85,499.26,2458726
2026-03-31,496.14,500.28,491.91,495.76,2761449
2026-04-01,492.82,494.44,488.49,493.83,2472758
2026-04-02,500.0,502.7,494.37,502.6,2127736
2026-04-06,503.66,503.66,497.27,499.47,1488654
2026-04-07,499.79,500.49,490.19,494.59,1703808
2026-04-08,487.995,500.87,482.77,500.48,2543965
2026-04-09,499.46,507.175,497.525,503.3,1918952
2026-04-10,505.95,506.33,499.73,503.15,1153043
2026-04-13,503.61,509.23,502.79,508.87,2247788
2026-04-14,502.5,503.38,494.655,499.65,1956855
2026-04-15,496.47,499.64,490.89,497.94,1553032
2026-04-16,496.795,500.71,495.05,499.22,1630842
2026-04-17,496.56,497.96,488.0,492.23,3012439
2026-04-20,494.65,501.36,492.515,498.15,1717553
2026-04-21,495.57,498.0,492.32,494.84,1544461
2026-04-22,496.46,501.23,493.935,494.62,1554875
2026-04-23,499.045,508.26,498.1,508.06,1716359
2026-04-24,507.22,510.65,501.755,510.3,1486896
2026-04-27,510.28,512.96,506.52,510.75,1773908
2026-04-28,513.0,515.63,509.0,510.29,2743491
2026-04-29,508.2,509.0,503.46,504.71,1440021
2026-04-30,501.98,507.65,499.66,501.14,3036825
2026-05-01,503.355,521.28,502.0,507.92,2578300
2026-05-04,503.58,506.3,492.51,493.55,2406595
2026-05-05,494.59,503.205,490.4,500.29,1902759
2026-05-06,497.53,505.17,497.07,501.87,2289311
2026-05-07,500.93,503.74,493.51,493.85,1937999
2026-05-08,494.0,497.58,492.26,493.16,1686284
2026-05-11,493.91,506.21,493.85,504.4,1769292
2026-05-12,504.19,505.78,496.74,503.87,1430782
2026-05-13,504.205,515.7525,503.68,513.26,2359017
2026-05-14,514.05,514.79,508.29,511.65,1968968
2026-05-15,516.77,517.005,504.13,506.11,2157285
2026-05-18,506.42,514.13,504.65,510.86,1881315
2026-05-19,508.71,510.37,504.8,506.07,2104892
2026-05-20,500.295,512.39,499.97,506.63,2044012
2026-05-21,509.46,516.525,505.751,514.51,1655670
2026-05-22,517.02,521.23,514.98,517.58,1454181
2026-05-26,517.85,519.075,512.69,514.97,2099657
2026-05-27,512.98,515.84,507.69,507.87,1595136
2026-05-28,507.84,508.25,498.58,501.98,2266959
2026-05-29,500.0,502.53,495.3251,497.69,4482086
2026-06-01,496.15,498.34,488.88,497.41,2507327
2026-06-02,493.47,499.79,490.44,495.91,3010871
2026-06-03,498.15,512.21,496.14,507.57,2283553
2026-06-04,508.61,512.16,504.51,507.45,2996018
2026-06-05,512.29,517.62,507.02,507.9,2886197
2026-06-08,507.13,510.27,499.9501,501.92,1890514
2026-06-09,507.95,517.08,506.36,515.59,2956558
2026-06-10,522.25,522.8884,504.965,509.16,2572086
2026-06-11,514.02,518.59,512.0001,515.44,2259494
2026-06-12,518.4,525.82,517.1901,523.57,2191295
2026-06-15,519.07,525.87,517.77,521.48,2860689
2026-06-16,520.56,523.64,513.5725,518.17,2490890
2026-06-17,514.03,519.6,511.41,515.85,2090926
