rebalance_date,hold_end,n_universe,n_with_signal,n_delisted,long_ret,short_ret,ls_ret,ls_gross,ls_cost,ls_ba_cost,ls_borrow_cost,long_scale,short_scale,mean_beta_long,mean_beta_short,long_turnover,short_turnover,avg_turnover,mkt_ret,ic,n_long,n_short
2015-01-01,2015-02-01,361,361,0,-0.03351127583630312,0.026019708903202925,-0.027159080921805568,-0.0021542382513247763,0.025004842670480792,0.024156839772638442,0.0008480028978423484,1.3303744104816326,0.6696255895183675,0.6986459114332337,1.3880303517476262,1.0,1.0,1.0,-0.041703045126123814,0.16287580575695404,73,73
2015-02-01,2015-03-01,359,359,0,0.06411864476203223,-0.07805747956467693,0.014714867575589603,0.03268397106584096,0.017969103490251347,0.01692010766895314,0.0010489958212982055,1.2015366680863409,0.7984633319136594,0.7918917860011953,1.1916477313446692,0.5833333333333334,0.6527777777777778,0.6180555555555556,0.06450643294555407,-0.017107836271870444,72,72
2015-03-01,2015-04-01,362,362,0,0.02143520984734978,-0.011308527769828942,0.01954255372467459,0.036734290921969344,0.017191737197294756,0.01627504082616134,0.0009166963711334189,1.2875625182817796,0.7124374817182204,0.7148539561568642,1.2919297252205273,0.6301369863013698,0.6301369863013698,0.6301369863013698,0.0037165824803454934,0.11591737965122725,73,73
2015-04-01,2015-05-01,360,360,0,-0.0184865520466644,0.013361719852897464,-0.009292279166385654,0.011985195374729462,0.021277474541115112,0.020094039406324017,0.0011834351347910952,1.1308531585563375,0.8691468414436625,0.8503262543166898,1.1063655583217558,0.6944444444444444,0.7777777777777778,0.7361111111111112,-0.0010647112124466491,0.014031359168882452,72,72
2015-05-01,2015-06-01,369,369,1,0.008399035445966145,0.004399250182447963,0.013006691672641053,0.03223702145420232,0.01923032978156126,0.017971914977682562,0.0012584148038786997,1.0521043082306956,0.9478956917693044,0.8725974361424096,0.9685280035431614,0.6756756756756757,0.6891891891891891,0.6824324324324325,0.010304379373492887,0.11866969745479379,74,74
2015-06-01,2015-07-01,374,374,1,-0.004404933332518026,-0.017178589358627504,-0.019169010122897186,-0.002492365817528571,0.016676644305368617,0.015670171455971663,0.0010064728493969523,1.189022826613857,0.810977173386143,0.794337605431682,1.16462654670349,0.6133333333333333,0.6266666666666667,0.62,0.00033088005709023285,0.03492262877064171,75,75
2015-07-01,2015-08-01,391,391,1,-0.025792782612068726,0.005400396761883008,-0.027113772020553505,-0.010247252929371245,0.016866519091182256,0.01578400977529142,0.0010825093158908358,1.2154761491218995,0.7845238508781004,0.7666227175774681,1.187741618750622,0.5949367088607594,0.620253164556962,0.6075949367088607,-0.03986124994395056,0.04791622334552551,79,79
2015-08-01,2015-09-01,394,394,1,-0.06938649188190363,0.10331143917389388,-0.00012147585820664053,0.018952898650199668,0.01907437450840632,0.018052777433560534,0.0010215970748457864,1.197144360340928,0.8028556396590719,0.7420434024998317,1.1064667551044325,0.6582278481012658,0.7215189873417721,0.6898734177215189,-0.07162086986186793,0.15765971442640273,79,79
2015-09-01,2015-10-01,417,417,1,-0.02208024481933201,0.0843353506678493,0.029500028445823768,0.049793687856662466,0.02029365941083871,0.019337996502048524,0.000955662908790186,1.307803355821461,0.6921966441785391,0.686554458502562,1.2971432790596509,0.6785714285714286,0.7738095238095238,0.7261904761904763,-0.05936164854178844,0.29379633321391774,84,84
2015-10-01,2015-11-01,424,424,1,0.07532686836486965,-0.13186029717967893,0.01784750709437191,0.033563322993142075,0.01571581589877016,0.014840227932809341,0.0008755879659608196,1.3590035884398837,0.6409964115601161,0.6690034254247399,1.4183824424507374,0.5294117647058824,0.6,0.5647058823529412,0.08234282412855498,0.036088034571516284,85,85
2015-11-01,2015-12-01,401,401,1,0.003579695541225323,-0.04004161112583768,-0.020075992136091105,-0.003028535988668205,0.0170474561474229,0.016197906127554677,0.0008495500198682242,1.3756403624858333,0.6243596375141666,0.6221571603567202,1.3707876841684148,0.6125,0.6625,0.6375,0.026288780810050344,-0.031951108928099145,80,80
2015-12-01,2016-01-01,400,398,1,-0.061431011158713245,0.03257465837847424,-0.059739585899944214,-0.0440438050834427,0.01569578081650152,0.014822655372523705,0.0008731254439778124,1.3285252184442788,0.6714747815557213,0.6534578323586511,1.2928783527313468,0.55,0.6625,0.60625,-0.055785436772974636,0.03948256642439678,80,80
2016-01-01,2016-02-01,412,410,1,-0.040921858579441354,0.17157053328468547,0.061715634551905686,0.07753968254116418,0.015824047989258495,0.014906905351136944,0.0009171426381215511,1.3244023917685297,0.6755976082314702,0.6932331316515182,1.358974049680023,0.5,0.6585365853658537,0.5792682926829269,-0.09944611480590097,0.3967836897507697,82,82
2016-02-01,2016-03-01,427,425,1,0.04057332023631078,-0.10329454538417647,-0.010498076491858806,0.005476016424143672,0.01597409291600249,0.01510356354841421,0.0008705293675882807,1.3629938376493862,0.6370061623506136,0.6506137377494055,1.3921097905397983,0.5882352941176471,0.5529411764705883,0.5705882352941176,0.04679720838839071,-0.04481921495677729,85,85
2016-03-01,2016-04-01,412,410,1,0.06339824931573601,-0.07944783720931949,0.03514042907689617,0.052751817351499794,0.01761138827460362,0.016740051402260318,0.000871336872343301,1.3583578536574106,0.6416421463425894,0.6150672778155419,1.3020987977656013,0.6097560975609756,0.6097560975609756,0.6097560975609756,0.0760111994505304,-0.05599635754714229,82,82
2016-04-01,2016-05-01,402,400,1,-0.017582540992874214,-0.06652973703652097,-0.06413964111574724,-0.048608245534341656,0.015531395581405576,0.014703619212940503,0.0008277763684650725,1.4080445567471962,0.5919554432528039,0.6317017276196235,1.5025863672694553,0.5875,0.5625,0.575,0.025974445227640162,-0.19724845728694723,80,80
2016-05-01,2016-06-01,398,396,1,0.004666136091558719,-0.011180970377766077,-0.0007475477204831656,0.015067771807774034,0.015815319528257203,0.014973843972538883,0.0008414755557183181,1.3639330988838823,0.6360669011161176,0.6497293300463681,1.3932297640560818,0.6,0.525,0.5625,0.00998169405406357,0.04979038222031559,80,80
2016-06-01,2016-07-01,395,393,1,0.008543158819221578,-0.004692383714784926,0.007944592157891686,0.02652059176666369,0.018575999608772004,0.01763987435890969,0.0009361252498623132,1.309304816401493,0.6906951835985069,0.6758255811269096,1.28111750223404,0.6708860759493671,0.6708860759493671,0.6708860759493671,0.013258145616808622,0.06729644622602791,79,79
2016-07-01,2016-08-01,414,412,1,0.0550436375437631,-0.029243259327691895,0.04393382329509338,0.062222058936126895,0.01828823564103351,0.017240971034993932,0.001047264606039578,1.2151395501803475,0.7848604498196524,0.7697584119475868,1.1917582172174173,0.6506024096385542,0.6506024096385542,0.6506024096385542,0.048299711498420675,0.10124603562587393,83,83
2016-08-01,2016-09-01,403,401,1,2.9231998665040643e-05,-0.06868708688734025,-0.049685762277943475,-0.03290711810797771,0.016778644169965752,0.015856608444597194,0.0009220357253685601,1.276092970611608,0.723907029388392,0.7027000525379379,1.2387096147549153,0.6049382716049383,0.5802469135802469,0.5925925925925926,0.03078177234094376,-0.0846532921427774,81,81
2016-09-01,2016-10-01,396,394,1,0.008451282109694267,-0.06107516093997487,-0.03312893284918883,-0.01429654823482547,0.018832384614363356,0.017881590731329656,0.0009507938830336991,1.2803961360020206,0.7196038639979793,0.6786306000949883,1.2074921239400065,0.6708860759493671,0.6708860759493671,0.6708860759493671,0.03611781166436862,-0.08295614179656002,79,79
2016-10-01,2016-11-01,387,385,1,-0.053919305974698795,0.13997624534773598,0.036454341388639316,0.054346033337331096,0.01789169194869178,0.01689737362629569,0.0009943183223960902,1.2558212276975464,0.7441787723024538,0.7463061821731828,1.259411287741061,0.6363636363636364,0.6883116883116883,0.6623376623376623,-0.08943608746123162,0.31624890653388066,77,77
2016-11-01,2016-12-01,404,402,1,0.12970727958870365,-0.15509541282647268,0.03160458781255446,0.04905206952900276,0.017447481716448315,0.01638721421080102,0.001060267505647296,1.2001129995191242,0.7998870004808757,0.7808408766063084,1.1715370871232755,0.5555555555555556,0.691358024691358,0.6234567901234568,0.12362283173601395,0.05321148443816085,81,81
2016-12-01,2017-01-01,387,385,1,0.031358583681592465,-0.018353438856314398,0.03171458718861753,0.04988565587010578,0.018171068681488257,0.017387756417293183,0.0007833122641950719,1.3763564910092516,0.6236435089907483,0.6495858781350112,1.4336102708515976,0.6493506493506493,0.7272727272727273,0.6883116883116883,0.022156406461213116,0.12367841698019111,77,77
2017-01-01,2017-02-01,384,382,1,-0.03381230287364831,-0.047546164892784355,-0.07766580483579597,-0.057173091776423976,0.020492713059372,0.01948753810696357,0.0010051749524084312,1.2688728724295855,0.7311271275704146,0.7295925387502161,1.2662095898746701,0.6883116883116883,0.7532467532467533,0.7207792207792207,0.002499738214380113,-0.09036729193374309,77,77
2017-02-01,2017-03-01,391,389,1,0.019893055939819684,-0.053050964659795495,-0.017271438251542905,0.0015815379295677223,0.018852976181110634,0.017805878098186796,0.0010470980829238368,1.2177898933708724,0.7822101066291277,0.7394364254940602,1.151197354937652,0.6282051282051282,0.6666666666666666,0.6474358974358974,0.03806840003988744,0.016951298272395807,78,78
2017-03-01,2017-04-01,393,391,1,-0.01818801728905458,-0.02345617671458057,-0.04035194969506465,-0.0223097934729903,0.018042156222074345,0.01712026698360576,0.0009218892384685837,1.2452933186321486,0.7547066813678515,0.7399651292310988,1.2209692244703032,0.6582278481012658,0.6835443037974683,0.6708860759493671,-0.0009063470356434067,-0.028858805390538336,79,79
2017-04-01,2017-05-01,404,402,1,0.034703530979456776,0.013708443955064546,0.05284687215619918,0.07198548774863939,0.019138615592440216,0.018075924494504136,0.0010626910979360795,1.2112350006706505,0.7887649993293494,0.7565200023515363,1.1617192780292371,0.691358024691358,0.6666666666666666,0.6790123456790123,0.028886138011818246,0.21979128044550333,81,81
2017-05-01,2017-06-01,406,404,1,-0.031110735686735655,0.002575775467210927,-0.035801017550088694,-0.018790984516603264,0.01701003303348543,0.016035172412166232,0.0009748606213192001,1.2156963449660385,0.7843036550339615,0.758008867638407,1.1749385635592307,0.6172839506172839,0.654320987654321,0.6358024691358024,-0.013063176850316667,0.034969395966326845,81,81
2017-06-01,2017-07-01,428,426,2,0.01458513635517145,-0.03772296866175987,-0.016160924465528678,0.00455808128175705,0.020719005747285725,0.019567810855420694,0.0011511948918650305,1.1333810092872114,0.8666189907127886,0.8437080922165006,1.1034176949129877,0.6627906976744186,0.8023255813953488,0.7325581395348837,0.022783107124102673,-0.015123418679135291,86,86
2017-07-01,2017-08-01,428,426,2,0.005890930792406646,0.02148876523276256,0.024127047887075415,0.041878224393037476,0.01775117650596206,0.01668351790157559,0.0010676586043864694,1.208532033759654,0.7914679662403462,0.7963195238162512,1.2159401197393838,0.5813953488372093,0.686046511627907,0.6337209302325582,-0.017141329398491268,0.1302855377754547,86,86
2017-08-01,2017-09-01,417,415,2,-0.03466287713183365,-0.046862580806582815,-0.0791054591828515,-0.06136784899745197,0.01773761018539953,0.01668755938029476,0.0010500508051047718,1.1983653718224208,0.8016346281775791,0.7363821449928254,1.1008192909453962,0.6506024096385542,0.6265060240963856,0.6385542168674698,0.002135610394835376,-0.11342009203622685,83,83
2017-09-01,2017-10-01,414,412,2,0.06898892095576079,-0.08771067682581815,0.017538892395944,0.03604915737556398,0.018510264979619977,0.01749621243122841,0.0010140525483915677,1.23140230593664,0.7685976940633599,0.7764943683512017,1.244053895971826,0.6506024096385542,0.7349397590361446,0.6927710843373494,0.07865054518821839,0.04089970005622581,83,83
2017-10-01,2017-11-01,390,388,2,-0.012390407859100259,0.0384258980273443,0.01076456233934877,0.02820082943583755,0.017436267096488777,0.016466491779682922,0.0009697753168058536,1.3005123564672347,0.6994876435327652,0.7054162843628903,1.3115350967942734,0.5769230769230769,0.6666666666666666,0.6217948717948718,-0.031035293391350114,0.21414764629534863,78,78
2017-11-01,2017-12-01,405,403,2,0.024069656416906896,-0.05760422451287193,-0.01625681193300708,0.00374199560658834,0.019998807539595417,0.018974739957500042,0.0010240675820953767,1.211545673675198,0.7884543263248023,0.8030155978406707,1.2339206482542489,0.7654320987654321,0.6790123456790124,0.7222222222222222,0.042268149705653096,-0.08695993354847671,81,81
2017-12-01,2018-01-01,406,404,2,-0.010396883305539398,-0.0664440475909997,-0.06281578162364682,-0.04376115417940865,0.019054627444238165,0.01806480486549753,0.000989822578740633,1.2502383385796143,0.7497616614203857,0.7309988111611743,1.2189510162982182,0.6419753086419753,0.7530864197530864,0.6975308641975309,0.021415783634382388,-0.04036107309353554,81,81
2018-01-01,2018-02-01,417,415,2,-0.005760964445464275,-0.03265539134877875,-0.03084869653341072,-0.014205072890639105,0.016643623642771617,0.015675302974107456,0.0009683206686641587,1.2813839197257504,0.7186160802742495,0.688783786229827,1.2281891430899916,0.5301204819277109,0.6626506024096386,0.5963855421686748,0.009836621342847287,0.01298195267396104,83,83
2018-02-01,2018-03-01,419,418,2,-0.027266108606379576,0.02393171008395829,-0.018141672827120398,0.0005257268589704198,0.018667399686090814,0.01775020940975312,0.0009171902763376933,1.2892168979748655,0.7107831020251344,0.7187783107068194,1.3037185906936368,0.6547619047619048,0.7023809523809523,0.6785714285714286,-0.03905615722561217,0.06191171050886986,84,84
2018-03-01,2018-04-01,426,425,2,0.010976296752294223,-0.011500486282914451,0.004110944297340879,0.024579384474348476,0.020468440177007594,0.019490449371323215,0.00097799080568438,1.2062187378282923,0.7937812621717076,0.8315355062509282,1.2635895511885196,0.7647058823529411,0.6823529411764706,0.7235294117647059,0.017655999450050617,0.04732601837155728,85,85
2018-04-01,2018-05-01,429,428,2,0.023691009955310562,-0.05172401601023445,-0.008407143556115354,0.009683288321802472,0.01809043187791783,0.017089690451585315,0.001000741426332515,1.2602380924429442,0.739761907557056,0.7312855925729775,1.2457980747597457,0.6162790697674418,0.6976744186046512,0.6569767441860466,0.04629947219879031,-0.043757582765720796,86,86
2018-05-01,2018-06-01,422,421,2,0.07669319014967231,-0.13983177793757604,-0.006272180269687774,0.012063530411867987,0.018335710681555744,0.017384297923459323,0.0009514127580964198,1.2626321020645608,0.7373678979354393,0.7455738842790429,1.276683624805851,0.6235294117647059,0.7058823529411765,0.6647058823529413,0.10437888235831967,-0.018935599911293496,85,85
2018-06-01,2018-07-01,429,428,2,0.002393778784105455,-0.022740930852880398,-0.015584787589649223,0.00274790847709098,0.018332696066740203,0.017328614661431162,0.0010040814053090415,1.18947362225016,0.8105263777498398,0.7983668456734814,1.1716291164317485,0.6511627906976745,0.7325581395348837,0.6918604651162791,0.005427655456351027,0.03378757245417157,86,86
2018-07-01,2018-08-01,442,441,2,0.008771405554558293,-0.0030305354410610046,0.007880483435709192,0.026304165250893068,0.018423681815183873,0.017390159704443672,0.0010335221107402013,1.181293341748285,0.8187066582517151,0.7508256757430452,1.0833494055892001,0.6404494382022472,0.6966292134831461,0.6685393258426966,0.000993972232533612,0.11900401933684034,89,89
2018-08-01,2018-09-01,435,434,2,0.0358585454975453,-0.11516198556040445,-0.04679885915009023,-0.028729060054973693,0.01806979909511654,0.01708371750305828,0.0009860815920582598,1.2152328606253955,0.7847671393746044,0.790903826563848,1.2247356845250947,0.632183908045977,0.6551724137931034,0.6436781609195402,0.0552411489856601,-0.13484254377780075,87,87
2018-09-01,2018-10-01,424,423,3,-0.037489405605353326,0.03324003313840559,-0.023201585471826686,-0.003715851732399786,0.019485733739426896,0.018493952217403624,0.0009917815220232714,1.2679536744740714,0.7320463255259286,0.7173320528661855,1.2424675605007094,0.6470588235294118,0.7647058823529411,0.7058823529411764,-0.03136911088910644,0.06292067920353465,85,85
2018-10-01,2018-11-01,426,425,3,-0.08376822843564162,0.13057181713376143,-0.022570686481947044,-0.005749521219090253,0.016821165262856798,0.015896663971452514,0.0009245012914042856,1.3236645536571165,0.6763354463428835,0.6977910268943427,1.3656555384674907,0.6,0.6352941176470588,0.6176470588235294,-0.09135682881856161,0.14191290357790665,85,85
2018-11-01,2018-12-01,438,437,3,-0.0028028260694806873,0.018931094599235233,0.008626198136384395,0.025562488173138692,0.016936290036754294,0.016144266891620615,0.000792023145133678,1.3451779597304192,0.6548220402695808,0.6161686156561406,1.2657735847086267,0.5568181818181818,0.7045454545454546,0.6306818181818181,-0.01517872090432184,0.08694171413559393,88,88
2018-12-01,2019-01-01,439,438,3,-0.11771092688658671,0.15080868418282597,-0.045205550090580235,-0.026937803887959966,0.018267746202620245,0.017378012332778085,0.0008897338698421606,1.2916111306543565,0.7083888693456435,0.6889285123744731,1.2561289050602575,0.6477272727272727,0.6818181818181818,0.6647727272727273,-0.13931032640969426,0.22117694992865938,88,88
2019-01-01,2019-02-01,455,454,3,0.08826227666864186,-0.103239461822341,0.04046076899464758,0.06141187635436755,0.020951107359719976,0.020015141985970847,0.0009359653737491297,1.2894906050733168,0.7105093949266831,0.728642365413524,1.3223998040956126,0.7252747252747253,0.7032967032967034,0.7142857142857143,0.11090086801442542,0.0005981648924335508,91,91
2019-02-01,2019-03-01,434,433,3,0.0626946563129034,-0.09915132459937043,0.007472077810745589,0.026478160692903777,0.019006082882158187,0.018045509706749507,0.0009605731754086814,1.2714231508845657,0.7285768491154345,0.6949669607907366,1.2127712870948402,0.6436781609195402,0.6781609195402298,0.6609195402298851,0.07154594732708282,-0.01237777184955623,87,87
2019-03-01,2019-04-01,419,418,3,-0.0421373580581615,-0.04885893195823868,-0.08909675296216191,-0.06912517401022303,0.01997157895193888,0.01911341141675263,0.0008581675351862491,1.2826030156741202,0.7173969843258797,0.7354602265952178,1.3148975046581737,0.6904761904761905,0.7380952380952381,0.7142857142857143,-0.009432749343052391,-0.0487458972650186,84,84
2019-04-01,2019-05-01,440,439,3,0.003999674802213755,0.019306672754154423,0.019141495720243217,0.03813169320754828,0.018990197487305058,0.018016247582985583,0.0009739499043194736,1.272088089983505,0.7279119100164949,0.7269796651384658,1.2704589126201864,0.7045454545454546,0.6931818181818182,0.6988636363636365,0.005098883407199297,0.14471685566642378,88,88
2019-05-01,2019-06-01,442,441,3,-0.086080364174287,0.09098009259759049,-0.027986902638976657,-0.008898865191243166,0.01908803744773351,0.018014973098881004,0.001073064348852503,1.1857367345699943,0.8142632654300056,0.736058557945267,1.0718544087696458,0.6179775280898876,0.7078651685393258,0.6629213483146067,-0.09783430792707172,0.11800329761309752,89,89
2019-06-01,2019-07-01,472,471,3,0.05381700526730868,-0.12082377649046865,-0.03660242268901409,-0.016914070678036824,0.019688352010977257,0.018607110818448472,0.0010812411925287839,1.1740964981267434,0.8259035018732567,0.766247941832264,1.0892907260491869,0.631578947368421,0.7684210526315789,0.7,0.08013819607652531,-0.1297980557682707,95,95
2019-07-01,2019-08-01,448,447,3,-0.011188156708247854,0.040047946310067514,0.014091642513709817,0.031262410617560125,0.017170768103850306,0.016162188557382506,0.0010085795464678002,1.2882371261301953,0.7117628738698047,0.6866416065034033,1.2427695266459873,0.5222222222222223,0.6444444444444445,0.5833333333333334,-0.025201005272539895,0.13522231479432653,90,90
2019-08-01,2019-09-01,448,447,2,-0.04259585539803149,0.0621351751994815,-0.0012756390185819574,0.01771049860747395,0.018986137626055905,0.017984030113631172,0.001002107512424732,1.1987468155452894,0.8012531844547107,0.7279365315952759,1.089058509967448,0.6555555555555556,0.7111111111111111,0.6833333333333333,-0.058442193128365114,0.08389323051067628,90,90
2019-09-01,2019-10-01,458,457,3,0.04117066234233557,-0.024342640286744432,0.029768517818126467,0.05240973724282817,0.022641219424701712,0.021569255914323047,0.0010719635103786645,1.1975247048038653,0.8024752951961346,0.7655793970863697,1.142465378047182,0.717391304347826,0.8369565217391305,0.7771739130434783,0.0317964041361307,0.12221411306394835,92,92
2019-10-01,2019-11-01,445,444,3,0.06855761956684858,-0.05395672949738743,0.05779936781829777,0.07661012984737861,0.01881076202908084,0.017950223092425728,0.0008605389366551105,1.3525993328845671,0.6474006671154326,0.6756347755234298,1.411588206602299,0.6741573033707865,0.6966292134831461,0.6853932584269663,0.05902010184863621,0.08783624799762714,89,89
2019-11-01,2019-12-01,417,416,3,0.003752499654933736,-0.06701257852199505,-0.046522361277066285,-0.030088060464768668,0.01643430081229762,0.015495289770540072,0.000939011041757548,1.2365251056198499,0.7634748943801499,0.7378610658552868,1.195040909799961,0.5119047619047619,0.6904761904761905,0.6011904761904762,0.03074383288311761,-0.09395865534462104,84,84
2019-12-01,2020-01-01,422,421,3,0.029023793391352123,-0.0902451388272424,-0.021945447313158638,-0.006261617753290261,0.01568382955986838,0.014830749686447625,0.0008530798734207552,1.3293053554864338,0.6706946445135663,0.6205624897136998,1.2299442790223896,0.5411764705882353,0.6352941176470588,0.588235294117647,0.06336923016017205,-0.052397250814839896,85,85
2020-01-01,2020-02-01,418,417,3,-0.05416577026970728,0.03826972019605657,-0.050104396361282624,-0.03303236524740169,0.017072031113880927,0.016201280027437384,0.0008707510864435433,1.370078052437034,0.6299219475629659,0.6455248294379516,1.4040142664305124,0.5595238095238095,0.7023809523809523,0.6309523809523809,-0.04749601616583856,0.12176381456483691,84,84
2020-02-01,2020-03-01,432,431,3,-0.12435023467221319,0.038312083756011195,-0.1126205012482226,-0.09487590327644599,0.017744597971776587,0.016579723977925592,0.0011648739938509938,1.1634204564946626,0.8365795435053375,0.8431663199814334,1.1725806021785248,0.5977011494252874,0.5977011494252874,0.5977011494252874,-0.09332875947841829,-0.08348817477055659,87,87
2020-03-01,2020-04-01,461,460,3,-0.24722617757418575,0.2883145543834694,-0.038708645862520735,-0.01982551529175952,0.018883130570761204,0.017724027200534866,0.0011591033702263358,1.1490027142848847,0.8509972857151156,0.7324829053739418,0.9889865227181045,0.6521739130434783,0.6195652173913043,0.6358695652173914,-0.30189397200415957,0.14305323625882183,92,92
2020-04-01,2020-05-01,512,511,3,0.184460155290727,-0.4234820562254928,-0.1009275584675797,-0.07896933459345581,0.021958223874123918,0.02096091687219898,0.0009973070019249383,1.227150442675754,0.7728495573242463,0.7982426152809681,1.2674701944530182,0.7184466019417476,0.7766990291262136,0.7475728155339806,0.2670407239824795,-0.21152526815955558,103,103
2020-05-01,2020-06-01,483,482,3,0.12398147725652117,-0.201720522242455,0.011409725777395463,0.02943299525497023,0.018023269477574783,0.017078993302103457,0.000944276175471326,1.2737126910503032,0.7262873089496967,0.7338771642492962,1.2870232568542346,0.5876288659793815,0.6185567010309279,0.6030927835051547,0.1409748702527564,-0.13636172570849628,97,97
2020-06-01,2020-07-01,472,471,3,-0.008373857851062391,-0.04867211265168355,-0.05094638780822137,-0.032383451337789845,0.018562936470431522,0.01739180541720282,0.0011711310532287022,1.151360964009552,0.8486390359904481,0.7801662541255701,1.0584629416550286,0.5684210526315789,0.6526315789473685,0.6105263157894737,0.06496287588136004,-0.091056990682069,95,95
2020-07-01,2020-08-01,492,491,3,0.03680878212759729,-0.08468613806952904,-0.023863171779465495,-0.005561561002122399,0.01830161077734309,0.01717030703822499,0.0011313037391181,1.197655870084964,0.8023441299150361,0.7604421534430239,1.1351089575834894,0.5757575757575758,0.6161616161616161,0.595959595959596,0.04941898837279665,0.05532461497914719,99,99
2020-08-01,2020-09-01,493,492,3,0.0075083566216672375,-0.04447953150307021,-0.02870247185360473,-0.009947040347705782,0.018755431505898954,0.01762322968218391,0.001132201823715042,1.159050565931024,0.8409494340689762,0.7995914716150002,1.1020483636034781,0.5858585858585859,0.6363636363636364,0.6111111111111112,0.054085288036903885,-0.04745206927081975,99,99
2020-09-01,2020-10-01,489,488,3,-0.04372414613962801,-0.017066515624377637,-0.0671177404111604,-0.048396423182654934,0.018721317228505476,0.01765675617997437,0.001064561048531105,1.2373458752658137,0.7626541247341861,0.748203398596621,1.2139007173613126,0.5918367346938775,0.6836734693877551,0.6377551020408163,-0.03386413894548874,-0.06796244775339275,98,98
2020-10-01,2020-11-01,489,488,3,-0.0042993841329399644,0.022318717224353437,0.011738515875311262,0.030380743424316955,0.018642227549005692,0.017554387240531506,0.0010878403084741877,1.2359603764293752,0.7640396235706249,0.752020210400215,1.2165169889815686,0.6122448979591837,0.6224489795918368,0.6173469387755102,0.002932466745201118,0.11246333179857544,98,98
2020-11-01,2020-12-01,476,474,3,0.15535657764732383,-0.3091854913465888,-0.05198385269803718,-0.03511424324255255,0.016869609455484626,0.015842111865682115,0.0010274975898025113,1.2192375412237688,0.7807624587762312,0.708015871767562,1.105636574783999,0.5052631578947369,0.7052631578947368,0.6052631578947368,0.2234120098800691,-0.12280202204872584,95,95
2020-12-01,2021-01-01,460,459,4,0.052994235057293775,-0.13477951755862225,-0.020448179749798692,-0.002023917821208976,0.018424261928589713,0.017597558318015825,0.000826703610573887,1.3266542948470144,0.6733457051529855,0.7185893501121958,1.4157952449419327,0.5869565217391305,0.7717391304347826,0.6793478260869565,0.09192094043193229,-0.06172065498834945,92,92
