rebalance_date,hold_end,n_universe,mkt_ret,composite__long_ret,composite__short_ret,composite__ls_ret,composite__ls_gross,composite__ls_cost,composite__ls_ba_cost,composite__ls_borrow_cost,composite__long_scale,composite__short_scale,composite__mean_beta_long,composite__mean_beta_short,composite__avg_turnover,composite__n_long,composite__guard_fired,composite__ic,gp_alone__long_ret,gp_alone__short_ret,gp_alone__ls_ret,gp_alone__ls_gross,gp_alone__ls_cost,gp_alone__ls_ba_cost,gp_alone__ls_borrow_cost,gp_alone__long_scale,gp_alone__short_scale,gp_alone__mean_beta_long,gp_alone__mean_beta_short,gp_alone__avg_turnover,gp_alone__n_long,gp_alone__guard_fired,gp_alone__ic,residrev_alone__long_ret,residrev_alone__short_ret,residrev_alone__ls_ret,residrev_alone__ls_gross,residrev_alone__ls_cost,residrev_alone__ls_ba_cost,residrev_alone__ls_borrow_cost,residrev_alone__long_scale,residrev_alone__short_scale,residrev_alone__mean_beta_long,residrev_alone__mean_beta_short,residrev_alone__avg_turnover,residrev_alone__n_long,residrev_alone__guard_fired,residrev_alone__ic,ivolvalue_alone__long_ret,ivolvalue_alone__short_ret,ivolvalue_alone__ls_ret,ivolvalue_alone__ls_gross,ivolvalue_alone__ls_cost,ivolvalue_alone__ls_ba_cost,ivolvalue_alone__ls_borrow_cost,ivolvalue_alone__long_scale,ivolvalue_alone__short_scale,ivolvalue_alone__mean_beta_long,ivolvalue_alone__mean_beta_short,ivolvalue_alone__avg_turnover,ivolvalue_alone__n_long,ivolvalue_alone__guard_fired,ivolvalue_alone__ic
2015-01-01,2015-04-01,233,0.027931809171967747,0.07839384420091623,-0.016343061223269572,0.06210130846025876,0.09272756324429803,0.03062625478403925,0.02702191615473101,0.00360433862930824,1.0005333241822274,0.9994666758177727,1.0266693997200982,1.0277650793085658,1.0,47,False,0.13856589125240606,0.03590108253413071,-0.029262718008606622,0.017955433550048437,0.04712099022259669,0.029165556672548245,0.026354768355781273,0.002810788316766973,1.1736711015973065,0.8263288984026935,0.8036258101052292,1.14142491160776,1.0,47,False,0.1314600623095517,0.013443619623146965,-0.04437576277062717,-0.031324086135968675,0.00013624821633714118,0.031460334352305816,0.02771363592316349,0.0037466984291423247,0.9932212525927867,1.0067787474072132,1.1352172128254885,1.1199301385643707,1.0,47,False,0.0017180663547394345,0.02244502076774268,-0.0029711932170330448,0.01689948173116489,0.04561414385261713,0.028714662121452243,0.025217303458897757,0.0034973586625544873,0.8987124588624106,1.1012875411375895,1.1192318470047609,0.9133560198272485,1.0,47,False,0.10739195440246202
2015-04-01,2015-07-01,233,0.0002337042025809423,0.005800259671138581,-0.020472477163889335,-0.014876233009499563,0.005759917734780899,0.020636150744280463,0.01700144197165622,0.0036347087726242423,0.9922347063410307,1.0077652936589692,0.9661019798424494,0.9512134623965869,0.6170212765957447,47,False,-0.04308866789279772,0.016783353037137766,-0.02151529861128394,-0.002619614587232609,0.005846567340622779,0.008466181927855386,0.00506598859286026,0.0034001933349951264,1.0551541867923857,0.9448458132076142,0.9055607968766728,1.0112827435575606,0.19148936170212766,47,False,0.02643507397836242,-0.006856173396314155,-0.03179661612404795,-0.038626741967722734,-0.013579925514664574,0.025046816453058167,0.021572909826200075,0.0034739066268580903,1.0010443901467077,0.9989556098532923,1.0217558221748317,1.0238922768931296,0.7659574468085106,47,False,-0.0405467454453691,0.0038525995626883212,0.013538035832377091,0.0185834180061232,0.035066081161873444,0.016482663155750248,0.012861899048532925,0.003620764107217323,0.8768478179149576,1.1231521820850425,1.1304051012783078,0.8825101907167644,0.48936170212765956,47,False,-0.04293078782497163
2015-07-01,2015-10-01,249,-0.1628755842277167,-0.18757593022091915,0.15982669027034463,-0.03176564774693774,-0.012728711632183781,0.01903693611475398,0.01568021525886292,0.0033567208558910613,1.0115612478417222,0.9884387521582779,0.9992399628656156,1.0226151307024036,0.5800000000000001,50,False,-0.01381791046644217,-0.15621407119850172,0.1951103067618082,0.011066034552483006,0.01950865299825516,0.008442618445772161,0.004986691492403893,0.0034559269533682682,1.0792151150238927,0.9207848849761074,1.0046763048972875,1.177540891084067,0.18,50,False,0.12138593082005439,-0.22132436338167155,0.151297954376485,-0.06202721063253963,-0.035092824047939675,0.026934386584599918,0.023176739684128783,0.003757646900471136,0.9785326911689743,1.0214673088310258,1.085567967616405,1.039939052003707,0.81,50,False,-0.05729109988340459,-0.17774176260137928,0.14914176120328335,-0.03133540539401711,-0.015141453251672599,0.0161939521423445,0.01298360416636245,0.003210347975982048,1.0083681305318888,0.9916318694681113,0.9670858085625429,0.9834077936272811,0.47,50,False,-0.10313686541210387
2015-10-01,2016-01-01,277,0.06529883477992898,0.05400517519313425,-0.11480617399628934,-0.057062658317569806,-0.037365875687343994,0.01969678263022583,0.016409868578730585,0.0032869140514952444,1.0221450779437258,0.9778549220562743,1.0225106544803546,1.0688234103524457,0.5982142857142857,56,False,-0.07792067372319758,0.003639990656600383,-0.054244060645672165,-0.0422704692139884,-0.03152580892298005,0.01074466029100836,0.007524224882830973,0.0032204354081773875,1.1439705858106757,0.8560294141893244,0.9265931370532055,1.2382697092327628,0.2767857142857143,56,False,-0.03180300346486351,0.009767033677269252,-0.09866375678456328,-0.1000995610521652,-0.07346957518089733,0.02662998587126785,0.02264698868786828,0.003982997183399572,0.8966821333944388,1.1033178666055612,1.1925394913780565,0.9691938177126268,0.7946428571428572,56,False,-0.0794093966703893,0.03649663223322845,-0.0538434442472572,-0.018907763868010435,-0.0023937592231552257,0.016514004644855213,0.013093748734628034,0.003420255910227179,0.9827213799811332,1.017278620018867,1.1296057854703594,1.091232760117887,0.4642857142857143,56,False,-0.02890147872462236
2016-01-01,2016-04-01,252,0.06204332287195982,0.09832642853417817,-0.07599556791980794,0.02394173643081833,0.0432826314407858,0.01934089500996748,0.01597391579322082,0.003366979216746657,1.0092408063767977,0.9907591936232024,1.0038949519346965,1.0226215990012715,0.5980392156862745,51,False,0.10970202627264455,0.07526782655442822,-0.025530509422955712,0.06837750215775448,0.07580950741488884,0.007432005257134375,0.004397829219214448,0.0030341760379199276,1.184925523279117,0.815074476720883,0.8977097764139947,1.3050577057075432,0.16666666666666669,51,False,0.10086402008454598,0.05725080800110935,-0.048219762279406594,0.0027943761421203445,0.02932789253830264,0.026533516396182292,0.022595949138075493,0.003937567258106799,0.9408681534290088,1.0591318465709911,1.1938621841535217,1.0605543703457672,0.7647058823529411,51,False,0.05079700021671268,0.087455395604029,-0.10148598803515427,-0.0205083073767046,-0.003326694760872495,0.017181612615832096,0.013603857853334202,0.0035777547624978923,0.9657157430478563,1.0342842569521438,1.0817321407027907,1.010018040026959,0.5,51,False,0.06291642444272044
2016-04-01,2016-07-01,254,0.05869000249553302,0.029873093569797334,-0.10455782177793192,-0.056559228601266394,-0.035352863557907135,0.021206365043359255,0.01804474113435059,0.0031616239090086658,1.1348313337001643,0.8651686662998359,0.9671554580259718,1.2686061817530423,0.6176470588235294,51,False,-0.032886994666550595,0.01029448904396232,-0.15784139895703703,-0.10851177481637249,-0.09949890412143206,0.009012870694940436,0.006167155968739848,0.002845714726200589,1.2321642069447434,0.7678357930552566,0.8717001539550944,1.3988377965787204,0.22549019607843138,51,False,-0.1249733398336866,0.09421767688652755,-0.03602736386981835,0.0613353470865205,0.08837893288407203,0.02704358579755153,0.02351778934517101,0.00352579645238052,1.0241470542874245,0.9758529457125754,1.1441795077661545,1.2008039506393857,0.7941176470588236,51,False,0.1254573647952225,0.037689994220323986,-0.09631468781174718,-0.051095534579469574,-0.03607840006245782,0.01501713451701175,0.01199849201619939,0.0030186425008123597,1.0561857906588044,0.9438142093411953,1.024360213261515,1.14632169239986,0.45098039215686275,51,False,-0.06716775315148102
2016-07-01,2016-10-01,265,0.12650605008328966,0.06399450031601644,-0.13941347809062316,-0.06509695964550014,-0.04484610541763727,0.020250854227862873,0.01686406336865821,0.0033867908592046616,1.0507453946003606,0.9492546053996392,0.9764010449323071,1.0807942309783936,0.6037735849056604,53,False,-0.048103363197807364,0.07317426460723726,-0.16978084818298758,-0.054449968357984865,-0.04562441957373044,0.008825548784254449,0.005831884272425309,0.0029936645118291403,1.1735160653077708,0.8264839346922294,0.873254356869848,1.239924908242027,0.20754716981132076,53,False,-0.09348845314752265,0.10972289181641344,-0.1378285791796156,-0.027412062527935904,-0.001426862267604953,0.025985200260330948,0.022308272151943673,0.003676928108387274,1.002801941884956,0.9971980581150439,1.025404469141201,1.0311668624947115,0.7735849056603774,53,False,0.05399411908845873,0.1283793564102015,-0.17027138213822943,-0.03055850386504491,-0.014215606876306602,0.01634289698873828,0.013246810274345135,0.003096086714393146,1.037949083662303,0.962050916337697,0.9902756093592061,1.0684004805279155,0.49056603773584906,53,False,-0.04648890114081291
2016-10-01,2017-01-01,251,0.0507371716860481,0.03143665461539875,-0.027527873565408378,0.015019770324543887,0.033498808204371025,0.01847903787982714,0.015612744078699866,0.0028662938011272733,1.1884351425739066,0.8115648574260935,0.8758345806582457,1.2825501070079648,0.5784313725490196,51,False,-0.011680236314338418,0.0026624632883672766,-0.030856505711479743,-0.0221206023915487,-0.015653577934346876,0.006467024457201826,0.0034731008096493786,0.0029939236475524473,1.1811941182197903,0.8188058817802097,0.9497159880061594,1.3700425998079169,0.12745098039215685,51,False,-0.08805124038156872,0.022812351446996663,0.011142190345274111,0.03481843417243165,0.06117387981270421,0.026355445640272562,0.022933910049553922,0.0034215355907186405,1.0740257458856637,0.9259742541143362,0.9634941084428017,1.117544547139155,0.8431372549019608,51,False,0.08666894327452096,0.049967191240792366,-0.06806901421249884,-0.006201531775594196,0.01092878022098169,0.017130311996575887,0.014009583964361066,0.0031207280322148217,1.1008189915154583,0.8991810084845414,0.9511680692286109,1.1644639564781756,0.5098039215686274,51,False,-0.017671792386984266
2017-01-01,2017-04-01,238,0.029058857667690823,0.041541706772380664,-0.04312849375698725,-0.0007879201675858316,0.01837849971881081,0.019166419886396644,0.015661063889925365,0.0035053559964712796,1.009435041041903,0.9905649589580968,1.0212432419595567,1.040697739747949,0.5729166666666667,48,False,0.023078948172717606,0.001356932886782188,-0.051188292759419565,-0.04329753762897099,-0.03558127823317432,0.007716259395796671,0.0046196580309709875,0.003096601364825683,1.1243466397434472,0.8756533602565529,0.9499617996327231,1.219759331465087,0.16666666666666669,48,False,0.03210288589945463,0.07160962581232838,-0.03636114815998519,0.032606140644878455,0.05948811081223532,0.02688197016735686,0.02312678912709172,0.0037551810402651374,0.9755272940051138,1.0244727059948862,1.0591730238016526,1.008569762518981,0.8125,48,False,0.1150625389714172,0.002232508372642294,-0.03700953594045815,-0.03571304385150484,-0.018759501826912526,0.01695354202459232,0.013399308302840703,0.0035542337217516185,0.9761476166679596,1.0238523833320403,1.0106406609682947,0.9635514734080511,0.5,48,False,-0.14530957401239422
2017-04-01,2017-07-01,261,0.041319762455675584,0.01814762537979839,-0.010241473727469093,0.009735612897266604,0.028849235604295028,0.019113622707028426,0.015724215090506963,0.003389407616521464,1.064442384664083,0.935557615335917,0.9503574225394805,1.0812810505186423,0.5660377358490566,53,False,0.05849891021675833,0.07196608812912564,-0.032909686595801846,0.05346689177080351,0.06282787710404221,0.009360985333238706,0.0064232050442233155,0.002937780289015391,1.1374053281158223,0.8625946718841779,0.9095183665367934,1.1992782587660722,0.24528301886792453,53,False,0.07953781351668458,0.02697656859407698,-0.06854561944770354,-0.041835622416651154,-0.014461598848361082,0.02737402356829008,0.023573139235222317,0.00380088433306776,0.9972093231060828,1.002790676893917,1.0500032446907595,1.0441591141837374,0.8207547169811321,53,False,-0.02960900641869318,0.028339309034197013,-0.04120115144618587,-0.013294028879796766,0.0030346482893327184,0.016328677169129488,0.012957504225666914,0.0033711729434625724,0.9937851077657182,1.0062148922342817,1.0259615954553072,1.0132878797282259,0.49056603773584906,53,False,0.030124666768695765
2017-07-01,2017-10-01,282,0.06457693026921565,0.04312995075801955,-0.11753141075637634,-0.07342776957149319,-0.053844968354568895,0.0195828012169243,0.016101418525282525,0.003481382691641773,1.006060513976015,0.9939394860239851,1.0140996847160806,1.0264665649914173,0.5877192982456141,57,False,-0.06876908585955434,0.03634551791702331,-0.07900580295201685,-0.030141984626885138,-0.021920462630059277,0.008221521996825859,0.00516974802827034,0.003051773968555519,1.1085232515223695,0.8914767484776304,0.8746346798315964,1.087580669755939,0.19298245614035087,57,False,-0.053473898421720095,0.050913069591594605,-0.10323066412205431,-0.056686412293362076,-0.030313160054486893,0.026373252238875183,0.022707190284227696,0.0036660619546474865,0.9716575065515263,1.0283424934484737,1.02669415327938,0.9701000272984037,0.8157894736842105,57,False,-0.0742086927346859,0.028386053529552733,-0.05397510436902231,-0.03107323345257557,-0.014339950600179237,0.016733282852396336,0.013018674126576295,0.0037146087258200402,0.933412997667425,1.066587002332575,1.0683545753985342,0.9349598716406546,0.48245614035087714,57,False,-0.049851789085936835
2017-10-01,2018-01-01,263,0.04313397557571911,0.06813988068278158,-0.005140413667192015,0.066307252333101,0.08354960935547602,0.017242357022375025,0.014012478242565782,0.003229878779809243,1.0451388104653898,0.9548611895346102,0.9230112019837664,1.0102775568433315,0.5188679245283019,53,False,0.14571982884554785,0.12008928791522205,-0.05643433450960966,0.0705707460430515,0.07818560336033431,0.007614857317282803,0.0041936843653241065,0.0034211729519586964,1.0391777176473027,0.9608222823526976,0.9717392286136928,1.050984945172668,0.1509433962264151,53,False,0.1719332021378954,0.03193868658163723,-0.04957628019023722,-0.003069653190961613,0.02290156752047058,0.025971220711432194,0.022963344902465627,0.0030078758089665675,1.178714915733301,0.821285084266699,0.8759452247734445,1.2571635861714174,0.8113207547169812,53,False,0.03376998440563296,0.0574555540633231,-0.0895741254700997,-0.04896132292089091,-0.033125183797276796,0.015836139123614115,0.012125928090685936,0.0037102110329281794,0.8854465876035211,1.1145534123964789,1.1026799017880096,0.8760137875831633,0.44339622641509435,53,False,0.06961855808835751
2018-01-01,2018-04-01,284,-0.02468979474202953,-0.06105157728927553,0.055486012214693056,-0.009516719724048696,0.009929268761567307,0.01944598848561601,0.01588852102747729,0.0035574674581387205,1.03390455102327,0.9660954489767296,0.9884996900947989,1.05788131944582,0.5701754385964912,57,False,0.044449630886009006,0.008668434532861289,0.08540229475662908,0.09131255493302802,0.100917276788876,0.009604721855847985,0.00599446433905204,0.0036102575167959445,1.0359446839820008,0.9640553160179992,0.9805782475154544,1.0536997264201133,0.21929824561403508,57,False,0.14755572738813688,-0.033564480241626435,0.060268415436967315,0.029879348799613993,0.05433981366496015,0.02446046486534617,0.0206964915334054,0.0037639733319407708,0.9661588446001937,1.0338411553998064,1.0920732028580777,1.0205786240770804,0.7192982456140351,57,False,0.04727909955548803,-0.0671523411136679,-0.006708306019512231,-0.07275997160733072,-0.05424829676451804,0.018511674842812673,0.014875488264935462,0.0036361865778772096,0.9817901712859696,1.0182098287140304,1.0038108988436263,0.9679062669814382,0.5350877192982456,57,False,-0.10593819082558181
2018-04-01,2018-07-01,294,0.14667969489826804,0.10888471922735443,-0.19300054241621753,-0.09656703982942318,-0.075643273904596,0.02092376592482717,0.016928905540219634,0.003994860384607535,0.9587551357334531,1.0412448642665466,1.0997881443591047,1.0126604872772123,0.5847457627118644,59,False,-0.07368595899653414,0.1805600864159253,-0.12787181769100664,0.060270905428091215,0.06988042919919617,0.009609523771104987,0.0058027225149137876,0.003806801256191199,1.0245844758671387,0.9754155241328611,1.0134301297264694,1.06451532972765,0.2033898305084746,59,False,0.10109739258879814,0.13664821032009078,-0.24517372863675374,-0.1058627440996914,-0.07855515819079001,0.027307585908901363,0.023489974950797823,0.0038176109581035387,1.0069738638493282,0.9930261361506717,0.9960562306311433,1.0100465180683367,0.7966101694915254,59,False,-0.13273849332253473,0.10270873942534384,-0.15400436341660545,-0.072921202679968,-0.05526786243118849,0.017653340248779487,0.013760025068167918,0.003893315180611568,0.9157597393771496,1.0842402606228503,1.072250344621219,0.9056329411465617,0.48305084745762716,59,False,-0.07910970357885878
2018-07-01,2018-10-01,297,0.020937795620607876,0.05087372251278967,-0.01388884672235613,0.035497921095164,0.054798603250229116,0.01930068215506511,0.01566986963577191,0.0036308125192932,0.9770399057228479,1.022960094277152,1.1217040033206054,1.0713512479953868,0.575,60,False,0.028146917671791727,0.0899664240848017,0.02512937986012442,0.11745030343750806,0.12623358452583236,0.008783281088324314,0.005197101899592894,0.0035861791887314186,1.0363141090211174,0.9636858909788826,0.9857476237481252,1.0600385249871915,0.19166666666666665,60,False,0.13024290270779973,0.0029991037482886354,-0.0259758054239477,-0.026676425557772845,0.0012950915463350188,0.027971517104107863,0.0238905212704665,0.004080995833641361,0.8723128393562368,1.1276871606437628,1.1745675963640956,0.9085768028211711,0.8333333333333334,60,False,-0.02745851403569525,-0.020861617382920868,-0.009720484120269284,-0.030023352245372354,-0.012546976878904095,0.01747637536646826,0.01364579559874839,0.003830579767719871,0.9498480769733819,1.050151923026618,1.0445832960889472,0.9448113299350251,0.5083333333333333,60,False,-0.06446885339502789
2018-10-01,2019-01-01,294,-0.20135797529202923,-0.1856288079349193,0.2320748363578994,0.10239289213634153,0.12044529502772028,0.01805240289137875,0.013985710445209316,0.004066692446169435,0.8660608676084676,1.1339391323915324,1.2355889022676902,0.9436972110209014,0.5,59,False,0.09272513441555696,-0.17195289530689387,0.2908548356286908,0.12517875709294984,0.13411630960290583,0.008937552509956023,0.005260145861054066,0.0036774066489019585,0.9864375282615437,1.0135624717384561,1.0518352040829642,1.0236860063242499,0.19491525423728814,59,False,0.21110828959691336,-0.22134498757017054,0.2028191841746752,0.030235624157704227,0.05641710747726553,0.026181483319561313,0.022095229555187598,0.004086253764373716,0.8850411449118532,1.1149588550881468,1.1870504462877711,0.9422665968849563,0.7627118644067796,59,False,0.01060346160793235,-0.22246539089067058,0.22178203821425269,0.04735203717734926,0.06352497174826863,0.016172934570919374,0.012236507651708443,0.003936426919210932,0.8918724415568379,1.1081275584431622,1.0573447036065367,0.8510000452453524,0.4322033898305085,59,False,-0.013297243132386779
2019-01-01,2019-04-01,329,0.16310628106294506,0.13991735203657354,-0.23435743319345784,-0.11063607228563874,-0.08972481099202093,0.020911261293617808,0.01713667891281194,0.0037745823808058693,0.9567270044152177,1.0432729955847821,1.0654980713437097,0.9771083717502568,0.6060606060606061,66,False,-0.01532352404520804,0.11526188071442724,-0.2290404106434788,-0.12000115613176077,-0.11059518880146439,0.009405967330296366,0.0055465464625278176,0.003859420867768549,0.9819268521909408,1.0180731478090592,1.0063030274340972,0.970574625413752,0.19696969696969696,66,False,-0.09069259217043821,0.1579880753713335,-0.23587948250777024,-0.08996836254304333,-0.0640693859170246,0.025898976626018744,0.022238551317381002,0.0036604253086377427,0.969337521801393,1.030662478198607,1.0485179687852655,0.9861306013613189,0.8106060606060606,66,False,0.08785508731019888,0.17472975977295027,-0.2695805028724431,-0.12338335847181783,-0.1057446955131793,0.01763866295863851,0.013879930025158332,0.0037587329334801793,0.9357822274857129,1.064217772514287,1.0544321095132059,0.9271775511148781,0.49242424242424243,66,False,-0.016290213648043787
2019-04-01,2019-07-01,324,-0.018147903128114592,-0.05182407697841763,0.10258075711113093,0.042246892617931624,0.06054439924237422,0.01829750662444259,0.014883983612231727,0.0034135230122108616,1.0551134785705372,0.9448865214294628,0.9826950974039322,1.0973326627915907,0.5307692307692308,65,False,0.06902216309099371,-0.08686049860560598,0.061285207275054196,-0.032141554054712286,-0.023877757870394867,0.00826379618431743,0.00455257649510908,0.0037112196892083492,1.044323004066348,0.9556769959336519,1.0121806731502891,1.1060678092492182,0.16153846153846155,65,False,0.07893590880861512,0.05584379739939255,0.054104386768365105,0.10984663425949123,0.13744083464543239,0.02759420038594115,0.02373124515519142,0.0038629552307497283,0.9416182088030356,1.0583817911969644,1.0956602859722377,0.974784037778105,0.823076923076923,65,False,0.0691953110528962,-0.05476546275904122,0.048103501547528404,-0.007607664817349848,0.00899532361461796,0.01660298843196781,0.013171683780886703,0.0034313046510811096,1.0091932840212003,0.9908067159787993,1.0165242982901215,1.035388111863288,0.47692307692307695,65,False,0.004705176717560619
2019-07-01,2019-10-01,332,-0.050768859321082695,-0.06048281869796416,0.026888452428383225,-0.04179935488078515,-0.02364669283781589,0.01815266204296926,0.014975077085767462,0.0031775849572017963,1.0939094567977499,0.9060905432022501,0.8833552905312887,1.0664615288991142,0.5373134328358209,67,False,-0.010784586673721565,-0.04578346275431715,0.07248997144721545,0.02178570924709855,0.03146253809514817,0.009676828848049632,0.005854878671664206,0.0038219501763854273,1.0416052808394398,0.9583947191605604,0.9586013454667981,1.0418298470306289,0.20149253731343283,67,False,0.06941083012720926,-0.1131592561469386,0.010044578020960163,-0.1273600424637322,-0.09987362055146431,0.02748642191226789,0.02463223009634923,0.0028541918159186623,1.1967906640365822,0.8032093359634178,0.8563212268219017,1.2759279602341185,0.835820895522388,67,False,-0.05107357256851154,-0.05201422371654654,0.026977243919532563,-0.017827673609670663,0.0008752541860649887,0.018702927795735652,0.014743790631195752,0.0039591371645399,0.9087331024085127,1.0912668975914872,1.0761441380704895,0.8961398933532164,0.5149253731343284,67,False,-0.018373496321736123
2019-10-01,2020-01-01,326,0.13760000216652085,0.1521926473512292,-0.19571723036880223,-0.002525674940943523,0.01594452609102387,0.018470201031967413,0.015350014653360246,0.0031201863786071687,1.117843472411042,0.882156527588958,0.9390699675688813,1.1899625526245015,0.5454545454545454,66,False,-0.019461600374729673,0.1303992472788514,-0.17398573711922322,-0.03730820274481636,-0.028773774748426045,0.008534427996390306,0.004666969221594009,0.0038674587747962977,1.020626139321461,0.9793738606785389,0.9361624297967034,0.975594596571353,0.1590909090909091,66,False,-0.04323348327136178,0.1428009865785802,-0.19396597914503683,0.024821009197996957,0.05036041152523088,0.025539402327233937,0.022695603972797528,0.002843798354436408,1.2256337749790307,0.7743662250209692,0.8203284365972959,1.2983807996560857,0.7803030303030303,66,False,0.005241004281922838,0.13067860865464506,-0.17274861348794018,-0.05015238710700301,-0.03219407868010382,0.017958308426899185,0.01448201580699695,0.003476292619902237,0.9733630284829557,1.0266369715170443,1.1062302428703208,1.048826069266311,0.5227272727272727,66,False,-0.021563749832446796
2020-01-01,2020-04-01,317,-0.39573429976569807,-0.4143790582223,0.39801791160502376,-0.09389427411917312,-0.0768002587495471,0.017094015369626042,0.013669567440137111,0.0034244479294889313,1.0954374897759362,0.9045625102240635,1.0112498147730844,1.2246372650984745,0.484375,64,False,-0.007201258525277674,-0.40581130182802794,0.3840110212518606,-0.10550919101167683,-0.0982067351218549,0.007302455889821896,0.0038730038592002802,0.0034294520306216163,1.1059844828253134,0.8940155171746869,0.9079105227435966,1.1231739613665261,0.1328125,64,False,-0.0017473720434223066,-0.3975931578342842,0.42485006849350915,-0.07772881603088272,-0.053544726956379185,0.02418408907450351,0.020721922912551913,0.003462166161951596,1.1276510321069437,0.872348967893056,0.9231836331380898,1.193362994681766,0.7109375,64,False,0.09521246098220493,-0.45093265522652887,0.3749263308871965,-0.07725241537813138,-0.060541382803406485,0.016711032574724963,0.013152041135336372,0.0035589914393885924,1.0015088423807832,0.9984911576192167,1.1365321469154273,1.1399670253463539,0.4609375,64,False,-0.0960071590092887
2020-04-01,2020-07-01,388,0.47796703394081885,0.615152828059973,-0.3587656678030431,0.1679780162379912,0.190731169225631,0.022753152987639694,0.018809638065601618,0.003943514922038077,0.9092232621164086,1.0907767378835915,1.1372850385098645,0.947990525243928,0.641025641025641,78,False,0.2926221308613592,0.5348284406276272,-0.6068417771517153,-0.062296745384890495,-0.048137361073547824,0.014159384311342567,0.010085438991200252,0.004073945320142314,1.008510856276953,0.9914891437230471,1.004963954511663,1.0222170002651447,0.3269230769230769,78,False,0.03800469301154018,0.8475700348836899,-0.41176374171019786,0.30246721134245913,0.33066406437377804,0.028196853031318955,0.02418757071607565,0.0040092823152433074,0.8941193476191243,1.1058806523808757,1.1693868329367874,0.9454649468085002,0.8076923076923077,78,False,0.3762164469774057,0.6066103883812525,-0.47588531531724015,-0.025636561364401178,-0.002628765961091739,0.023007795403309314,0.018935496152174023,0.004072299251135293,0.8555544988361775,1.1444455011638226,1.2378077429898773,0.9253494221719618,0.6538461538461539,78,False,0.18042316609868003
2020-07-01,2020-10-01,363,0.10877271913697821,0.16369405294595976,-0.08144359826075642,0.09094903408292766,0.1122780330728344,0.02132899898990677,0.017699954837041863,0.003629044152864908,1.0354844690519984,0.9645155309480015,1.0169843776705763,1.0918139672788394,0.5890410958904109,73,False,0.06584693447287004,0.19204450689921848,-0.032649554376319674,0.16218921714016143,0.17235270363060104,0.01016348649043958,0.0062009878030178595,0.00396249868742172,1.0124358632417796,0.9875641367582203,0.9428336673891752,0.9665788604576188,0.2054794520547945,73,False,0.05239123335173334,0.0940282460771317,-0.18471359585320044,-0.08166478861379561,-0.0531887007304713,0.028476087883324307,0.024762860538168646,0.0037132273451556588,1.0323617046504547,0.9676382953495454,0.976561437922468,1.0418816985590191,0.8150684931506849,73,False,-0.0031121565526387226,0.19292909234530056,-0.06960219847431082,0.11463945655643981,0.13479969765902816,0.02016024110258835,0.016426125182096515,0.003734115920491837,0.9669089452635222,1.0330910547364778,1.1202892214727558,1.0485210036017816,0.5410958904109588,73,False,0.06757822824271696
2020-10-01,2021-01-01,362,0.41093575337429267,0.38168601617373876,-0.4203732754379762,-0.019817403512268406,0.001765897428398,0.021583300940666347,0.01780700080372657,0.003776300136939776,1.0235267591178334,0.9764732408821662,1.010393632560624,1.0590816797332658,0.595890410958904,73,False,0.04073039845490153,0.3633723637732534,-0.5363503818613714,-0.13232324684071456,-0.12030756625295097,0.012015680587763566,0.008081657286483215,0.003934023301280351,1.045185888035683,0.954814111964317,0.9686440508820823,1.0603248106889167,0.26712328767123283,73,False,0.005193605750784468,0.46187107927847404,-0.42415742117016236,0.005222287539377313,0.033727888378948245,0.028505600839571005,0.02439474007655438,0.0041108607630166265,0.9633292037982046,1.0366707962017956,1.0812136859728172,1.004720807280432,0.8013698630136986,73,False,0.03306784332062905,0.3590007438406215,-0.40306048367757824,-0.05293675277828791,-0.03572986054275501,0.017206892235532872,0.013685550516376273,0.0035213417191565983,0.9883513127019454,1.0116486872980546,1.0762294539439317,1.0514448414053,0.4794520547945205,73,False,0.03174953309138383
