rebalance_date,hold_end,n_universe,n_with_signal,n_delisted,pct_dropped,long_ret,short_ret,ls_ret,ls_gross,ls_cost,ls_ba_cost,ls_borrow_cost,long_scale,short_scale,mean_beta_long,mean_beta_short,long_turnover,short_turnover,avg_turnover,mkt_ret,ic,n_long,n_short,guard_fired,mean_acc_long,mean_acc_short,sign_ok
2015-01-01,2015-04-01,361,308,0,14.681440443213296,-0.012613865123734316,-0.03541352589215743,-0.04948385181992705,-0.017600094342660348,0.0318837574772667,0.028317163259684582,0.0035665942175821153,0.936119189718276,1.0638808102817239,1.1269929677570507,0.991652197876897,1.0,1.0,1.0,0.037178660155379274,0.06034457620428968,62,62,False,-0.16376709112481402,0.09465725345428207,True
2015-04-01,2015-07-01,360,330,1,8.333333333333334,0.003680990718714641,-0.027210206578976586,-0.02365730539619692,-0.01288040745293474,0.01077689794326218,0.007308616494505262,0.0034682814487569194,0.9958535263395392,1.0041464736604608,1.022299700446692,1.0138568310203886,0.3484848484848485,0.15151515151515152,0.25,0.011506345439762637,0.07320528028890823,66,66,False,-0.18051880044070287,0.10620753729669291,True
2015-07-01,2015-10-01,391,364,1,6.90537084398977,-0.20131216528267074,0.1340902711199906,-0.021293610309931876,-0.010438645367900123,0.01085496494203174,0.0069097904264794185,0.003945174515552322,0.8630651454254497,1.1369348545745501,1.1668421344250548,0.8857682323521976,0.2328767123287671,0.2602739726027397,0.2465753424657534,-0.17129319252963052,0.10928946520478276,73,73,False,-0.16978414046568865,0.10049118111820544,True
2015-10-01,2016-01-01,424,382,1,9.90566037735849,0.15276313718583961,-0.07646414728502936,0.04851670284727937,0.05877288831788678,0.010256185470607398,0.006353676613170006,0.0039025088574373918,0.8788002609826251,1.1211997390173751,1.0986788162459384,0.861148283265922,0.23376623376623376,0.22077922077922077,0.22727272727272727,0.06685225723538354,-0.08271812592538107,77,77,False,-0.1506757504181362,0.08176217406012379,True
2016-01-01,2016-04-01,412,362,1,12.135922330097088,-0.04004172915912695,-0.06076517782276607,-0.10300986709751075,-0.09542280863110533,0.00758705846640542,0.003815725595448977,0.0037713328709564438,0.8936972242712188,1.106302775728781,1.097928732612542,0.8869324766333215,0.16666666666666666,0.1111111111111111,0.1388888888888889,0.012316551191878558,0.13087537525208395,72,72,False,-0.1638594490050122,0.09563395006908429,True
2016-04-01,2016-07-01,402,374,1,6.965174129353234,0.049813803596633184,-0.10475383915910746,-0.07301627675098889,-0.06267796428851924,0.010338312462469657,0.006523690623736476,0.0038146218387331804,0.8830528766160972,1.1169471233839028,1.156339537358736,0.914196324456262,0.30666666666666664,0.17333333333333334,0.24,0.059695372806958226,0.04622608247681052,75,75,False,-0.15823585836822657,0.08813631639155309,True
2016-07-01,2016-10-01,414,386,1,6.763285024154589,0.12190331033322814,-0.10145701606749874,-0.0011497049125460401,0.009022883452381156,0.010172588364927224,0.006434421622359581,0.003738166742567643,0.9033131822187149,1.0966868177812852,1.0917844671428285,0.8992752400425381,0.23376623376623376,0.23376623376623376,0.23376623376623376,0.11767258142230523,0.01989176993529498,77,77,False,-0.1768939732031266,0.09506325970740435,True
2016-10-01,2017-01-01,387,363,1,6.2015503875969,-0.012941830783193917,-0.09604049311422191,-0.11566335431368724,-0.10766891313351687,0.007994441180170382,0.004331466752301349,0.0036629744278690326,0.9196012278794915,1.0803987721205086,1.0294165073752484,0.87620673829876,0.136986301369863,0.1780821917808219,0.15753424657534246,0.05076861445168253,0.15739851412825584,73,73,False,-0.17778724083873326,0.10539864833596267,True
2017-01-01,2017-04-01,384,348,1,9.375,0.06634594956702317,-0.02293935230123524,0.0346192350118418,0.042193876367565226,0.007574641355723432,0.003872184883195371,0.0037024564725280608,0.9015810881514184,1.0984189118485816,1.0645633388926259,0.8737924694592558,0.17142857142857143,0.11428571428571428,0.14285714285714285,0.042824776158783356,-0.00901012868135937,70,70,False,-0.16813343560972083,0.08854239633225634,True
2017-04-01,2017-07-01,404,379,1,6.188118811881188,0.026476789764132383,-0.049957296648235804,-0.028027394490808717,-0.017741571449064197,0.010285823041744514,0.0066919205796462326,0.003593902462098282,0.9405123051752792,1.0594876948247207,1.0429858047529543,0.925863498259486,0.3157894736842105,0.17105263157894737,0.24342105263157893,0.04707856554716786,0.0651431770782302,76,76,False,-0.18256961941878957,0.10012619221580814,True
2017-07-01,2017-10-01,428,395,2,7.710280373831775,0.05980436726112314,-0.07788772038466545,-0.020557410773739168,-0.010836787767265627,0.009720623006473531,0.006350806153281886,0.0033698168531916444,0.9820319548312658,1.0179680451687345,1.0416035358210534,1.0048330704447186,0.2911392405063291,0.16455696202531644,0.22784810126582278,0.05924516301675565,0.032699067602834996,79,79,False,-0.1975094302812817,0.1006988067838372,True
2017-10-01,2018-01-01,390,360,2,7.6923076923076925,-0.013856303883107633,-0.05697393679062721,-0.07378412180330364,-0.0671858019715433,0.006598319831760334,0.00306245545328593,0.0035358643784744047,0.9314925024779445,1.0685074975220554,1.0750436771869536,0.93719054611996,0.1527777777777778,0.06944444444444445,0.11111111111111112,0.0318429356842954,0.008174387099140852,72,72,False,-0.20747252931409832,0.09500538861051272,True
2018-01-01,2018-04-01,417,381,2,8.633093525179856,0.047041932741539005,0.014099629969503947,0.05699604970116555,0.0661265856505232,0.009130535949357659,0.005393349785347513,0.0037371861640101457,0.8741583720310967,1.1258416279689034,1.1188441875406174,0.8687252178633917,0.23684210526315788,0.17105263157894737,0.20394736842105263,-0.010000799871656365,-0.04058426052944646,76,76,False,-0.18587995740914093,0.09801306108374387,True
2018-04-01,2018-07-01,429,407,2,5.128205128205129,0.191245240749577,-0.1114068623313508,0.0641887103629282,0.07459691603654578,0.01040820567361759,0.006878592330569189,0.0035296133430484013,0.9482915601907668,1.0517084398092331,1.0379108707168563,0.9358507374054869,0.2926829268292683,0.2073170731707317,0.25,0.14755012213898547,-0.06994510944758829,82,82,False,-0.19652395768470035,0.10715311964564782,True
2018-07-01,2018-10-01,442,422,2,4.524886877828054,0.008524798256256943,-0.042861516734318414,-0.03943984987216402,-0.027108207426340264,0.012331642445823753,0.00858511345758412,0.003746528988239633,0.9006908474554266,1.0993091525445735,1.17722618379351,0.9645301748587979,0.35294117647058826,0.2823529411764706,0.3176470588235294,0.021529261515332385,-0.05845112221325259,85,85,False,-0.18374028322303929,0.09814261655071041,True
2018-10-01,2019-01-01,426,407,3,4.460093896713615,-0.23280498384142315,0.21110742771366028,0.024879078188579318,0.03261622243529849,0.007737144246719168,0.0040109555636387555,0.0037261886830804126,0.8950769721594894,1.1049230278405104,1.1543943091806652,0.9351527091973346,0.1951219512195122,0.10975609756097561,0.1524390243902439,-0.22201243352719388,-0.025608681929071144,82,82,False,-0.18564690436995152,0.087515448473252,True
2019-01-01,2019-04-01,455,438,3,3.7362637362637363,0.19326268902951396,-0.16173937507600697,-0.0031902088951090146,0.005821930277951276,0.009012139173060322,0.005225047532349689,0.0037870916407106332,0.9022159971489694,1.0977840028510306,1.0745974983940885,0.8831601216901448,0.19318181818181818,0.18181818181818182,0.1875,0.17053053657903,0.010239606327934504,88,88,False,-0.1819277234234369,0.08479310334202424,True
2019-04-01,2019-07-01,440,423,3,3.8636363636363638,-0.03786485083411334,-0.021065575345006374,-0.0576232742595611,-0.048349535288561854,0.00927373897099924,0.005737121377050357,0.0035366175939488833,0.9221899825140547,1.0778100174859455,1.0797890975539004,0.9238833123065523,0.2235294117647059,0.2,0.21176470588235297,-0.01236953985797984,0.08357682635936979,85,85,False,-0.18913600025645322,0.08574066675144802,True
2019-07-01,2019-10-01,448,436,3,2.6785714285714284,-0.14269985920132316,0.004784670142425556,-0.13241307035199057,-0.12008212588135093,0.012330944470639642,0.0086597550196887,0.0036711894509509416,0.9626935873790328,1.0373064126209675,1.0337377427800643,0.9593816098095219,0.3563218390804598,0.26436781609195403,0.3103448275862069,-0.06853629721579911,0.13020402239593598,87,87,False,-0.19343907715519879,0.09796135584441909,True
2019-10-01,2020-01-01,445,430,3,3.3707865168539324,0.11356973178482108,-0.12990137382206512,-0.016032889048352525,-0.007679345849724684,0.008353543198627841,0.004855037904400925,0.003498505294226916,1.0012270572647495,0.9987729427352504,1.0179806211189621,1.020481931402954,0.20930232558139536,0.12790697674418605,0.16860465116279072,0.14899350121645746,0.03506466498863373,86,86,False,-0.1779519024300434,0.09260309440718337,True
2020-01-01,2020-04-01,418,403,3,3.588516746411483,-0.3361679669752726,0.40594136076088544,0.13638933542270465,0.14370803336594706,0.007318697943242476,0.0035555451359210012,0.0037631528073214754,0.9102343291650745,1.0897656708349255,1.1521103683298122,0.9623081698264159,0.19753086419753085,0.06172839506172839,0.12962962962962962,-0.37511731337168475,-0.06297504188563088,81,81,False,-0.18245285737037809,0.08729886885699163,True
2020-04-01,2020-07-01,512,499,3,2.5390625,0.6408516643175712,-0.5622513617873854,0.09023761018946141,0.10715242646628631,0.016914816276824892,0.013218514550725587,0.0036963017260993034,1.009672744068271,0.9903272559317289,0.9727033139015786,0.9917045282039701,0.48,0.39,0.435,0.5094513015429641,-0.05021742717495858,100,100,False,-0.15135978987977725,0.08572943257179054,True
2020-07-01,2020-10-01,492,479,3,2.6422764227642275,0.05754693154814335,-0.11238310705121293,-0.05096501357387193,-0.037942968524194126,0.013022045049677812,0.0095258324518441,0.0034962125978337116,1.0227809159646264,0.9772190840353737,0.9832605625110512,1.0291040721432978,0.3958333333333333,0.23958333333333334,0.3177083333333333,0.08638872390757436,0.023681115733772195,96,96,False,-0.21067769641778403,0.09628308552744354,True
2020-10-01,2021-01-01,489,475,3,2.8629856850715747,0.4316375744542394,-0.30808413963109105,0.07946973173448174,0.08899112373328683,0.00952139199880507,0.005790119734146398,0.0037312722646586733,0.9404050168472122,1.0595949831527878,1.0867455201637934,0.9645014891986333,0.22105263157894736,0.17894736842105263,0.2,0.3605908060628444,-0.022200957563201926,95,95,False,-0.21593711242108188,0.09015550835301903,True
