date,close,volume
2014-01-02,32.36,2576100
2014-01-03,32.05,2524900
2014-01-06,31.98,2763200
2014-01-07,32.1,2338200
2014-01-08,31.74,3965900
2014-01-09,31.96,2303300
2014-01-10,32.54,2999900
2014-01-13,31.78,4042800
2014-01-14,31.85,2334500
2014-01-15,31.81,2916300
2014-01-16,32.0,1960400
2014-01-17,31.73,2502500
2014-01-21,31.27,5681900
2014-01-22,31.46,5693600
2014-01-23,31.74,3263800
2014-01-24,31.46,4520900
2014-01-27,31.36,6934000
2014-01-28,31.44,4203400
2014-01-29,30.78,3152000
2014-01-30,30.67,4700400
2014-01-31,30.36,5302200
2014-02-03,30.37,6569400
2014-02-04,30.23,3657300
2014-02-05,30.13,3758700
2014-02-06,30.05,3327100
2014-02-07,30.7,4130100
2014-02-10,31.14,6339700
2014-02-11,29.13,29137200
2014-02-12,30.0,14394200
2014-02-13,29.67,7891600
2014-02-14,29.88,5571100
2014-02-18,30.27,6087800
2014-02-19,29.75,6169900
2014-02-20,29.97,4699300
2014-02-21,29.61,3235700
2014-02-24,29.7,3105500
2014-02-25,30.13,4412600
2014-02-26,30.4,3647400
2014-02-27,30.72,3778000
2014-02-28,31.02,5186800
2014-03-03,30.99,3534700
2014-03-04,30.89,5501800
2014-03-05,30.72,4399200
2014-03-06,30.78,3617500
2014-03-07,30.58,4421500
2014-03-10,30.35,3902900
2014-03-11,30.28,2641400
2014-03-12,29.7,4363300
2014-03-13,29.25,4090900
2014-03-14,29.42,4021900
2014-03-17,29.38,3837100
2014-03-18,29.28,5453400
2014-03-19,29.91,5692400
2014-03-20,30.09,3672400
2014-03-21,29.26,9668600
2014-03-24,29.14,4632800
2014-03-25,29.26,3182000
2014-03-26,29.21,3914800
2014-03-27,29.3,2984200
2014-03-28,29.01,6398900
2014-03-31,28.94,8689200
2014-04-01,29.35,3658000
2014-04-02,29.62,2341200
2014-04-03,29.62,2896500
2014-04-04,29.32,4963400
2014-04-07,29.0,4073700
2014-04-08,29.15,4744600
2014-04-09,29.06,3631300
2014-04-10,28.86,5372600
2014-04-11,28.4,3185500
2014-04-14,28.48,2559900
2014-04-15,28.55,3231600
2014-04-16,28.53,4220000
2014-04-17,28.6,3425800
2014-04-21,29.03,4437500
2014-04-22,29.89,8353800
2014-04-23,29.318,3803300
2014-04-24,29.89,4412100
2014-04-25,30.16,4857700
2014-04-28,30.4,3704400
2014-04-29,30.53,2531700
2014-04-30,30.26,4116100
2014-05-01,30.31,3207000
2014-05-02,30.64,3042100
2014-05-05,30.53,4425200
2014-05-06,30.89,6532400
2014-05-07,30.65,6810600
2014-05-08,30.48,2687200
2014-05-09,30.54,3339700
2014-05-12,30.81,1971000
2014-05-13,30.73,1932200
2014-05-14,30.64,2253600
2014-05-15,30.46,3104500
2014-05-16,30.6,3058700
2014-05-19,30.46,3671100
2014-05-20,30.28,2538700
2014-05-21,30.42,2421900
2014-05-22,30.33,4522700
2014-05-23,30.53,4085500
2014-05-27,30.7,2395700
2014-05-28,30.48,5791000
2014-05-29,30.72,2610800
2014-05-30,30.7,3076700
2014-06-02,30.92,3561300
2014-06-03,31.25,3323000
2014-06-04,31.37,3349900
2014-06-05,31.61,2784700
2014-06-06,31.74,2524200
2014-06-09,32.01,3189400
2014-06-10,32.5,4639800
2014-06-11,32.13,3600700
2014-06-12,31.99,4298500
2014-06-13,32.12,1904500
2014-06-16,32.13,2197200
2014-06-17,32.81,4407200
2014-06-18,32.89,2482800
2014-06-19,32.55,4062900
2014-06-20,32.46,7836200
2014-06-23,32.64,2513600
2014-06-24,32.37,1772500
2014-06-25,32.37,2751400
2014-06-26,32.24,2240100
2014-06-27,32.38,1435000
2014-06-30,32.27,1847300
2014-07-01,32.51,2263500
2014-07-02,32.74,1850700
2014-07-03,32.91,1370200
2014-07-07,32.56,2087600
2014-07-08,32.48,1846200
2014-07-09,32.46,1339900
2014-07-10,32.52,2003800
2014-07-11,32.37,1422900
2014-07-14,32.73,1900200
2014-07-15,32.39,2496200
2014-07-16,32.63,1768100
2014-07-17,32.69,2154100
2014-07-18,32.69,3261000
2014-07-21,32.85,2513300
2014-07-22,32.87,2590600
2014-07-23,32.84,2078600
2014-07-24,32.89,2007900
2014-07-25,32.82,1579600
2014-07-28,32.86,1627800
2014-07-29,33.03,2994400
2014-07-30,33.14,1800600
2014-07-31,32.91,3002700
2014-08-01,32.74,5381100
2014-08-04,33.24,4676100
2014-08-05,32.21,5933100
2014-08-06,32.3,3163800
2014-08-07,31.79,3747800
2014-08-08,32.32,2191500
2014-08-11,32.6,2282500
2014-08-12,32.45,2837900
2014-08-13,32.87,3729200
2014-08-14,33.07,2562500
2014-08-15,33.69,3843000
2014-08-18,33.93,3459500
2014-08-19,34.52,2922500
2014-08-20,34.79,2720500
2014-08-21,34.89,2041800
2014-08-22,34.89,2300500
2014-08-25,34.9,2417200
2014-08-26,35.13,2956600
2014-08-27,35.34,2746100
2014-08-28,35.33,3760400
2014-08-29,35.44,1190900
2014-09-02,35.48,1654000
2014-09-03,35.76,4220600
2014-09-04,35.51,2383100
2014-09-05,36.04,1602900
2014-09-08,36.28,1913500
2014-09-09,36.18,2832500
2014-09-10,36.24,2287400
2014-09-11,36.27,1768900
2014-09-12,36.18,1920000
2014-09-15,36.27,2164600
2014-09-16,36.49,2253000
2014-09-17,36.65,2525600
2014-09-18,36.7,2336300
2014-09-19,37.2,6105100
2014-09-22,36.62,4949183
2014-09-23,35.88,4421743
2014-09-24,36.58,4713755
2014-09-25,36.3,2055400
2014-09-26,36.63,2124766
2014-09-29,36.79,2075649
2014-09-30,36.95,3412903
2014-10-01,36.45,5508285
2014-10-02,36.91,3670179
2014-10-03,37.67,5948543
2014-10-06,37.66,2693668
2014-10-07,36.71,8116899
2014-10-08,37.55,3565702
2014-10-09,37.02,4336710
2014-10-10,36.68,3689339
2014-10-13,35.57,6677195
2014-10-14,35.87,3078656
2014-10-15,35.26,7155794
2014-10-16,35.07,4181274
2014-10-17,35.37,3438534
2014-10-20,35.41,2543817
2014-10-21,36.09,4772831
2014-10-22,35.89,2263456
2014-10-23,36.11,2925838
2014-10-24,36.58,1419018
2014-10-27,36.57,2511405
2014-10-28,37.01,1533402
2014-10-29,36.62,2271776
2014-10-30,37.32,2137501
2014-10-31,37.088,2589530
2014-11-03,37.72,4071275
2014-11-04,39.12,9723740
2014-11-05,39.27,11878891
2014-11-06,39.71,4457084
2014-11-07,40.23,6818977
2014-11-10,40.16,7530110
2014-11-11,43.72,20246313
2014-11-12,42.64,21414708
2014-11-13,43.24,6151288
2014-11-14,43.14,2689390
2014-11-17,44.23,9536574
2014-11-18,44.19,12181375
2014-11-19,43.4,7031136
2014-11-20,43.15,5091131
2014-11-21,43.87,5187503
2014-11-24,44.58,4178857
2014-11-25,43.91,3589015
2014-11-26,44.67,2131385
2014-11-28,44.93,1332156
2014-12-01,44.37,3153115
2014-12-02,44.74,2500597
2014-12-03,44.88,2008310
2014-12-04,44.0,4294633
2014-12-05,43.98,3313964
2014-12-08,44.1,5889345
2014-12-09,43.82,5514998
2014-12-10,42.77,4397200
2014-12-11,42.88,4942195
2014-12-12,41.77,4050331
2014-12-15,41.74,5947406
2014-12-16,40.85,4606499
2014-12-17,41.13,7628313
2014-12-18,43.15,6578062
2014-12-19,43.51,5601641
2014-12-22,43.41,1921541
2014-12-23,42.97,2612498
2014-12-24,43.84,1300640
2014-12-26,44.2,1518039
2014-12-29,44.01,2007239
2014-12-30,43.35,2251147
2014-12-31,43.03,2148909
2015-01-02,43.31,1784751
2015-01-05,43.05,3116681
2015-01-06,42.63,3987015
2015-01-07,43.51,2481935
2015-01-08,44.18,3121258
2015-01-09,44.25,2988219
2015-01-12,43.42,2168274
2015-01-13,42.81,3668576
2015-01-14,43.03,2481287
2015-01-15,42.94,2719250
2015-01-16,44.22,2761564
2015-01-20,43.56,3471042
2015-01-21,44.25,1991904
2015-01-22,44.51,2914674
2015-01-23,44.12,2885511
2015-01-26,44.09,1926811
2015-01-27,43.3,3008263
2015-01-28,43.11,2425148
2015-01-29,43.32,4927327
2015-01-30,42.73,3146933
2015-02-02,43.38,2136733
2015-02-03,43.5,4910840
2015-02-04,43.46,5102908
2015-02-05,43.4,3470904
2015-02-06,43.66,5408025
2015-02-09,42.87,4467136
2015-02-10,43.91,4112336
2015-02-11,45.77,7070878
2015-02-12,45.79,6989570
2015-02-13,45.46,6413282
2015-02-17,46.2,4055844
2015-02-18,45.85,3276876
2015-02-19,45.65,2928791
2015-02-20,45.6,3713002
2015-02-23,45.58,2664458
2015-02-24,45.4,1869770
2015-02-25,45.72,2958773
2015-02-26,46.62,4902993
2015-02-27,46.09,5555462
2015-03-02,47.31,5261715
2015-03-03,46.54,2256026
2015-03-04,46.23,3293014
2015-03-05,46.46,2327567
2015-03-06,45.78,3486498
2015-03-09,46.29,3758563
2015-03-10,45.7,2189462
2015-03-11,46.01,3245036
2015-03-12,46.84,2276543
2015-03-13,46.45,2487056
2015-03-16,46.98,2519822
2015-03-17,47.15,2906852
2015-03-18,47.51,3055759
2015-03-19,47.41,2000710
2015-03-20,47.34,4542700
2015-03-23,47.15,4820293
2015-03-24,47.02,1938127
2015-03-25,46.27,4148401
2015-03-26,46.11,3550763
2015-03-27,46.22,2801671
2015-03-30,46.92,2207792
2015-03-31,46.29,2768436
2015-04-01,46.27,4752533
2015-04-02,46.5,3083956
2015-04-06,46.33,2385312
2015-04-07,46.36,2367075
2015-04-08,46.21,2565899
2015-04-09,46.55,2721160
2015-04-10,47.17,2278282
2015-04-13,46.66,2009281
2015-04-14,46.9,2672548
2015-04-15,47.0,1578545
2015-04-16,47.14,1586498
2015-04-17,46.77,2885118
2015-04-20,47.04,2890179
2015-04-21,47.54,3139377
2015-04-22,47.03,2075661
2015-04-23,47.05,2113277
2015-04-24,47.91,3449546
2015-04-27,46.83,2684146
2015-04-28,45.73,4492421
2015-04-29,45.22,3997612
2015-04-30,44.42,4330171
2015-05-01,44.61,5835126
2015-05-04,45.4,4782567
2015-05-05,45.68,7681079
2015-05-06,45.29,4441355
2015-05-07,45.56,2426957
2015-05-08,45.9,2548154
2015-05-11,46.09,3405113
2015-05-12,45.58,2230384
2015-05-13,45.62,2160588
2015-05-14,46.28,1959621
2015-05-15,46.49,2831450
2015-05-18,46.73,2890623
2015-05-19,47.45,3845744
2015-05-20,47.28,2206640
2015-05-21,47.8,3599250
2015-05-22,47.63,1832276
2015-05-26,47.95,3999519
2015-05-27,49.45,5447746
2015-05-28,49.11,4933974
2015-05-29,49.77,5617083
2015-06-01,49.78,4496147
2015-06-02,49.58,2680479
2015-06-03,49.55,1976555
2015-06-04,48.9,2080683
2015-06-05,49.01,2411992
2015-06-08,48.8,1906372
2015-06-09,49.24,2675509
2015-06-10,49.69,2012119
2015-06-11,49.87,2055692
2015-06-12,49.08,2033278
2015-06-15,49.27,3014964
2015-06-16,49.71,1817939
2015-06-17,50.17,2804407
2015-06-18,50.5,3696096
2015-06-19,50.24,2885702
2015-06-22,50.22,2040319
2015-06-23,50.47,2104111
2015-06-24,49.71,2561857
2015-06-25,55.38,3211001
2015-06-26,48.62,20823273
2015-06-29,47.07,5148068
2015-06-30,48.22,4372753
2015-07-01,48.43,5532098
2015-07-02,48.31,2070875
2015-07-06,48.4,3088073
2015-07-07,47.88,5656174
2015-07-08,46.48,3452761
2015-07-09,46.57,3417433
2015-07-10,46.96,2917524
2015-07-13,47.04,3050077
2015-07-14,47.46,5491541
2015-07-15,47.11,2099419
2015-07-16,48.0,3423487
2015-07-17,47.8,2324025
2015-07-20,48.98,3364218
2015-07-21,49.12,4412671
2015-07-22,50.02,2937633
2015-07-23,49.85,2457852
2015-07-24,49.49,2081039
2015-07-27,49.48,1683893
2015-07-28,48.85,4846275
2015-07-29,48.4,3629936
2015-07-30,48.55,1576778
2015-07-31,48.98,2539760
2015-08-03,48.48,3559249
2015-08-04,48.85,4867278
2015-08-05,48.61,4087350
2015-08-06,48.28,3217354
2015-08-07,48.31,3465953
2015-08-10,48.39,3064542
2015-08-11,48.21,1946691
2015-08-12,47.86,3574600
2015-08-13,47.66,2550825
2015-08-14,47.47,2594522
2015-08-17,48.69,1849735
2015-08-18,47.73,2848398
2015-08-19,47.91,2153534
2015-08-20,46.38,2516558
2015-08-21,45.02,3775138
2015-08-24,43.53,5725519
2015-08-25,42.56,3814312
2015-08-26,44.25,5873296
2015-08-27,45.86,4602075
2015-08-28,45.78,2711444
2015-08-31,44.87,2580029
2015-09-01,43.98,4346069
2015-09-02,45.12,2699665
2015-09-03,44.53,2932537
2015-09-04,44.01,4195457
2015-09-08,44.89,4134947
2015-09-09,43.95,2964688
2015-09-10,44.34,2871193
2015-09-11,45.0,2476112
2015-09-14,44.47,2182175
2015-09-15,45.06,1999886
2015-09-16,44.51,4242562
2015-09-17,46.01,5470489
2015-09-18,45.12,8078649
2015-09-21,44.5,2502669
2015-09-22,44.23,2368410
2015-09-23,44.32,1802527
2015-09-24,43.59,3202025
2015-09-25,42.51,3498042
2015-09-28,39.96,8908016
2015-09-29,39.65,7327936
2015-09-30,41.18,4908517
2015-10-01,41.29,4131846
2015-10-02,43.02,4036770
2015-10-05,42.85,5467739
2015-10-06,41.39,4622168
2015-10-07,42.67,4182644
2015-10-08,43.22,4434607
2015-10-09,42.8,2862997
2015-10-12,42.71,2848060
2015-10-13,42.32,3285476
2015-10-14,42.38,2940841
2015-10-15,43.0,2481460
2015-10-16,43.93,4120374
2015-10-19,43.78,1924842
2015-10-20,43.09,2890406
2015-10-21,41.66,9780195
2015-10-22,40.8,8907977
2015-10-23,42.54,7391491
2015-10-26,42.35,2929346
2015-10-27,42.74,4570269
2015-10-28,43.34,3219143
2015-10-29,43.55,3019034
2015-10-30,43.01,3774428
2015-11-02,44.24,4297521
2015-11-03,46.63,8007228
2015-11-04,46.55,7718164
2015-11-05,45.46,5177517
2015-11-06,45.97,3496194
2015-11-09,45.8,3707943
2015-11-10,45.88,2963165
2015-11-11,45.08,2118879
2015-11-12,44.53,2858613
2015-11-13,44.85,3283657
2015-11-16,45.3,3532313
2015-11-17,45.77,3638669
2015-11-18,47.18,3377964
2015-11-19,46.9,2928496
2015-11-20,47.32,3679430
2015-11-23,46.96,3200258
2015-11-24,46.93,1713458
2015-11-25,46.97,2196761
2015-11-27,47.08,1155073
2015-11-30,46.7,3481867
2015-12-01,47.01,2956927
2015-12-02,46.37,2335144
2015-12-03,45.2,2465441
2015-12-04,46.46,2237818
2015-12-07,45.91,2108735
2015-12-08,45.94,1335773
2015-12-09,45.21,1768035
2015-12-10,46.1,2472294
2015-12-11,45.83,4233680
2015-12-14,46.59,3893818
2015-12-15,46.97,4154091
2015-12-16,47.09,3441544
2015-12-17,46.73,2642412
2015-12-18,46.6,5428675
2015-12-21,47.34,2467076
2015-12-22,47.72,2404647
2015-12-23,47.98,2368420
2015-12-24,48.13,965268
2015-12-28,47.9,928748
2015-12-29,48.33,1483846
2015-12-30,48.26,1453861
2015-12-31,47.92,1768460
2016-01-04,47.27,2871687
2016-01-05,48.01,3117022
2016-01-06,48.02,4670537
2016-01-07,46.56,4324437
2016-01-08,45.88,4946099
2016-01-11,44.58,4306864
2016-01-12,44.97,7774895
2016-01-13,43.25,4197604
2016-01-14,44.13,4794946
2016-01-15,43.38,4529139
2016-01-19,43.19,4594992
2016-01-20,43.79,5212889
2016-01-21,43.08,3777590
2016-01-22,43.4,3397483
2016-01-25,43.2,2364183
2016-01-26,43.87,3797639
2016-01-27,43.15,3242486
2016-01-28,42.84,5660560
2016-01-29,43.05,7032635
2016-02-01,42.96,4703045
2016-02-02,41.72,3441505
2016-02-03,41.31,5145113
2016-02-04,41.54,3949771
2016-02-05,40.91,4058061
2016-02-08,40.19,4314301
2016-02-09,39.86,6277573
2016-02-10,39.33,6629167
2016-02-11,39.36,8058209
2016-02-12,40.43,6734704
2016-02-16,40.43,5614323
2016-02-17,41.8,7226927
2016-02-18,42.02,5350351
2016-02-19,41.83,3844525
2016-02-22,42.77,3476629
2016-02-23,42.37,2498957
2016-02-24,42.37,3086771
2016-02-25,42.9,4135866
2016-02-26,42.36,2654311
2016-02-29,41.06,3550440
2016-03-01,42.1,5280733
2016-03-02,41.72,2508011
2016-03-03,41.08,4473742
2016-03-04,40.8,3557937
2016-03-07,41.2,3540458
2016-03-08,40.23,3259137
2016-03-09,40.46,4083719
2016-03-10,39.91,7999495
2016-03-11,41.87,5890901
2016-03-14,41.31,3338468
2016-03-15,40.72,7035117
2016-03-16,40.46,5147364
2016-03-17,39.72,7288060
2016-03-18,40.86,5812842
2016-03-21,41.62,5461655
2016-03-22,42.75,7592572
2016-03-23,42.64,5261521
2016-03-24,42.48,4796624
2016-03-28,42.18,2038308
2016-03-29,43.12,2763536
2016-03-30,44.02,5311700
2016-03-31,44.33,6326689
2016-04-01,44.99,4549824
2016-04-04,45.76,5400569
2016-04-05,45.85,6004348
2016-04-06,47.27,6181360
2016-04-07,47.19,5865559
2016-04-08,46.94,4872705
2016-04-11,46.67,3962142
2016-04-12,47.01,3634764
2016-04-13,47.5,3295670
2016-04-14,47.67,3065321
2016-04-15,48.11,3189355
2016-04-18,48.57,3034017
2016-04-19,48.56,2426212
2016-04-20,48.47,2702109
2016-04-21,48.44,2998927
2016-04-22,48.64,2117646
2016-04-25,47.32,5239550
2016-04-26,47.61,3360295
2016-04-27,47.46,2490103
2016-04-28,47.19,1888639
2016-04-29,47.03,3342808
2016-05-02,48.03,3705382
2016-05-03,48.15,4473739
2016-05-04,47.05,5430442
2016-05-05,48.24,3534534
2016-05-06,47.34,3499648
2016-05-09,47.5,6011174
2016-05-10,46.56,12371394
2016-05-11,46.0,5596451
2016-05-12,46.25,6171418
2016-05-13,46.39,3167516
2016-05-16,46.77,3694258
2016-05-17,46.5,2562566
2016-05-18,46.96,3498454
2016-05-19,46.43,2189232
2016-05-20,47.06,5065175
2016-05-23,46.4,2356010
2016-05-24,47.29,3450293
2016-05-25,47.0,4637693
2016-05-26,47.33,3116865
2016-05-27,47.18,2023188
2016-05-31,47.42,2804245
2016-06-01,47.85,2140723
2016-06-02,48.13,1751077
2016-06-03,47.93,2286990
2016-06-06,48.41,2006568
2016-06-07,48.35,2433152
2016-06-08,48.45,1827284
2016-06-09,48.14,2121841
2016-06-10,47.39,4378940
2016-06-13,46.19,2829876
2016-06-14,47.19,4245084
2016-06-15,47.22,3517855
2016-06-16,47.26,2366903
2016-06-17,46.44,4009953
2016-06-20,46.91,2543883
2016-06-21,47.29,2698758
2016-06-22,47.33,2640346
2016-06-23,47.9,2291503
2016-06-24,46.51,6423664
2016-06-27,45.42,5047270
2016-06-28,46.42,3628498
2016-06-29,47.24,3603850
2016-06-30,47.46,3769037
2016-07-01,47.45,2008304
2016-07-05,47.5,2655385
2016-07-06,48.09,3451627
2016-07-07,47.69,2338037
2016-07-08,48.5,2851969
2016-07-11,48.29,2011628
2016-07-12,48.87,1824095
2016-07-13,49.19,2574381
2016-07-14,49.98,2618327
2016-07-15,49.68,2088057
2016-07-18,49.72,2757160
2016-07-19,49.37,2305367
2016-07-20,50.25,2530702
2016-07-21,50.14,1721719
2016-07-22,50.26,1308113
2016-07-25,49.99,2053656
2016-07-26,49.92,2582557
2016-07-27,49.85,3930217
2016-07-28,50.06,2852855
2016-07-29,50.47,3504973
2016-08-01,50.4,3715417
2016-08-02,49.72,5500497
2016-08-03,51.21,5425422
2016-08-04,51.41,4520261
2016-08-05,51.09,4222031
2016-08-08,50.8,5174616
2016-08-09,50.93,3667152
2016-08-10,51.81,5086371
2016-08-11,52.07,3056889
2016-08-12,51.98,1980656
2016-08-15,52.38,2280767
2016-08-16,52.09,2696898
2016-08-17,52.3,3027602
2016-08-18,52.29,1842527
2016-08-19,52.54,2714250
2016-08-22,51.23,5297999
2016-08-23,51.25,3518734
2016-08-24,50.63,3262792
2016-08-25,50.47,2919317
2016-08-26,50.76,2707091
2016-08-29,50.76,2370656
2016-08-30,50.75,2878680
2016-08-31,51.1,3446680
2016-09-01,51.11,2695047
2016-09-02,51.26,2226546
2016-09-06,51.29,3957429
2016-09-07,52.04,3766819
2016-09-08,51.41,5517323
2016-09-09,50.39,3173250
2016-09-12,51.15,5678035
2016-09-13,50.32,3880000
2016-09-14,50.55,3544356
2016-09-15,50.72,3331049
2016-09-16,50.51,8679598
2016-09-19,50.32,2428959
2016-09-20,50.6,1722833
2016-09-21,51.06,2487488
2016-09-22,51.63,3173490
2016-09-23,51.51,2560491
2016-09-26,51.21,3266966
2016-09-27,51.87,3203389
2016-09-28,51.75,2842261
2016-09-29,51.02,2877920
2016-09-30,52.01,3971569
2016-10-03,52.36,2412695
2016-10-04,52.31,3189769
2016-10-05,52.18,2608084
2016-10-06,51.65,2702501
2016-10-07,51.85,3323648
2016-10-10,52.69,3119094
2016-10-11,50.96,7512167
2016-10-12,51.42,4602127
2016-10-13,51.02,2812177
2016-10-14,50.18,2485377
2016-10-17,50.03,2644607
2016-10-18,51.06,2032614
2016-10-19,51.11,1605234
2016-10-20,51.3,1497785
2016-10-21,50.94,2032227
2016-10-24,51.03,1674033
2016-10-25,49.99,3557260
2016-10-26,48.77,3930051
2016-10-27,48.77,2564509
2016-10-28,48.56,3168268
2016-10-31,47.8,4635765
2016-11-01,47.25,8722821
2016-11-02,50.11,8106616
2016-11-03,48.95,4550193
2016-11-04,49.94,4234161
2016-11-07,49.98,9364491
2016-11-08,50.33,3852221
2016-11-09,51.0,5102875
2016-11-10,51.09,5661784
2016-11-11,50.61,3527011
2016-11-14,48.96,3681828
2016-11-15,49.15,5996815
2016-11-16,48.84,2941523
2016-11-17,49.21,3645088
2016-11-18,49.89,4747938
2016-11-21,50.0,2730212
2016-11-22,49.63,3018483
2016-11-23,50.18,2056184
2016-11-25,50.18,804749
2016-11-28,50.15,2695157
2016-11-29,50.45,2314144
2016-11-30,50.38,3782081
2016-12-01,49.16,4252362
2016-12-02,49.1,3183437
2016-12-05,49.82,2578193
2016-12-06,50.22,2573040
2016-12-07,51.26,4037819
2016-12-08,51.68,3217027
2016-12-09,51.89,2664496
2016-12-12,50.92,5021825
2016-12-13,51.05,5177724
2016-12-14,50.84,2890470
2016-12-15,52.32,3995397
2016-12-16,52.46,3959794
2016-12-19,52.39,2137592
2016-12-20,53.1,2580756
2016-12-21,53.12,2755192
2016-12-22,53.26,1515790
2016-12-23,53.78,1942469
2016-12-27,53.72,1344976
2016-12-28,53.44,1241854
2016-12-29,53.62,1047017
2016-12-30,53.53,1701204
2017-01-03,53.59,3580369
2017-01-04,54.11,3316309
2017-01-05,53.93,2469121
2017-01-06,54.1,2845753
2017-01-09,53.95,2123301
2017-01-10,53.93,2087082
2017-01-11,53.31,3400547
2017-01-12,53.39,1513688
2017-01-13,53.74,2458676
2017-01-17,53.22,2213400
2017-01-18,53.3,3199880
2017-01-19,53.5,2902544
2017-01-20,53.97,3573514
2017-01-23,53.75,2978626
2017-01-24,53.78,2490862
2017-01-25,54.0,5709082
2017-01-26,53.84,2272268
2017-01-27,54.65,2326838
2017-01-30,54.27,2317125
2017-01-31,54.94,3616460
2017-02-01,55.32,2492158
2017-02-02,55.7,2723044
2017-02-03,55.92,2309365
2017-02-06,55.77,2894262
2017-02-07,55.98,2402728
2017-02-08,55.96,2888874
2017-02-09,55.96,2655773
2017-02-10,55.73,6160949
2017-02-13,55.14,5636017
2017-02-14,55.02,5216391
2017-02-15,55.15,5639895
2017-02-16,52.78,12881819
2017-02-17,52.51,8167474
2017-02-21,53.47,5931413
2017-02-22,53.38,3596975
2017-02-23,53.58,4673432
2017-02-24,53.88,4819662
2017-02-27,53.83,4220561
2017-02-28,53.31,4106339
2017-03-01,53.89,3581081
2017-03-02,53.37,3299974
2017-03-03,53.42,2483602
2017-03-06,53.08,1832305
2017-03-07,53.07,2763243
2017-03-08,53.0,2095304
2017-03-09,53.69,3187968
2017-03-10,53.34,2833539
2017-03-13,53.56,2297765
2017-03-14,53.42,2277529
2017-03-15,54.28,2926129
2017-03-16,54.43,3245909
2017-03-17,54.0,4510179
2017-03-20,54.28,2180574
2017-03-21,53.39,3008336
2017-03-22,53.87,3276789
2017-03-23,53.8,3015617
2017-03-24,53.85,2384029
2017-03-27,53.97,3168491
2017-03-28,54.16,2328150
2017-03-29,53.82,2269855
2017-03-30,53.47,2697544
2017-03-31,53.37,3163836
2017-04-03,53.17,2806458
2017-04-04,52.65,3002457
2017-04-05,52.67,3762934
2017-04-06,52.67,4210467
2017-04-07,52.54,2218732
2017-04-10,52.74,1772287
2017-04-11,52.85,1976384
2017-04-12,53.22,2764541
2017-04-13,53.1,2104936
2017-04-17,53.5,1975296
2017-04-18,53.55,2194420
2017-04-19,53.85,4102669
2017-04-20,54.29,2233170
2017-04-21,54.19,2124663
2017-04-24,54.99,2770642
2017-04-25,55.12,4033250
2017-04-26,55.57,2630673
2017-04-27,56.46,2905601
2017-04-28,56.11,3339169
2017-05-01,56.28,3541817
2017-05-02,56.47,3728559
2017-05-03,55.59,5741065
2017-05-04,58.87,6920657
2017-05-05,59.47,6820295
2017-05-08,58.81,3106766
2017-05-09,59.43,3079095
2017-05-10,59.9,4014071
2017-05-11,59.72,2502580
2017-05-12,59.88,3407876
2017-05-15,60.0,2277973
2017-05-16,60.33,1762930
2017-05-17,59.73,2297985
2017-05-18,59.91,1554233
2017-05-19,60.31,2566475
2017-05-22,60.31,3068104
2017-05-23,61.43,3144690
2017-05-24,62.3,3689112
2017-05-25,62.58,2824769
2017-05-26,62.61,1984428
2017-05-30,62.26,2884394
2017-05-31,62.28,3720561
2017-06-01,62.64,3108993
2017-06-02,62.5,4071353
2017-06-05,62.67,3322818
2017-06-06,62.98,2368855
2017-06-07,63.26,1860190
2017-06-08,62.58,3086559
2017-06-09,62.59,2021675
2017-06-12,61.85,4399863
2017-06-13,61.96,2007084
2017-06-14,62.23,1780929
2017-06-15,62.39,1603920
2017-06-16,62.55,2768793
2017-06-19,63.03,1753450
2017-06-20,63.0,2075304
2017-06-21,63.0,2356485
2017-06-22,63.51,2378237
2017-06-23,62.78,5082251
2017-06-26,62.72,1901134
2017-06-27,62.76,2329866
2017-06-28,62.95,1635153
2017-06-29,62.5,1742957
2017-06-30,62.38,1859376
2017-07-03,62.67,744262
2017-07-05,62.55,2998918
2017-07-06,61.79,2316753
2017-07-07,62.59,2227221
2017-07-10,62.47,1596841
2017-07-11,62.21,1220177
2017-07-12,62.56,2016188
2017-07-13,63.05,2976052
2017-07-14,63.35,2131365
2017-07-17,63.07,1695813
2017-07-18,62.46,1658468
2017-07-19,62.42,1845549
2017-07-20,62.75,1342440
2017-07-21,63.16,2085611
2017-07-24,63.29,1717049
2017-07-25,61.28,5703538
2017-07-26,62.06,3153569
2017-07-27,62.01,2090512
2017-07-28,62.21,1540607
2017-07-31,62.52,2130374
2017-08-01,62.27,1750974
2017-08-02,61.54,1831228
2017-08-03,62.28,1768815
2017-08-04,62.12,1277542
2017-08-07,61.83,4153627
2017-08-08,60.0,4283075
2017-08-09,60.81,3831603
2017-08-10,59.74,2428748
2017-08-11,59.73,2285238
2017-08-14,60.74,2289159
2017-08-15,61.03,2151039
2017-08-16,61.5,1280985
2017-08-17,60.9,1615307
2017-08-18,60.75,1506499
2017-08-21,61.35,1641362
2017-08-22,61.6,3401672
2017-08-23,61.36,1540525
2017-08-24,61.39,2089956
2017-08-25,61.33,1965949
2017-08-28,61.54,2093840
2017-08-29,61.5,1331326
2017-08-30,61.94,1986035
2017-08-31,62.7,2934224
2017-09-01,62.87,1407533
2017-09-05,63.17,2860197
2017-09-06,63.39,3206767
2017-09-07,64.85,2547276
2017-09-08,64.7,2608157
2017-09-11,65.28,1842380
2017-09-12,65.4,1832030
2017-09-13,65.28,1509387
2017-09-14,65.25,2584653
2017-09-15,65.2,2115398
2017-09-18,65.2,1584933
2017-09-19,64.78,1955702
2017-09-20,64.48,2556700
2017-09-21,64.24,1188682
2017-09-22,64.16,1533243
2017-09-25,63.67,2087622
2017-09-26,63.33,1579984
2017-09-27,63.21,1862023
2017-09-28,63.32,1689705
2017-09-29,63.76,1869451
2017-10-02,63.75,1763406
2017-10-03,63.59,1661981
2017-10-04,63.57,1953217
2017-10-05,63.75,2306724
2017-10-06,63.75,2212687
2017-10-09,63.73,1248389
2017-10-10,63.99,2014578
2017-10-11,64.28,1453338
2017-10-12,64.91,1810925
2017-10-13,65.44,2165832
2017-10-16,65.71,2405585
2017-10-17,65.81,2190279
2017-10-18,65.56,1723232
2017-10-19,65.58,1572016
2017-10-20,65.94,1646359
2017-10-23,65.28,1779360
2017-10-24,64.98,1628313
2017-10-25,64.38,1592209
2017-10-26,63.74,2777321
2017-10-27,64.05,2856631
2017-10-30,63.24,3725372
2017-10-31,63.82,2579645
2017-11-01,64.51,3045018
2017-11-02,67.31,1000755
2017-11-03,68.69,4036841
2017-11-06,69.71,3884094
2017-11-07,68.45,4678831
2017-11-08,69.51,3933519
2017-11-09,69.3,2406568
2017-11-10,69.13,1905712
2017-11-13,68.88,2747295
2017-11-14,69.9,2372007
2017-11-15,69.62,2072577
2017-11-16,70.41,2055575
2017-11-17,70.79,2337803
2017-11-20,70.95,2268281
2017-11-21,71.36,2690416
2017-11-22,71.07,1437160
2017-11-24,71.29,1200253
2017-11-27,71.54,1874682
2017-11-28,71.39,2606297
2017-11-29,71.61,1618690
2017-11-30,72.29,2602127
2017-12-01,72.3,1932240
2017-12-04,71.02,3555221
2017-12-05,70.85,2258825
2017-12-06,70.97,1507349
2017-12-07,71.64,2694240
2017-12-08,71.88,1623123
2017-12-11,71.77,1140496
2017-12-12,72.23,1921247
2017-12-13,72.38,1586430
2017-12-14,71.76,1364169
2017-12-15,71.96,2752869
2017-12-18,72.63,1648836
2017-12-19,72.8,1943534
2017-12-20,72.71,1802393
2017-12-21,72.28,1152793
2017-12-22,71.99,1343760
2017-12-26,72.34,791944
2017-12-27,72.45,1145321
2017-12-28,72.39,705277
2017-12-29,72.04,1687995
2018-01-02,71.77,2130998
2018-01-03,72.1,2328239
2018-01-04,72.53,2532728
2018-01-05,73.36,2155584
2018-01-08,74.24,3631377
2018-01-09,75.11,2721794
2018-01-10,73.91,2257190
2018-01-11,74.59,1611851
2018-01-12,75.39,1902460
2018-01-16,75.54,2584968
2018-01-17,76.77,2766725
2018-01-18,76.33,2521309
2018-01-19,76.62,3466840
2018-01-22,77.48,4117190
2018-01-23,77.59,2235537
2018-01-24,78.33,2571628
2018-01-25,79.25,2321195
2018-01-26,80.09,2485834
2018-01-29,79.18,2618195
2018-01-30,78.35,3791182
2018-01-31,76.73,4112741
2018-02-01,77.82,2981814
2018-02-02,76.78,2567948
2018-02-05,73.83,2880692
2018-02-06,73.27,4749910
2018-02-07,73.86,3341292
2018-02-08,71.51,2601611
2018-02-09,72.35,3259691
2018-02-12,73.19,3431211
2018-02-13,73.24,2123407
2018-02-14,74.46,2905065
2018-02-15,78.5,5974088
2018-02-16,79.73,3921066
2018-02-20,80.35,3639223
2018-02-21,80.5,3403138
2018-02-22,80.76,2224224
2018-02-23,82.79,2659544
2018-02-26,83.3,2200572
2018-02-27,81.67,2240854
2018-02-28,80.86,1963612
2018-03-01,80.44,3010275
2018-03-02,81.28,2027160
2018-03-05,81.89,2148473
2018-03-06,81.51,2102685
2018-03-07,81.76,2878607
2018-03-08,82.54,2191692
2018-03-09,84.52,2961488
2018-03-12,84.41,2203405
2018-03-13,84.59,1892446
2018-03-14,84.35,1786276
2018-03-15,84.69,1659218
2018-03-16,84.6,2669216
2018-03-19,83.15,2411781
2018-03-20,84.66,2602416
2018-03-21,84.1,3193284
2018-03-22,82.06,3203633
2018-03-23,80.6,2590726
2018-03-26,83.73,3084185
2018-03-27,81.86,2676191
2018-03-28,81.0,2634557
2018-03-29,83.51,4122924
2018-04-02,81.21,2566044
2018-04-03,82.87,2216498
2018-04-04,82.85,3093393
2018-04-05,83.52,2521968
2018-04-06,80.97,2752329
2018-04-09,81.87,2456742
2018-04-10,83.09,2388461
2018-04-11,83.07,2239684
2018-04-12,83.96,1369460
2018-04-13,83.57,1162616
2018-04-16,84.4,1663047
2018-04-17,85.67,1900975
2018-04-18,85.97,2151268
2018-04-19,85.41,2176061
2018-04-20,85.45,1815222
2018-04-23,85.3,1396228
2018-04-24,84.35,2108659
2018-04-25,84.57,1653150
2018-04-26,84.73,2154581
2018-04-27,84.84,1119204
2018-04-30,83.48,3364459
2018-05-01,83.4,3215663
2018-05-02,79.9,7496476
2018-05-03,80.38,4833579
2018-05-04,81.56,2882317
2018-05-07,82.15,2021843
2018-05-08,82.0,2534364
2018-05-09,82.33,3009287
2018-05-10,83.46,1977608
2018-05-11,84.45,2210359
2018-05-14,84.06,2484489
2018-05-15,83.02,2203082
2018-05-16,82.85,3221278
2018-05-17,82.95,1844886
2018-05-18,84.4,2157098
2018-05-21,85.38,1641257
2018-05-22,84.38,1659010
2018-05-23,84.88,1739250
2018-05-24,84.75,1244933
2018-05-25,83.67,1964008
2018-05-29,83.15,1822524
2018-05-30,84.45,1893201
2018-05-31,83.7,2693725
2018-06-01,85.42,1422292
2018-06-04,85.39,1546388
2018-06-05,84.76,2152050
2018-06-06,85.47,1917830
2018-06-07,85.66,1758530
2018-06-08,86.78,2285111
2018-06-11,87.06,2091889
2018-06-12,87.15,2235951
2018-06-13,87.36,2386236
2018-06-14,88.15,2627762
2018-06-15,89.2,4208453
2018-06-18,88.93,3538897
2018-06-19,87.25,2742776
2018-06-20,87.0,3331836
2018-06-21,87.02,2462299
2018-06-22,85.82,9607244
2018-06-25,84.7,3069455
2018-06-26,84.01,3358879
2018-06-27,83.36,2288123
2018-06-28,84.83,2199466
2018-06-29,85.19,3618498
2018-07-02,85.65,1759002
2018-07-03,86.07,1283503
2018-07-05,86.15,2474629
2018-07-06,86.86,2073621
2018-07-09,87.49,1836765
2018-07-10,86.22,2894838
2018-07-11,84.5,2960460
2018-07-12,85.47,3629049
2018-07-13,86.14,1948280
2018-07-16,84.58,2473295
2018-07-17,85.77,2269622
2018-07-18,85.95,1699818
2018-07-19,85.42,1405800
2018-07-20,85.29,1978168
2018-07-23,83.96,3026941
2018-07-24,83.5,2952510
2018-07-25,85.64,2516984
2018-07-26,85.54,2717416
2018-07-27,85.2,2998203
2018-07-30,84.49,2174881
2018-07-31,86.48,3692546
2018-08-01,86.02,2775867
2018-08-02,91.43,4942822
2018-08-03,91.63,4377664
2018-08-06,92.58,2644907
2018-08-07,92.49,2052083
2018-08-08,93.23,1918097
2018-08-09,92.4,2347041
2018-08-10,91.7,1684641
2018-08-13,91.26,1439260
2018-08-14,91.37,2385140
2018-08-15,90.85,2017306
2018-08-16,91.54,2462438
2018-08-17,91.47,2712621
2018-08-20,92.16,1175878
2018-08-21,92.09,1220426
2018-08-22,89.67,2831049
2018-08-23,89.67,1899803
2018-08-24,89.6,1655649
2018-08-27,89.38,1536872
2018-08-28,89.55,2129941
2018-08-29,89.83,1710668
2018-08-30,89.81,1442969
2018-08-31,90.6,2018388
2018-09-04,89.97,1938978
2018-09-05,89.06,2167240
2018-09-06,89.74,1883546
2018-09-07,89.43,1987036
2018-09-10,88.87,1289614
2018-09-11,88.24,2094568
2018-09-12,88.79,1631086
2018-09-13,89.7,2277876
2018-09-14,89.01,2607947
2018-09-17,88.3,1667207
2018-09-18,89.18,1722348
2018-09-19,89.08,2273387
2018-09-20,90.06,3428300
2018-09-21,89.83,3448374
2018-09-24,89.65,1526189
2018-09-25,90.26,1800511
2018-09-26,90.36,2336165
2018-09-27,91.2,1411252
2018-09-28,91.56,1710921
2018-10-01,91.66,1891203
2018-10-02,91.83,2170116
2018-10-03,93.53,3142434
2018-10-04,91.07,2433927
2018-10-05,91.95,1723523
2018-10-08,91.47,1589217
2018-10-09,92.55,1987864
2018-10-10,89.63,2140935
2018-10-11,87.0,3134539
2018-10-12,88.9,2436723
2018-10-15,90.08,2550942
2018-10-16,91.81,2337590
2018-10-17,92.79,2127091
2018-10-18,91.83,1663690
2018-10-19,91.47,1735439
2018-10-22,92.8,2750229
2018-10-23,91.47,2941822
2018-10-24,88.77,2909638
2018-10-25,90.47,1745260
2018-10-26,88.85,2284727
2018-10-29,89.65,1966042
2018-10-30,90.18,2446764
2018-10-31,90.15,4295597
2018-11-01,94.25,4277036
2018-11-02,92.77,2685329
2018-11-05,92.72,3133099
2018-11-06,92.76,2478857
2018-11-07,95.19,2613716
2018-11-08,94.9,1760914
2018-11-09,95.27,2137721
2018-11-12,94.43,2375370
2018-11-13,94.17,1804733
2018-11-14,92.48,2244059
2018-11-15,91.62,3887900
2018-11-16,92.27,1883021
2018-11-19,90.1,2195844
2018-11-20,88.41,2606237
2018-11-21,88.68,2271073
2018-11-23,89.24,836265
2018-11-26,89.52,1908147
2018-11-27,90.2,1879280
2018-11-28,92.8,3411183
2018-11-29,92.77,1457262
2018-11-30,93.87,3143526
2018-12-03,93.57,1968948
2018-12-04,90.57,2557659
2018-12-06,90.41,3006398
2018-12-07,88.09,1768888
2018-12-10,88.92,1930107
2018-12-11,89.8,1684367
2018-12-12,90.73,1630309
2018-12-13,90.94,1908462
2018-12-14,88.45,2350864
2018-12-17,84.94,3374163
2018-12-18,84.99,2972107
2018-12-19,83.44,2922795
2018-12-20,82.42,2850569
2018-12-21,81.68,4091722
2018-12-24,79.28,1551429
2018-12-26,82.92,1869686
2018-12-27,84.33,2244681
2018-12-28,84.49,1797337
2018-12-31,85.54,1485209
2019-01-02,84.48,2665594
2019-01-03,81.56,2390893
2019-01-04,84.76,3383540
2019-01-07,85.27,2360785
2019-01-08,86.54,2250279
2019-01-09,86.23,3158379
2019-01-10,85.9,1837508
2019-01-11,86.06,1393891
2019-01-14,84.5,1592718
2019-01-15,84.81,2277948
2019-01-16,83.21,3880583
2019-01-17,84.25,2711408
2019-01-18,84.59,3059017
2019-01-22,84.09,2782904
2019-01-23,83.69,2073840
2019-01-24,83.66,2883632
2019-01-25,84.69,4021965
2019-01-28,83.65,2471773
2019-01-29,84.41,1842134
2019-01-30,85.09,2097271
2019-01-31,86.16,2620027
2019-02-01,87.14,2111911
2019-02-04,86.97,1976959
2019-02-05,87.37,3263151
2019-02-06,87.58,1968899
2019-02-07,86.21,1594385
2019-02-08,86.83,2082666
2019-02-11,86.27,3361139
2019-02-12,87.51,2626428
2019-02-13,88.25,3698714
2019-02-14,93.26,5438161
2019-02-15,95.37,3308197
2019-02-19,94.91,2251444
2019-02-20,94.39,2165713
2019-02-21,93.47,1903723
2019-02-22,94.61,1852187
2019-02-25,94.39,1295510
2019-02-26,93.49,1829388
2019-02-27,93.8,1535147
2019-02-28,94.23,2253418
2019-03-01,95.75,2069346
2019-03-04,95.87,2749704
2019-03-05,95.78,2541004
2019-03-06,94.17,2113017
2019-03-07,92.55,4092523
2019-03-08,92.41,2412788
2019-03-11,94.73,2902107
2019-03-12,95.75,2433729
2019-03-13,96.93,2665086
2019-03-14,96.2,1751511
2019-03-15,96.91,2904430
2019-03-18,97.77,2144067
2019-03-19,98.72,1903377
2019-03-20,98.5,1592043
2019-03-21,99.64,1658858
2019-03-22,97.93,1489169
2019-03-25,97.93,1402362
2019-03-26,98.82,1795350
2019-03-27,98.52,1487310
2019-03-28,99.39,2288312
2019-03-29,100.67,2323048
2019-04-01,101.54,2659685
2019-04-02,102.04,1737870
2019-04-03,102.12,1769050
2019-04-04,101.98,2475509
2019-04-05,102.12,1865699
2019-04-08,102.23,1909542
2019-04-09,101.46,1657141
2019-04-10,101.33,1566706
2019-04-11,101.06,1062746
2019-04-12,101.67,1828996
2019-04-15,101.26,1680401
2019-04-16,99.17,2014183
2019-04-17,97.98,2142549
2019-04-18,99.03,3420396
2019-04-22,100.12,2058536
2019-04-23,101.97,2716850
2019-04-24,101.1,2196362
2019-04-25,101.83,1494169
2019-04-26,103.35,2035418
2019-04-29,101.26,3445053
2019-04-30,101.84,2356366
2019-05-01,101.79,2095185
2019-05-02,103.15,2003579
2019-05-03,103.75,1965192
2019-05-06,103.33,1301132
2019-05-07,101.37,1673400
2019-05-08,101.86,1367618
2019-05-09,101.67,1517130
2019-05-10,102.29,1885835
2019-05-13,101.35,1754392
2019-05-14,101.25,1711735
2019-05-15,101.84,1459540
2019-05-16,102.93,1929840
2019-05-17,101.97,2042107
2019-05-20,102.22,1665017
2019-05-21,102.38,1166705
2019-05-22,102.94,1059262
2019-05-23,102.89,1726231
2019-05-24,102.4,1266746
2019-05-28,102.02,4304050
2019-05-29,101.15,1883065
2019-05-30,102.33,1281944
2019-05-31,101.05,1642139
2019-06-03,103.95,3397121
2019-06-04,108.12,3712082
2019-06-05,108.5,3224165
2019-06-06,108.89,3123425
2019-06-07,110.06,1964788
2019-06-10,110.22,2730091
2019-06-11,110.16,1706288
2019-06-12,111.44,1907492
2019-06-13,110.03,1790158
2019-06-14,110.79,1790097
2019-06-17,110.81,1726693
2019-06-18,113.38,2572933
2019-06-19,114.28,2026663
2019-06-20,112.97,3083317
2019-06-21,112.88,3468821
2019-06-24,113.47,1875692
2019-06-25,113.86,1669226
2019-06-26,113.05,1743138
2019-06-27,112.76,1348942
2019-06-28,113.49,2414061
2019-07-01,113.57,1472477
2019-07-02,114.59,1568108
2019-07-03,115.34,1051999
2019-07-05,114.18,1762448
2019-07-08,114.1,1267329
2019-07-09,113.26,2721981
2019-07-10,114.57,1764112
2019-07-11,114.35,1588019
2019-07-12,113.31,1473388
2019-07-15,113.57,1255269
2019-07-16,113.48,1214627
2019-07-17,113.68,1930290
2019-07-18,114.94,1177706
2019-07-19,114.09,1838967
2019-07-22,115.94,3063419
2019-07-23,115.94,1209577
2019-07-24,115.44,1581163
2019-07-25,114.65,1174501
2019-07-26,115.11,1574128
2019-07-29,115.55,1541488
2019-07-30,115.79,1380767
2019-07-31,114.89,2099847
2019-08-01,115.7,2101166
2019-08-02,116.36,2226984
2019-08-05,112.57,3488143
2019-08-06,121.17,4042312
2019-08-07,120.89,2659038
2019-08-08,124.11,2294975
2019-08-09,125.07,1661032
2019-08-12,123.96,1499000
2019-08-13,124.7,1787789
2019-08-14,121.79,1875196
2019-08-15,123.68,1650691
2019-08-16,125.37,1209664
2019-08-19,126.75,1137024
2019-08-20,126.05,1657143
2019-08-21,127.64,1874969
2019-08-22,126.64,2397878
2019-08-23,123.07,2321435
2019-08-26,126.2,1267522
2019-08-27,125.24,2394879
2019-08-28,125.77,1110045
2019-08-29,126.68,1498847
2019-08-30,126.42,1601182
2019-09-03,127.04,1887417
2019-09-04,127.59,1953884
2019-09-05,128.07,1721439
2019-09-06,128.43,1698163
2019-09-09,126.66,2575345
2019-09-10,123.03,3089390
2019-09-11,120.7,3365269
2019-09-12,121.69,2444834
2019-09-13,121.02,3116126
2019-09-16,119.64,2646471
2019-09-17,122.42,2187941
2019-09-18,123.24,1674811
2019-09-19,124.27,1424399
2019-09-20,125.62,2585539
2019-09-23,125.08,1611524
2019-09-24,125.05,1848190
2019-09-25,124.78,1196583
2019-09-26,126.06,1870787
2019-09-27,123.9,1664029
2019-09-30,124.59,1937297
2019-10-01,125.12,1565194
2019-10-02,122.29,1743434
2019-10-03,124.28,1677615
2019-10-04,127.05,1471502
2019-10-07,126.07,1009870
2019-10-08,125.38,1776857
2019-10-09,126.43,1486009
2019-10-10,127.41,1918456
2019-10-11,128.47,2316328
2019-10-14,126.59,1897421
2019-10-15,128.71,2028782
2019-10-16,127.93,1656071
2019-10-17,128.47,1518400
2019-10-18,128.12,2451391
2019-10-21,126.45,1674005
2019-10-22,122.81,2338223
2019-10-23,121.8,2848142
2019-10-24,122.95,2228197
2019-10-25,124.36,1561029
2019-10-28,125.13,1441780
2019-10-29,126.16,1683741
2019-10-30,127.6,2042091
2019-10-31,127.92,1905320
2019-11-01,125.34,2466234
2019-11-04,124.76,1918835
2019-11-05,120.25,4491000
2019-11-06,121.47,3507717
2019-11-07,121.03,3945352
2019-11-08,117.86,3818916
2019-11-11,117.03,2035190
2019-11-12,117.2,2131421
2019-11-13,116.45,2508296
2019-11-14,116.25,1958481
2019-11-15,117.92,3429185
2019-11-18,118.8,3023071
2019-11-19,120.33,2349545
2019-11-20,119.56,2142938
2019-11-21,120.22,1654518
2019-11-22,119.81,1627712
2019-11-25,120.61,1774394
2019-11-26,121.89,3689493
2019-11-27,121.63,1443349
2019-11-29,120.52,1064417
2019-12-02,119.91,2050420
2019-12-03,120.53,2447226
2019-12-04,119.74,2566481
2019-12-05,120.11,2771084
2019-12-06,121.72,2387194
2019-12-09,121.23,1570775
2019-12-10,122.78,2047041
2019-12-11,123.56,1697537
2019-12-12,124.33,2041824
2019-12-13,124.45,1130093
2019-12-16,126.46,1391056
2019-12-17,127.1,1994846
2019-12-18,126.99,2350195
2019-12-19,128.74,2055746
2019-12-20,132.68,5320307
2019-12-23,132.37,1632282
2019-12-24,132.92,442469
2019-12-26,133.03,929358
2019-12-27,133.25,1296099
2019-12-30,132.21,941961
2019-12-31,132.35,1128567
2020-01-02,134.14,1576715
2020-01-03,134.16,1274048
2020-01-06,133.13,2333456
2020-01-07,133.58,1226256
2020-01-08,133.29,1766675
2020-01-09,135.06,2075355
2020-01-10,135.57,1248963
2020-01-13,136.51,1797602
2020-01-14,137.27,1848833
2020-01-15,138.54,1859371
2020-01-16,139.24,1822755
2020-01-17,140.16,1993174
2020-01-21,141.93,4693288
2020-01-22,141.5,1888928
2020-01-23,138.34,2148497
2020-01-24,136.31,2047030
2020-01-27,135.96,1656362
2020-01-28,138.26,2176500
2020-01-29,138.51,1366469
2020-01-30,138.03,1735411
2020-01-31,134.21,2582290
2020-02-03,135.52,2376967
2020-02-04,138.97,1839782
2020-02-05,137.89,1507609
2020-02-06,138.97,2206839
2020-02-07,138.9,1780830
2020-02-10,142.55,2455986
2020-02-11,144.03,2274224
2020-02-12,142.98,1830120
2020-02-13,144.94,3384463
2020-02-14,144.17,1810544
2020-02-18,143.65,2461698
2020-02-19,144.06,1676561
2020-02-20,143.55,1182536
2020-02-21,142.23,1754761
2020-02-24,138.39,1642041
2020-02-25,134.82,2236164
2020-02-26,136.15,2562064
2020-02-27,133.95,3075217
2020-02-28,133.23,4776253
2020-03-02,138.91,2881583
2020-03-03,137.24,2768212
2020-03-04,143.62,3283742
2020-03-05,139.56,2472637
2020-03-06,137.05,3204214
2020-03-09,129.72,2827369
2020-03-10,132.72,3265548
2020-03-11,130.27,3527381
2020-03-12,120.28,5299557
2020-03-13,125.48,4073326
2020-03-16,107.04,4364704
2020-03-17,111.05,5299624
2020-03-18,105.82,5216256
2020-03-19,102.33,4492457
2020-03-20,100.94,6662627
2020-03-23,92.66,5405777
2020-03-24,103.76,4732473
2020-03-25,108.21,4424844
2020-03-26,117.91,4158836
2020-03-27,111.77,2870096
2020-03-30,116.68,2030797
2020-03-31,117.69,3956022
2020-04-01,111.92,2521032
2020-04-02,116.03,2403719
2020-04-03,114.61,1701872
2020-04-06,126.79,3419874
2020-04-07,126.11,3074981
2020-04-08,127.25,2478445
2020-04-09,128.75,1962328
2020-04-13,122.95,3188463
2020-04-14,127.82,2508161
2020-04-15,123.81,2262855
2020-04-16,127.45,2063963
2020-04-17,130.72,1977580
2020-04-20,127.39,2418611
2020-04-21,124.7,2601299
2020-04-22,125.81,1943715
2020-04-23,123.64,3258744
2020-04-24,125.91,1945362
2020-04-27,127.42,2202168
2020-04-28,123.0,3098372
2020-04-29,125.55,2905278
2020-04-30,129.31,3075290
2020-05-01,127.53,1738347
2020-05-04,127.44,1833792
2020-05-05,131.3,2445143
2020-05-06,125.69,3393866
2020-05-07,124.24,3097966
2020-05-08,125.47,1617512
2020-05-11,126.39,1888251
2020-05-12,124.01,1889529
2020-05-13,123.03,1879048
2020-05-14,126.03,2246802
2020-05-15,127.49,2921692
2020-05-18,131.42,2762779
2020-05-19,134.34,3335349
2020-05-20,133.34,2302436
2020-05-21,130.33,1413082
2020-05-22,130.11,1602422
2020-05-26,130.45,2322278
2020-05-27,135.64,2287020
2020-05-28,138.11,2367779
2020-05-29,139.39,2814540
2020-06-01,138.34,1412949
2020-06-02,141.48,1649063
2020-06-03,142.53,1459520
2020-06-04,140.52,1524782
2020-06-05,141.01,1947778
2020-06-08,141.3,1747335
2020-06-09,138.8,1622450
2020-06-10,139.91,1731140
2020-06-11,131.06,2523964
2020-06-12,134.07,1638510
2020-06-15,133.3,2457946
2020-06-16,136.24,1919831
2020-06-17,136.79,1454992
2020-06-18,137.4,1031525
2020-06-19,137.4,2316320
2020-06-22,136.94,1107819
2020-06-23,138.11,994914
2020-06-24,134.3,1701539
2020-06-25,135.31,1141676
2020-06-26,132.66,2612825
2020-06-29,131.98,2126574
2020-06-30,137.04,1878794
2020-07-01,137.19,1227511
2020-07-02,137.66,1307345
2020-07-06,138.6,1297787
2020-07-07,138.44,1140329
2020-07-08,138.81,932569
2020-07-09,137.68,962454
2020-07-10,137.1,1821085
2020-07-13,138.31,1569240
2020-07-14,140.4,1163343
2020-07-15,142.92,2223156
2020-07-16,142.94,1046371
2020-07-17,144.66,1518069
2020-07-20,145.97,1173703
2020-07-21,145.01,1659556
2020-07-22,145.11,1020882
2020-07-23,144.07,1051513
2020-07-24,144.22,1214849
2020-07-27,146.92,1256777
2020-07-28,145.98,2257542
2020-07-29,147.59,1059580
2020-07-30,149.11,1129348
2020-07-31,151.68,2250132
2020-08-03,154.51,1902354
2020-08-04,155.64,1682267
2020-08-05,157.72,1599373
2020-08-06,161.33,2069138
2020-08-07,158.88,1515700
2020-08-10,158.09,1393296
2020-08-11,156.93,1136692
2020-08-12,159.36,1386534
2020-08-13,158.87,1192841
2020-08-14,157.05,1780230
2020-08-17,157.42,2193215
2020-08-18,160.17,1476757
2020-08-19,158.58,1076708
2020-08-20,158.54,1828452
2020-08-21,158.37,1259454
2020-08-24,156.76,1721488
2020-08-25,158.58,1076129
2020-08-26,159.76,1917756
2020-08-27,159.61,1121653
2020-08-28,160.0,925974
2020-08-31,160.1,1392806
2020-09-01,162.05,1273151
2020-09-02,165.33,1790301
2020-09-03,158.8,1794222
2020-09-04,157.24,1552544
2020-09-08,153.51,1829058
2020-09-09,158.91,1408593
2020-09-10,158.1,1356816
2020-09-11,158.59,854092
2020-09-14,160.86,2092036
2020-09-15,162.28,1039901
2020-09-16,161.25,1721183
2020-09-17,160.47,1258067
2020-09-18,160.87,2518721
2020-09-21,160.97,1170004
2020-09-22,161.51,1544967
2020-09-23,159.33,1301298
2020-09-24,157.98,1415603
2020-09-25,160.84,1195871
2020-09-28,161.32,2293871
2020-09-29,162.48,1046340
2020-09-30,165.37,1906706
2020-10-01,164.03,1061924
2020-10-02,163.55,1042653
2020-10-05,163.45,1274675
2020-10-06,161.52,1194883
2020-10-07,159.91,3591701
2020-10-08,163.17,3642531
2020-10-09,165.43,1620930
2020-10-12,168.55,1582288
2020-10-13,165.32,1515846
2020-10-14,163.66,1319542
2020-10-15,162.99,1363831
2020-10-16,163.55,1631047
2020-10-19,159.99,1271127
2020-10-20,159.69,2145698
2020-10-21,161.18,1456729
2020-10-22,162.38,878752
2020-10-23,163.49,1111249
2020-10-26,160.48,1151627
2020-10-27,162.47,1851025
2020-10-28,158.69,2160674
2020-10-29,161.19,1539036
2020-10-30,158.55,2078341
2020-11-02,162.89,1516572
2020-11-03,163.14,1519516
2020-11-04,174.35,3403777
2020-11-05,170.9,2539305
2020-11-06,169.25,2008167
2020-11-09,165.2,2325476
2020-11-10,162.56,2926603
2020-11-11,164.95,1570153
2020-11-12,165.19,1182848
2020-11-13,165.78,1666613
2020-11-16,165.29,1548060
2020-11-17,165.43,1214325
2020-11-18,163.5,1457816
2020-11-19,166.31,1329244
2020-11-20,166.2,1217711
2020-11-23,164.34,1493220
2020-11-24,161.06,2249940
2020-11-25,160.19,1981777
2020-11-27,161.47,853298
2020-11-30,160.38,4533958
2020-12-01,161.36,2081739
2020-12-02,158.95,1529397
2020-12-03,157.07,2308205
2020-12-04,157.95,1497282
2020-12-07,158.45,1407087
2020-12-08,158.99,1593866
2020-12-09,158.7,1510417
2020-12-10,158.12,1847099
2020-12-11,159.53,1260587
2020-12-14,159.5,1613027
2020-12-15,161.96,1813106
2020-12-16,160.62,1440917
2020-12-17,162.7,1486986
2020-12-18,163.63,3566379
2020-12-21,160.84,1463787
2020-12-22,161.83,1209169
2020-12-23,159.85,1164579
2020-12-24,160.72,417444
2020-12-28,162.39,1521959
2020-12-29,163.12,1188357
2020-12-30,164.27,1008988
2020-12-31,165.5,1292649
2021-01-04,163.59,1805925
2021-01-05,164.73,1358576
2021-01-06,167.15,2139772
2021-01-07,167.0,1710732
2021-01-08,168.11,1476016
2021-01-11,169.39,1117009
2021-01-12,166.12,1297600
2021-01-13,161.95,2603060
2021-01-14,160.96,2213940
2021-01-15,161.56,2516495
2021-01-19,162.57,1464165
2021-01-20,163.36,1617993
2021-01-21,164.46,2440414
2021-01-22,163.33,1079071
2021-01-25,161.34,1444111
2021-01-26,159.71,1982312
2021-01-27,153.15,2235674
2021-01-28,156.53,1859337
2021-01-29,154.25,1977226
2021-02-01,155.58,1885656
2021-02-02,157.39,1579786
2021-02-03,155.23,1726227
2021-02-04,157.13,1888056
2021-02-05,159.28,1377771
2021-02-08,160.02,1625162
2021-02-09,159.83,1850786
2021-02-10,160.62,1735754
2021-02-11,164.44,1860345
2021-02-12,166.71,2188658
2021-02-16,166.32,2609735
2021-02-17,168.9,1560823
2021-02-18,167.95,1954227
2021-02-19,160.0,3793058
2021-02-22,160.16,2893711
2021-02-23,159.52,1810990
2021-02-24,159.05,2495911
2021-02-25,156.48,2057666
2021-02-26,155.24,2535948
2021-03-01,157.69,1680112
2021-03-02,157.05,2039522
2021-03-03,149.32,3392701
2021-03-04,144.0,6115220
2021-03-05,145.68,3520693
2021-03-08,145.15,2303137
2021-03-09,150.14,3121545
2021-03-10,151.09,2119202
2021-03-11,152.36,1456814
2021-03-12,152.57,1727209
2021-03-15,154.84,1917755
2021-03-16,155.03,1627554
2021-03-17,156.17,2482531
2021-03-18,152.42,2462258
2021-03-19,153.12,4034405
2021-03-22,155.63,1604165
2021-03-23,156.04,1962790
2021-03-24,155.43,1739876
2021-03-25,152.88,1656603
2021-03-26,156.15,1877216
2021-03-29,158.39,2044806
2021-03-30,157.04,1298025
2021-03-31,157.48,1564136
2021-04-01,157.89,1386393
2021-04-05,158.41,1212588
2021-04-06,155.9,1802511
2021-04-07,157.88,1660514
2021-04-08,160.0,3440848
2021-04-09,159.85,1821862
2021-04-12,162.51,2916385
2021-04-13,163.47,2452713
2021-04-14,163.08,1183120
2021-04-15,165.45,2041510
2021-04-16,167.63,2290807
2021-04-19,168.1,1842856
2021-04-20,168.74,1984799
2021-04-21,170.15,1206871
2021-04-22,169.07,1467718
2021-04-23,170.54,1057490
2021-04-26,169.8,980472
2021-04-27,169.75,1323082
2021-04-28,171.72,1394625
2021-04-29,174.52,1686222
2021-04-30,173.03,2150953
2021-05-03,175.24,1886845
2021-05-04,173.77,1849739
2021-05-05,173.86,1433524
2021-05-06,167.52,3200090
2021-05-07,171.55,1492644
2021-05-10,171.17,1472326
2021-05-11,170.23,1596509
2021-05-12,168.04,1612120
2021-05-13,170.85,1317874
2021-05-14,172.29,1232646
2021-05-17,170.27,1003637
2021-05-18,170.11,1149462
2021-05-19,171.28,1537971
2021-05-20,175.8,2223024
2021-05-21,176.02,3330084
2021-05-24,176.4,2272976
2021-05-25,176.62,2096558
2021-05-26,175.32,1590313
2021-05-27,174.67,3201814
2021-05-28,176.68,1439865
2021-06-01,174.19,1367287
2021-06-02,172.95,1402897
2021-06-03,173.82,1030274
2021-06-04,175.2,1225201
2021-06-07,175.1,1355149
2021-06-08,174.1,946459
2021-06-09,176.69,1349067
2021-06-10,182.1,1890601
2021-06-11,182.2,1622703
2021-06-14,184.58,3695658
2021-06-15,185.67,1629722
2021-06-16,184.11,1819253
2021-06-17,186.44,1245452
2021-06-18,185.39,3361788
2021-06-21,186.6,1980699
2021-06-22,186.62,1416610
2021-06-23,186.12,1279740
2021-06-24,185.38,1686042
2021-06-25,187.23,1994898
2021-06-28,187.08,1386124
2021-06-29,187.99,853874
2021-06-30,186.36,1203613
2021-07-01,189.29,1997233
2021-07-02,192.7,1767008
2021-07-06,194.02,1535327
2021-07-07,197.4,2651086
2021-07-08,196.96,2818174
2021-07-09,197.5,1521074
2021-07-12,198.33,2665837
2021-07-13,199.31,2999022
2021-07-14,201.28,1798906
2021-07-15,200.24,1437963
2021-07-16,199.68,1785405
2021-07-19,197.83,2073301
2021-07-20,200.11,1884850
2021-07-21,198.04,1877603
2021-07-22,200.54,1488784
2021-07-23,203.59,957770
2021-07-26,200.82,1119985
2021-07-27,201.87,1618217
2021-07-28,203.27,1363750
2021-07-29,204.12,1113320
2021-07-30,202.7,2427476
2021-08-02,202.11,1580731
2021-08-03,204.1,2915548
2021-08-04,204.79,1824833
2021-08-05,203.84,2149399
2021-08-06,201.88,1282630
2021-08-09,199.72,1238015
2021-08-10,198.76,1476887
2021-08-11,197.41,1083953
2021-08-12,199.84,831169
2021-08-13,201.48,931172
2021-08-16,204.78,1040250
2021-08-17,206.6,1080462
2021-08-18,203.33,1089345
2021-08-19,206.44,1126439
2021-08-20,207.05,1194003
2021-08-23,206.47,1081602
2021-08-24,204.99,978715
2021-08-25,204.43,780731
2021-08-26,204.02,957609
2021-08-27,203.82,855276
2021-08-30,205.89,667807
2021-08-31,204.56,1480595
2021-09-01,206.44,1030704
2021-09-02,209.22,1116463
2021-09-03,209.69,1003468
2021-09-07,207.81,977237
2021-09-08,209.33,832601
2021-09-09,206.02,1109652
2021-09-10,207.0,1151664
2021-09-13,205.0,1407915
2021-09-14,203.55,1790607
2021-09-15,203.96,1354388
2021-09-16,202.77,1644690
2021-09-17,198.49,4160202
2021-09-20,198.62,1523319
2021-09-21,201.01,1614942
2021-09-22,201.35,1673218
2021-09-23,204.71,1197606
2021-09-24,204.73,1111962
2021-09-27,197.8,1964012
2021-09-28,192.77,1957259
2021-09-29,194.99,1430384
2021-09-30,194.14,1785791
2021-10-01,196.19,2095476
2021-10-04,193.69,1942289
2021-10-05,196.46,2490230
2021-10-06,195.78,1564626
2021-10-07,199.01,1093408
2021-10-08,197.88,1085564
2021-10-11,197.65,901938
2021-10-12,197.15,1398039
2021-10-13,197.46,1223809
2021-10-14,200.39,1314745
2021-10-15,202.22,1235834
2021-10-18,202.73,848761
2021-10-19,204.44,813720
2021-10-20,206.31,794843
2021-10-21,208.62,956999
2021-10-22,208.51,1104379
2021-10-25,211.52,1224710
2021-10-26,210.52,1219253
2021-10-27,209.58,1625257
2021-10-28,212.67,1073676
2021-10-29,216.2,2127498
2021-11-01,213.6,1320163
2021-11-02,212.2,2762136
2021-11-03,211.13,2225317
2021-11-04,217.77,1947341
2021-11-05,216.73,1728047
2021-11-08,217.8,1011261
2021-11-09,220.22,1515517
2021-11-10,216.58,1332001
2021-11-11,215.69,1340165
2021-11-12,216.85,1179718
2021-11-15,216.06,918934
2021-11-16,220.18,1256819
2021-11-17,221.87,1347420
2021-11-18,225.54,1706308
2021-11-19,226.43,1734770
2021-11-22,224.34,1655518
2021-11-23,223.66,1098814
2021-11-24,223.17,1177948
2021-11-26,219.32,976493
2021-11-29,223.55,1391634
2021-11-30,222.04,3828401
2021-12-01,219.66,2042751
2021-12-02,223.19,1705641
2021-12-03,223.33,1479423
2021-12-06,222.97,1212013
2021-12-07,225.7,1296781
2021-12-08,229.62,1441846
2021-12-09,230.16,1107412
2021-12-10,231.45,1188097
2021-12-13,232.36,1160995
2021-12-14,228.07,1762144
2021-12-15,232.08,1842665
2021-12-16,232.81,1537738
2021-12-17,234.31,3042734
2021-12-20,234.26,1122549
2021-12-21,237.64,1509567
2021-12-22,241.57,1136757
2021-12-23,242.51,1172456
2021-12-27,246.51,807031
2021-12-28,244.25,1004427
2021-12-29,247.03,939879
2021-12-30,245.16,859072
2021-12-31,244.03,1066181
2022-01-03,234.03,2772746
2022-01-04,225.12,4664013
2022-01-05,216.56,4749427
2022-01-06,217.42,3103376
2022-01-07,211.09,2206483
2022-01-10,212.6,2232199
2022-01-11,212.8,2229876
2022-01-12,212.81,2451582
2022-01-13,207.0,2347467
2022-01-14,206.18,2209116
2022-01-18,202.7,2424037
2022-01-19,200.58,2155524
2022-01-20,201.96,2844237
2022-01-21,200.33,2632962
2022-01-24,200.07,4093425
2022-01-25,195.25,2673196
2022-01-26,189.84,4532706
2022-01-27,187.66,4606199
2022-01-28,195.3,2963830
2022-01-31,199.79,2591455
2022-02-01,198.87,2143162
2022-02-02,202.17,2494303
2022-02-03,200.92,1734532
2022-02-04,199.54,1919785
2022-02-07,200.32,3303881
2022-02-08,201.3,2880521
2022-02-09,202.29,2026900
2022-02-10,199.37,2808959
2022-02-11,198.87,3714712
2022-02-14,196.43,3382014
2022-02-15,197.76,3618459
2022-02-16,195.09,2916949
2022-02-17,193.07,2435686
2022-02-18,191.32,2558950
2022-02-22,190.1,2183599
2022-02-23,187.06,2070635
2022-02-24,190.95,2903253
2022-02-25,194.71,1742599
2022-02-28,193.65,2220237
2022-03-01,192.54,1669146
2022-03-02,196.07,1355319
2022-03-03,195.87,1052243
2022-03-04,196.84,1467803
2022-03-07,188.09,1825075
2022-03-08,181.39,2414435
2022-03-09,189.58,2630365
2022-03-10,189.22,1995161
2022-03-11,185.29,1589668
2022-03-14,184.66,2044848
2022-03-15,189.11,1261566
2022-03-16,191.92,2064003
2022-03-17,193.68,2199743
2022-03-18,195.9,2578225
2022-03-21,194.71,1869203
2022-03-22,196.88,2217230
2022-03-23,191.23,2115294
2022-03-24,189.57,3445897
2022-03-25,189.43,2355095
2022-03-28,189.37,2995821
2022-03-29,192.28,2557439
2022-03-30,191.32,2612710
2022-03-31,188.59,2477818
2022-04-01,191.11,1831363
2022-04-04,188.74,2603556
2022-04-05,188.4,2059163
2022-04-06,191.38,2843550
2022-04-07,197.93,2781405
2022-04-08,200.09,2455581
2022-04-11,192.5,2252205
2022-04-12,187.91,1746538
2022-04-13,189.52,1517814
2022-04-14,187.3,1819443
2022-04-18,182.81,1857088
2022-04-19,185.94,1615293
2022-04-20,187.78,2071076
2022-04-21,184.72,2179877
2022-04-22,181.95,2016735
2022-04-25,180.3,2097041
2022-04-26,176.97,2448233
2022-04-27,178.47,1621207
2022-04-28,181.31,2338962
2022-04-29,177.25,2251951
2022-05-02,174.67,3513077
2022-05-03,175.14,2152246
2022-05-04,176.86,3726720
2022-05-05,171.45,2855237
2022-05-06,169.21,3339550
2022-05-09,161.81,2984693
2022-05-10,162.65,2851892
2022-05-11,159.9,3355238
2022-05-12,163.08,2396632
2022-05-13,165.33,2239300
2022-05-16,165.5,2457657
2022-05-17,166.43,1871879
2022-05-18,158.86,2614098
2022-05-19,158.63,2956555
2022-05-20,162.56,2467729
2022-05-23,163.0,1909586
2022-05-24,163.05,1689283
2022-05-25,163.03,1735527
2022-05-26,165.9,1596330
2022-05-27,172.1,2043114
2022-05-31,170.93,4268016
2022-06-01,167.02,1733621
2022-06-02,172.7,1399998
2022-06-03,169.01,1208262
2022-06-06,171.01,1414910
2022-06-07,173.78,1473354
2022-06-08,171.29,1310260
2022-06-09,166.49,1327251
2022-06-10,161.49,1606171
2022-06-13,155.97,2285306
2022-06-14,157.8,2197042
2022-06-15,158.07,1758065
2022-06-16,157.39,2003364
2022-06-17,158.83,3865131
2022-06-21,162.01,2080221
2022-06-22,164.21,2137656
2022-06-23,169.17,1535571
2022-06-24,174.61,3255000
2022-06-27,173.6,1378439
2022-06-28,170.12,1725821
2022-06-29,173.92,1658025
2022-06-30,171.89,2220676
2022-07-01,174.21,1498437
2022-07-05,174.25,1853146
2022-07-06,178.5,1883463
2022-07-07,179.1,1317324
2022-07-08,177.98,1301793
2022-07-11,177.04,1008685
2022-07-12,173.81,1643041
2022-07-13,167.81,2271501
2022-07-14,170.79,1570494
2022-07-15,174.54,2409303
2022-07-18,171.76,1834540
2022-07-19,177.42,1838715
2022-07-20,176.25,1944277
2022-07-21,180.6,1878432
2022-07-22,178.18,1224558
2022-07-25,175.18,1291330
2022-07-26,176.38,1354932
2022-07-27,177.47,1312718
2022-07-28,182.27,1318448
2022-07-29,182.55,1751989
2022-08-01,179.74,1243477
2022-08-02,178.83,1180167
2022-08-03,180.16,1659911
2022-08-04,174.31,2391121
2022-08-05,174.61,1523552
2022-08-08,174.01,1231700
2022-08-09,169.55,1415181
2022-08-10,174.06,1377085
2022-08-11,173.18,1367057
2022-08-12,175.67,1185214
2022-08-15,174.45,1243644
2022-08-16,171.79,2210757
2022-08-17,172.46,1367281
2022-08-18,170.17,1298082
2022-08-19,169.52,1223169
2022-08-22,165.04,1606842
2022-08-23,162.42,1320287
2022-08-24,162.63,1206381
2022-08-25,165.53,1088799
2022-08-26,159.89,1468091
2022-08-29,157.87,1218565
2022-08-30,157.08,1918770
2022-08-31,156.53,2149033
2022-09-01,159.41,1839390
2022-09-02,156.98,1529617
2022-09-06,156.84,1680839
2022-09-07,160.4,1506409
2022-09-08,158.49,3039671
2022-09-09,164.31,2453129
2022-09-12,166.35,2129448
2022-09-13,160.99,2264442
2022-09-14,160.23,1785406
2022-09-15,159.18,1641629
2022-09-16,157.3,2698968
2022-09-19,157.19,1616051
2022-09-20,152.94,1991035
2022-09-21,151.24,1554939
2022-09-22,149.46,1795188
2022-09-23,150.05,1626221
2022-09-26,148.6,1631100
2022-09-27,149.4,1930926
2022-09-28,152.26,2079350
2022-09-29,150.95,1642059
2022-09-30,148.29,2437172
2022-10-03,151.35,1580168
2022-10-04,154.75,1676302
2022-10-05,154.59,1260268
2022-10-06,152.59,1324146
2022-10-07,147.37,2022563
2022-10-10,145.78,1568961
2022-10-11,146.25,1583409
2022-10-12,145.86,1474168
2022-10-13,148.64,1478353
2022-10-14,145.4,2625405
2022-10-17,149.79,2180409
2022-10-18,150.42,2783081
2022-10-19,148.13,1983679
2022-10-20,144.43,2327180
2022-10-21,147.21,2354139
2022-10-24,149.37,1356592
2022-10-25,152.3,2065560
2022-10-26,151.67,2162258
2022-10-27,151.14,2343729
2022-10-28,153.28,1615515
2022-10-31,150.78,1899045
2022-11-01,152.72,2286199
2022-11-02,147.36,2638272
2022-11-03,131.14,8065536
2022-11-04,133.67,4314457
2022-11-07,137.86,3940921
2022-11-08,136.21,2552373
2022-11-09,133.17,3186313
2022-11-10,142.61,4381547
2022-11-11,148.55,4129616
2022-11-14,146.45,2492827
2022-11-15,149.82,2916112
2022-11-16,148.28,2358535
2022-11-17,143.6,2816861
2022-11-18,145.64,2410530
2022-11-21,147.33,1998949
2022-11-22,148.63,1628513
2022-11-23,150.47,1445958
2022-11-25,150.1,889532
2022-11-28,148.13,1633281
2022-11-29,147.85,1767126
2022-11-30,154.14,4194057
2022-12-01,156.64,2367854
2022-12-02,157.42,1946139
2022-12-05,155.33,2087429
2022-12-06,153.05,1964771
2022-12-07,150.25,2444170
2022-12-08,153.68,2267517
2022-12-09,153.39,3274861
2022-12-12,152.86,1851816
2022-12-13,154.97,3655913
2022-12-14,151.78,2182004
2022-12-15,148.71,1947390
2022-12-16,144.46,5216029
2022-12-19,143.19,1833774
2022-12-20,142.47,2045994
2022-12-21,144.92,1647454
2022-12-22,145.03,1542106
2022-12-23,145.76,1017856
2022-12-27,145.3,957871
2022-12-28,143.83,1443916
2022-12-29,148.15,1298851
2022-12-30,146.55,1249527
2023-01-03,146.85,1840573
2023-01-04,148.96,1796063
2023-01-05,145.45,1560866
2023-01-06,147.64,1761250
2023-01-09,147.06,1700683
2023-01-10,154.36,2639189
2023-01-11,157.9,3270792
2023-01-12,159.91,2540886
2023-01-13,160.92,2466792
2023-01-17,159.57,3349954
2023-01-18,159.97,2738200
2023-01-19,161.95,2907737
2023-01-20,163.81,4856021
2023-01-23,166.75,2724891
2023-01-24,165.89,2361800
2023-01-25,165.51,1804380
2023-01-26,168.24,1530745
2023-01-27,165.18,1831718
2023-01-30,164.7,1950627
2023-01-31,165.49,2691967
2023-02-01,167.81,2878517
2023-02-02,171.0,2620220
2023-02-03,167.8,1994377
2023-02-06,164.93,1929614
2023-02-07,165.57,1755163
2023-02-08,162.07,2031873
2023-02-09,160.81,1868407
2023-02-10,158.33,2338220
2023-02-13,163.14,2349174
2023-02-14,171.9,3532591
2023-02-15,175.02,2510850
2023-02-16,173.93,1951185
2023-02-17,172.03,1954551
2023-02-21,169.84,1791273
2023-02-22,166.43,2103791
2023-02-23,169.5,1769030
2023-02-24,166.33,1843192
2023-02-27,165.47,1183724
2023-02-28,167.0,2935201
2023-03-01,167.57,1594184
2023-03-02,168.58,1606700
2023-03-03,170.56,1663200
2023-03-06,169.67,1489553
2023-03-07,167.03,1287654
2023-03-08,168.64,960085
2023-03-09,167.49,1527504
2023-03-10,161.53,3326411
2023-03-13,163.41,2772103
2023-03-14,164.56,1911258
2023-03-15,163.57,1824103
2023-03-16,166.31,2040550
2023-03-17,164.47,3605103
2023-03-20,165.82,2145770
2023-03-21,166.24,2453550
2023-03-22,161.38,1475641
2023-03-23,161.24,3560769
2023-03-24,164.18,1864886
2023-03-27,165.71,1273496
2023-03-28,165.04,1098251
2023-03-29,162.66,2512159
2023-03-30,164.15,1318354
2023-03-31,166.44,1705029
2023-04-03,167.66,1926200
2023-04-04,167.07,1737932
2023-04-05,167.65,1216230
2023-04-06,168.94,1594861
2023-04-10,170.87,1686280
2023-04-11,171.21,1197874
2023-04-12,171.45,1852255
2023-04-13,173.54,1324895
2023-04-14,174.6,1193733
2023-04-17,174.62,1284951
2023-04-18,174.45,1396119
2023-04-19,174.98,1241792
2023-04-20,174.4,1297754
2023-04-21,176.88,1177459
2023-04-24,176.35,1117746
2023-04-25,173.02,1151154
2023-04-26,172.94,1181990
2023-04-27,173.95,1682914
2023-04-28,175.78,1606696
2023-05-01,179.56,1689966
2023-05-02,176.9,2620340
2023-05-03,177.73,2514103
2023-05-04,178.47,3592231
2023-05-05,186.23,4224388
2023-05-08,184.87,1976167
2023-05-09,184.37,1904168
2023-05-10,185.14,1610464
2023-05-11,185.12,1539052
2023-05-12,183.62,1267674
2023-05-15,183.85,1060570
2023-05-16,181.45,1175273
2023-05-17,178.94,1714474
2023-05-18,179.72,1836587
2023-05-19,179.55,1755213
2023-05-22,179.52,1911378
2023-05-23,172.67,2301764
2023-05-24,169.14,2437856
2023-05-25,165.24,3626334
2023-05-26,164.74,1909477
2023-05-30,160.94,2185024
2023-05-31,163.01,5314108
2023-06-01,166.0,2136165
2023-06-02,171.88,3056310
2023-06-05,171.12,1500220
2023-06-06,170.14,1802935
2023-06-07,163.58,3195165
2023-06-08,164.3,1983997
2023-06-09,163.09,1346577
2023-06-12,165.55,1422996
2023-06-13,166.01,1867699
2023-06-14,165.65,1645468
2023-06-15,171.43,1836178
2023-06-16,170.74,3287682
2023-06-20,168.91,2844000
2023-06-21,169.88,2318187
2023-06-22,170.16,1679397
2023-06-23,168.37,2412083
2023-06-26,167.54,1729195
2023-06-27,170.67,1452281
2023-06-28,169.1,1686833
2023-06-29,171.87,1428993
2023-06-30,172.21,2061148
2023-07-03,170.23,742895
2023-07-05,169.35,1702469
2023-07-06,168.47,1564306
2023-07-07,167.14,1315479
2023-07-10,170.22,1280104
2023-07-11,170.14,1081266
2023-07-12,171.86,1471822
2023-07-13,171.0,1001507
2023-07-14,172.19,2455886
2023-07-17,170.73,1639371
2023-07-18,171.08,1031976
2023-07-19,170.89,1844184
2023-07-20,171.61,2910796
2023-07-21,183.51,4346740
2023-07-24,185.58,2950189
2023-07-25,190.15,3952834
2023-07-26,192.0,2922467
2023-07-27,188.69,2173468
2023-07-28,189.9,1899802
2023-07-31,188.09,1500811
2023-08-01,185.51,1535309
2023-08-02,182.0,2284777
2023-08-03,180.88,1688031
2023-08-04,178.63,1827463
2023-08-07,180.69,1941699
2023-08-08,189.3,4117986
2023-08-09,189.35,2270030
2023-08-10,189.1,2348639
2023-08-11,190.83,1742931
2023-08-14,189.65,1352418
2023-08-15,189.15,1001166
2023-08-16,186.27,1205376
2023-08-17,182.77,2197249
2023-08-18,181.57,2027218
2023-08-21,180.81,860203
2023-08-22,181.82,1286450
2023-08-23,184.25,1022887
2023-08-24,181.56,1210352
2023-08-25,182.82,879728
2023-08-28,186.98,1546937
2023-08-29,192.77,2423827
2023-08-30,192.7,1673530
2023-08-31,190.51,1892964
2023-09-01,192.52,1174316
2023-09-05,190.43,1672973
2023-09-06,186.86,1356850
2023-09-07,187.78,1159574
2023-09-08,185.78,1562240
2023-09-11,186.07,1069135
2023-09-12,187.7,1675693
2023-09-13,182.0,1935712
2023-09-14,182.74,2000716
2023-09-15,180.25,3262647
2023-09-18,179.65,1228215
2023-09-19,181.98,1373619
2023-09-20,181.48,1485503
2023-09-21,176.63,1691794
2023-09-22,176.68,1281836
2023-09-25,177.72,1551220
2023-09-26,176.87,1463237
2023-09-27,174.68,1450102
2023-09-28,174.01,1115891
2023-09-29,173.98,1498511
2023-10-02,172.73,1270162
2023-10-03,170.33,1671832
2023-10-04,170.99,1673449
2023-10-05,172.0,2083436
2023-10-06,175.58,1490631
2023-10-09,174.6,1215109
2023-10-10,175.63,1665292
2023-10-11,176.95,1053562
2023-10-12,174.31,1306324
2023-10-13,174.38,1287393
2023-10-16,175.18,1264384
2023-10-17,174.26,1716299
2023-10-18,169.54,1228588
2023-10-19,168.04,1602295
2023-10-20,167.09,1932045
2023-10-23,166.5,1075403
2023-10-24,167.12,1201472
2023-10-25,163.67,1273715
2023-10-26,158.07,2891315
2023-10-27,156.03,2407137
2023-10-30,157.0,2756158
2023-10-31,157.0,3208868
2023-11-01,151.44,7269965
2023-11-02,160.91,4137900
2023-11-03,162.23,1974804
2023-11-06,163.17,2112612
2023-11-07,167.16,2938156
2023-11-08,170.87,3326312
2023-11-09,170.63,3479316
2023-11-10,169.32,2108534
2023-11-13,168.83,1544904
2023-11-14,172.65,1421542
2023-11-15,174.62,1714105
2023-11-16,176.54,1566948
2023-11-17,174.8,2425121
2023-11-20,176.06,1056740
2023-11-21,178.73,1423784
2023-11-22,179.35,1501463
2023-11-24,180.21,635174
2023-11-27,178.79,1442921
2023-11-28,176.97,1348892
2023-11-29,175.79,1524408
2023-11-30,176.67,2581913
2023-12-01,179.13,1367209
2023-12-04,182.12,1559537
2023-12-05,179.65,1425860
2023-12-06,182.0,1547010
2023-12-07,181.83,1088593
2023-12-08,184.6,1474667
2023-12-11,189.46,3199162
2023-12-12,191.47,1899728
2023-12-13,197.41,2104749
2023-12-14,200.09,3044447
2023-12-15,196.29,4058340
2023-12-18,196.72,1543118
2023-12-19,198.08,1600223
2023-12-20,194.63,1833160
2023-12-21,194.66,2118571
2023-12-22,194.98,1548412
2023-12-26,195.5,814641
2023-12-27,196.9,766112
2023-12-28,197.16,880094
2023-12-29,197.37,1007235
2024-01-02,196.57,1642328
2024-01-03,192.93,1492974
2024-01-04,194.04,1852027
2024-01-05,194.85,1073008
2024-01-08,196.15,1610635
2024-01-09,195.94,1983273
2024-01-10,198.77,1325252
2024-01-11,196.71,1589616
2024-01-12,198.94,1726473
2024-01-16,192.99,2316170
2024-01-17,190.9,1678033
2024-01-18,190.5,3832836
2024-01-19,188.38,2285062
2024-01-22,191.2,1890696
2024-01-23,188.1,1487976
2024-01-24,186.07,1837240
2024-01-25,187.32,2530615
2024-01-26,191.52,1840245
2024-01-29,192.76,1669903
2024-01-30,191.43,1607479
2024-01-31,187.81,2150047
2024-02-01,189.14,1584165
2024-02-02,189.04,1177651
2024-02-05,190.17,2112457
2024-02-06,196.14,2459318
2024-02-07,197.09,2017831
2024-02-08,195.75,1520861
2024-02-09,197.32,2234328
2024-02-12,196.69,2469220
2024-02-13,183.49,4139994
2024-02-14,184.08,2726777
2024-02-15,189.65,2725559
2024-02-16,188.39,1953799
2024-02-20,186.55,2502757
2024-02-21,188.38,3179308
2024-02-22,196.66,3339687
2024-02-23,197.21,2391200
2024-02-26,197.04,2098518
2024-02-27,199.0,1982530
2024-02-28,199.94,2003263
2024-02-29,198.33,2849159
2024-03-01,190.82,3724388
2024-03-04,187.86,3757171
2024-03-05,185.23,2508455
2024-03-06,183.53,5028548
2024-03-07,181.51,3839356
2024-03-08,182.16,6517994
2024-03-11,183.49,3380995
2024-03-12,181.35,2593963
2024-03-13,176.23,5446616
2024-03-14,173.88,6425559
2024-03-15,172.57,3399667
2024-03-18,170.69,4955023
2024-03-19,172.96,3623996
2024-03-20,170.99,3697427
2024-03-21,168.32,4400860
2024-03-22,168.9,2840485
2024-03-25,167.81,2762325
2024-03-26,165.67,4550016
2024-03-27,168.51,2857848
2024-03-28,169.21,3395781
2024-04-01,167.02,1853092
2024-04-02,165.01,2376954
2024-04-03,162.97,2470273
2024-04-04,165.52,4291264
2024-04-05,165.86,3661724
2024-04-08,165.69,2285612
2024-04-09,167.14,1811762
2024-04-10,163.2,2666005
2024-04-11,162.73,2290438
2024-04-12,149.98,11577753
2024-04-15,149.77,8667460
2024-04-16,153.02,4967617
2024-04-17,151.94,3270511
2024-04-18,153.11,4772955
2024-04-19,146.5,6228859
2024-04-22,145.54,4545111
2024-04-23,149.56,4315288
2024-04-24,150.88,3640463
2024-04-25,153.36,4567161
2024-04-26,158.42,5236463
2024-04-29,159.7,4849557
2024-04-30,159.24,3647865
2024-05-01,158.5,3779731
2024-05-02,167.23,5323122
2024-05-03,167.07,3007125
2024-05-06,165.95,3081343
2024-05-07,168.45,3337509
2024-05-08,164.92,4673075
2024-05-09,168.13,2145422
2024-05-10,169.04,2010749
2024-05-13,167.91,2125792
2024-05-14,168.87,2050060
2024-05-15,173.28,2585818
2024-05-16,173.71,1695019
2024-05-17,174.06,1999468
2024-05-20,174.39,2254444
2024-05-21,172.79,1600357
2024-05-22,172.05,1575725
2024-05-23,170.9,1946043
2024-05-24,170.07,1893824
2024-05-28,171.3,2304376
2024-05-29,170.8,3071529
2024-05-30,169.44,2904697
2024-05-31,169.56,4088435
2024-06-03,172.37,2142660
2024-06-04,171.88,1304565
2024-06-05,175.82,1870831
2024-06-06,176.78,2722187
2024-06-07,176.92,1819455
2024-06-10,178.83,2506861
2024-06-11,178.54,1844194
2024-06-12,175.85,2068288
2024-06-13,171.32,2298781
2024-06-14,170.55,2225314
2024-06-17,170.9,1798667
2024-06-18,169.66,2273653
2024-06-20,168.18,3233677
2024-06-21,171.09,4899668
2024-06-24,171.84,1885907
2024-06-25,167.98,2293437
2024-06-26,170.9,2053785
2024-06-27,176.46,4164828
2024-06-28,173.36,4189580
2024-07-01,172.58,1589860
2024-07-02,174.81,2454220
2024-07-03,175.6,1251823
2024-07-05,174.96,1812072
2024-07-08,175.43,1704738
2024-07-09,174.24,1777496
2024-07-10,173.49,1970984
2024-07-11,177.74,1989873
2024-07-12,179.04,1672774
2024-07-15,177.98,2216577
2024-07-16,182.91,1939933
2024-07-17,182.05,2190800
2024-07-18,179.23,2171095
2024-07-19,178.58,2131427
2024-07-22,180.76,1532942
2024-07-23,179.38,1329402
2024-07-24,179.66,1309281
2024-07-25,180.76,2473707
2024-07-26,179.84,2437326
2024-07-29,181.83,1302920
2024-07-30,181.83,2271267
2024-07-31,180.04,1740116
2024-08-01,182.42,1987872
2024-08-02,180.59,2699619
2024-08-05,174.82,3197374
2024-08-06,185.29,3832497
2024-08-07,184.77,2097118
2024-08-08,188.3,1734092
2024-08-09,185.25,1881668
2024-08-12,183.81,1638146
2024-08-13,188.38,1732715
2024-08-14,183.38,2153206
2024-08-15,184.08,1891866
2024-08-16,183.71,1588375
2024-08-19,184.48,1637032
2024-08-20,183.6,1186378
2024-08-21,182.9,1246773
2024-08-22,182.17,1135849
2024-08-23,180.9,1262412
2024-08-26,181.56,1015905
2024-08-27,182.1,1423910
2024-08-28,182.91,1485359
2024-08-29,182.89,1359892
2024-08-30,183.49,2328501
2024-09-03,183.57,1680951
2024-09-04,187.33,1829289
2024-09-05,186.59,1465678
2024-09-06,189.23,2710102
2024-09-09,191.73,2652656
2024-09-10,191.36,2675674
2024-09-11,189.99,1387932
2024-09-12,190.71,1046032
2024-09-13,191.09,1725180
2024-09-16,194.25,1263430
2024-09-17,195.71,1962925
2024-09-18,196.48,1993814
2024-09-19,193.24,2463092
2024-09-20,192.64,3520725
2024-09-23,193.59,1315690
2024-09-24,193.69,2045051
2024-09-25,191.53,1906297
2024-09-26,194.87,1556138
2024-09-27,194.81,1343665
2024-09-30,195.38,1838191
2024-10-01,194.42,1951177
2024-10-02,192.46,1233329
2024-10-03,190.99,1325078
2024-10-04,190.03,1697760
2024-10-07,187.28,1847354
2024-10-08,187.37,1990138
2024-10-09,190.17,965448
2024-10-10,190.28,1153591
2024-10-11,190.08,1819934
2024-10-14,192.65,1616399
2024-10-15,192.39,1414577
2024-10-16,194.44,1591519
2024-10-17,191.0,1701212
2024-10-18,193.28,1576375
2024-10-21,189.45,959465
2024-10-22,189.51,1441882
2024-10-23,188.99,1339486
2024-10-24,181.5,4485863
2024-10-25,180.01,2623220
2024-10-28,182.76,1909675
2024-10-29,181.27,1696096
2024-10-30,182.74,1957794
2024-10-31,178.78,2120277
2024-11-01,181.95,2838633
2024-11-04,175.18,4164129
2024-11-05,175.27,2453776
2024-11-06,170.37,5362081
2024-11-07,174.25,3781331
2024-11-08,176.82,3243440
2024-11-11,176.15,3399563
2024-11-12,173.96,2704158
2024-11-13,177.04,2375261
2024-11-14,174.63,3009797
2024-11-15,175.14,3426474
2024-11-18,176.42,3172867
2024-11-19,175.56,2208332
2024-11-20,175.67,2187338
2024-11-21,176.71,2019562
2024-11-22,176.96,1854574
2024-11-25,178.71,4558346
2024-11-26,175.7,2539559
2024-11-27,176.74,2315768
2024-11-29,175.25,1543442
2024-12-02,176.81,2391656
2024-12-03,176.94,2679013
2024-12-04,175.32,2687030
2024-12-05,174.77,2441959
2024-12-06,176.46,2551210
2024-12-09,178.15,2387445
2024-12-10,176.71,1678161
2024-12-11,177.17,1782356
2024-12-12,178.84,1936034
2024-12-13,178.18,1650326
2024-12-16,175.81,1938787
2024-12-17,170.79,3018336
2024-12-18,167.01,2728404
2024-12-19,163.52,3713847
2024-12-20,164.84,6220139
2024-12-23,164.28,2437821
2024-12-24,164.7,1023639
2024-12-26,165.52,2167214
2024-12-27,164.6,1800142
2024-12-30,162.24,1531665
2024-12-31,162.93,1327449
2025-01-02,162.61,2232819
2025-01-03,163.31,2206369
2025-01-06,165.9,2734169
2025-01-07,163.49,2488497
2025-01-08,165.02,2353178
2025-01-10,163.32,3179503
2025-01-13,166.32,2306097
2025-01-14,164.41,3608213
2025-01-15,167.17,2988362
2025-01-16,169.37,2804357
2025-01-17,165.89,4657212
2025-01-21,167.53,4702825
2025-01-22,166.63,1610938
2025-01-23,166.96,2318755
2025-01-24,168.61,2465640
2025-01-27,173.03,2404883
2025-01-28,170.42,2164576
2025-01-29,170.22,2144243
2025-01-30,172.71,1785661
2025-01-31,170.9,2630744
2025-02-03,171.94,2602095
2025-02-04,172.24,2696257
2025-02-05,175.67,2085009
2025-02-06,174.12,2419475
2025-02-07,171.43,1927290
2025-02-10,171.91,2936056
2025-02-11,174.29,2309427
2025-02-12,173.88,2886487
2025-02-13,164.93,12304314
2025-02-14,157.52,7657233
2025-02-18,156.48,6903877
2025-02-19,156.64,4015312
2025-02-20,157.42,4348599
2025-02-21,160.46,3299520
2025-02-24,165.31,3698045
2025-02-25,168.53,4003374
2025-02-26,164.99,2609923
2025-02-27,164.98,2253533
2025-02-28,167.24,3333468
2025-03-03,170.53,3020216
2025-03-04,169.9,3013825
2025-03-05,167.0,3668054
2025-03-06,167.25,3011531
2025-03-07,170.37,3296806
2025-03-10,171.8,3183064
2025-03-11,164.39,3511429
2025-03-12,161.68,2384404
2025-03-13,160.06,2744709
2025-03-14,161.26,2778733
2025-03-17,165.17,1983055
2025-03-18,164.43,1879330
2025-03-19,163.75,1667204
2025-03-20,163.16,2026623
2025-03-21,163.03,2886925
2025-03-24,163.17,1817426
2025-03-25,161.3,1583915
2025-03-26,162.82,2078366
2025-03-27,165.02,1590504
2025-03-28,163.11,1550288
2025-03-31,164.65,3136961
2025-04-01,161.91,2734964
2025-04-02,163.5,2027151
2025-04-03,159.61,3275603
2025-04-04,151.73,3612112
2025-04-07,149.1,4263484
2025-04-08,144.41,3267404
2025-04-09,153.55,5051941
2025-04-10,147.0,3527284
2025-04-11,149.44,2850557
2025-04-14,150.83,3249881
2025-04-15,149.22,2785186
2025-04-16,146.76,2390101
2025-04-17,148.67,4239806
2025-04-21,146.85,2654945
2025-04-22,149.99,2832848
2025-04-23,150.91,2093282
2025-04-24,152.3,2147446
2025-04-25,153.47,3543622
2025-04-28,153.57,1873481
2025-04-29,155.43,2065149
2025-04-30,156.4,2926216
2025-05-01,155.65,1930339
2025-05-02,157.44,2654776
2025-05-05,158.06,3888592
2025-05-06,149.87,4124360
2025-05-07,155.99,4453874
2025-05-08,161.69,5580155
2025-05-09,159.27,4243236
2025-05-12,161.92,3453865
2025-05-13,160.41,3336709
2025-05-14,154.92,3473523
2025-05-15,160.35,3536280
2025-05-16,163.04,2391968
2025-05-19,163.94,2077397
2025-05-20,163.65,1780687
2025-05-21,161.44,2916752
2025-05-22,161.97,2913740
2025-05-23,162.58,2732205
2025-05-27,166.26,2323105
2025-05-28,165.4,1723859
2025-05-29,167.14,2450453
2025-05-30,168.63,5467823
2025-06-02,169.42,2550060
2025-06-03,170.3,3149056
2025-06-04,168.59,3086404
2025-06-05,168.61,2773960
2025-06-06,170.16,1505407
2025-06-09,164.61,3583042
2025-06-10,167.1,2741175
2025-06-11,166.33,2473695
2025-06-12,168.82,2334589
2025-06-13,164.33,2973525
2025-06-16,164.38,2472945
2025-06-17,161.67,2199257
2025-06-18,155.06,4662408
2025-06-20,157.17,3296192
2025-06-23,157.34,2392731
2025-06-24,157.77,4554487
2025-06-25,157.23,2974817
2025-06-26,155.79,3122717
2025-06-27,156.17,2987838
2025-06-30,155.95,2826626
2025-07-01,159.19,3926565
2025-07-02,159.08,2128458
2025-07-03,159.18,1375164
2025-07-07,157.05,2822548
2025-07-08,157.8,2885130
2025-07-09,158.27,3196480
2025-07-10,158.8,3491131
2025-07-11,154.96,2267451
2025-07-14,155.65,1986507
2025-07-15,152.86,3310654
2025-07-16,151.54,3961894
2025-07-17,150.03,3575309
2025-07-18,148.6,4723232
2025-07-21,147.37,2997885
2025-07-22,151.19,4560651
2025-07-23,153.45,3010876
2025-07-24,152.82,3320004
2025-07-25,152.12,3327386
2025-07-28,150.75,2261141
2025-07-29,151.01,3366869
2025-07-30,148.81,3036326
2025-07-31,145.79,4855470
2025-08-01,147.38,3153122
2025-08-04,151.81,6270847
2025-08-05,146.12,7335546
2025-08-06,146.5,4987531
2025-08-07,148.24,3786743
2025-08-08,147.35,2062131
2025-08-11,149.02,3065321
2025-08-12,149.77,2578472
2025-08-13,152.44,3331155
2025-08-14,153.06,2565197
2025-08-15,154.11,3705757
2025-08-18,152.32,2158554
2025-08-19,155.67,2594248
2025-08-20,156.76,3050831
2025-08-21,155.61,2411647
2025-08-22,156.62,2426330
2025-08-25,155.19,1797748
2025-08-26,154.79,3614331
2025-08-27,155.37,1931129
2025-08-28,154.79,1831561
2025-08-29,156.4,1534573
2025-09-02,152.88,2228385
2025-09-03,152.43,1662368
2025-09-04,153.2,1538600
2025-09-05,153.32,1895941
2025-09-08,151.75,3313034
2025-09-09,149.79,1952641
2025-09-10,149.42,2734308
2025-09-11,150.61,3193996
2025-09-12,148.2,3111263
2025-09-15,146.25,3340620
2025-09-16,147.46,2664968
2025-09-17,146.93,1958485
2025-09-18,147.1,2739518
2025-09-19,145.88,4455908
2025-09-22,144.65,2044932
2025-09-23,142.61,3679876
2025-09-24,141.67,4224672
2025-09-25,141.13,3058729
2025-09-26,143.5,2575316
2025-09-29,143.06,2870205
2025-09-30,146.32,3737116
2025-10-01,146.95,3677058
2025-10-02,146.49,3262352
2025-10-03,146.42,2569675
2025-10-06,145.36,3119684
2025-10-07,142.77,2753688
2025-10-08,143.49,3016568
2025-10-09,143.39,3511069
2025-10-10,141.11,2958395
2025-10-13,142.26,2261271
2025-10-14,143.46,2805797
2025-10-15,142.12,3198852
2025-10-16,143.26,3385645
2025-10-17,144.06,3748972
2025-10-20,145.06,2479356
2025-10-21,146.09,2073392
2025-10-22,147.11,2875465
2025-10-23,146.39,1566264
2025-10-24,145.94,1375143
2025-10-27,147.53,2317383
2025-10-28,145.41,2934392
2025-10-29,143.94,3186223
2025-10-30,144.1,2476007
2025-10-31,144.09,3338157
2025-11-03,144.35,3994488
2025-11-04,124.46,11921501
2025-11-05,120.49,8242437
2025-11-06,119.56,7261104
2025-11-07,120.24,5808839
2025-11-10,119.79,4828419
2025-11-11,120.12,5575003
2025-11-12,121.25,5002927
2025-11-13,121.16,3826698
2025-11-14,120.82,2964888
2025-11-17,118.8,4714767
2025-11-18,118.14,6740960
2025-11-19,117.08,5415838
2025-11-20,115.89,3961124
2025-11-21,122.06,6375011
2025-11-24,122.87,7826909
2025-11-25,127.89,6021652
2025-11-26,127.69,3199150
2025-11-28,128.18,2142999
2025-12-01,127.25,4207090
2025-12-02,124.44,6896977
2025-12-03,122.57,5019981
2025-12-04,120.41,4939186
2025-12-05,118.65,4279887
2025-12-08,118.16,5138786
2025-12-09,115.75,4351797
2025-12-10,118.07,5915846
2025-12-11,117.66,6150114
2025-12-12,118.66,5071179
2025-12-15,120.98,7159615
2025-12-16,123.23,19575345
2025-12-17,122.25,7021430
2025-12-18,122.76,7929751
2025-12-19,122.24,11297564
2025-12-22,123.78,5468694
2025-12-23,123.54,4952004
2025-12-24,125.49,2369020
2025-12-26,126.23,3226934
2025-12-29,125.98,4465924
2025-12-30,126.41,3230541
2025-12-31,125.82,2943501
2026-01-02,125.92,3258551
2026-01-05,129.37,5126239
2026-01-06,129.35,4420006
2026-01-07,125.67,5291926
2026-01-08,126.85,4118237
2026-01-09,127.17,3060992
2026-01-12,125.32,6309833
2026-01-13,124.62,4301093
2026-01-14,125.84,3357445
2026-01-15,125.28,4049055
2026-01-16,124.65,7048452
2026-01-20,123.24,5415992
2026-01-21,125.08,5201868
2026-01-22,124.4,4715418
2026-01-23,124.05,3339665
2026-01-26,123.92,4262127
2026-01-27,124.96,3584759
2026-01-28,121.93,6130213
2026-01-29,121.72,4729118
2026-01-30,124.82,5247316
2026-02-02,124.94,4109062
2026-02-03,122.41,3815587
2026-02-04,126.7,5106207
2026-02-05,126.73,4653093
2026-02-06,127.42,4127725
2026-02-09,127.3,3176014
2026-02-10,128.13,3620352
2026-02-11,128.67,6933545
2026-02-12,125.64,10944592
2026-02-13,126.65,4499702
2026-02-17,125.56,3766929
2026-02-18,129.13,4494863
2026-02-19,127.28,4738520
2026-02-20,128.78,5799073
2026-02-23,125.79,3728143
2026-02-24,128.66,3614431
2026-02-25,128.95,3024226
2026-02-26,129.76,3637594
2026-02-27,131.1,5546407
2026-03-02,128.96,3063882
2026-03-03,125.93,3068152
2026-03-04,125.96,5413745
2026-03-05,122.23,4139730
2026-03-06,121.43,4308450
2026-03-09,122.36,3689326
2026-03-10,120.49,2994843
2026-03-11,119.79,3127870
2026-03-12,115.46,3955194
2026-03-13,115.62,3783256
2026-03-16,118.15,3667204
2026-03-17,121.68,4508625
2026-03-18,117.35,5126880
2026-03-19,115.99,4999135
2026-03-20,115.67,11424914
2026-03-23,115.23,4617856
2026-03-24,115.93,4561764
2026-03-25,116.71,3078928
2026-03-26,116.63,2725860
2026-03-27,113.35,3602059
2026-03-30,116.33,2912690
2026-03-31,118.21,3929401
2026-04-01,117.29,2211613
2026-04-02,117.94,2185422
2026-04-06,118.26,1723330
2026-04-07,116.8,3254354
2026-04-08,119.75,2635561
2026-04-09,119.99,2439134
2026-04-10,117.86,2383976
2026-04-13,120.08,3533566
2026-04-14,121.11,2779148
2026-04-15,120.76,2209983
2026-04-16,119.04,2989437
2026-04-17,122.38,6170637
2026-04-20,122.72,3798639
2026-04-21,118.18,3728474
2026-04-22,117.52,3514671
2026-04-23,116.06,4532932
2026-04-24,116.87,4185101
2026-04-27,117.87,3160354
2026-04-28,116.65,2972546
2026-04-29,113.83,3395922
2026-04-30,114.97,4297204
2026-05-01,114.16,3203961
2026-05-04,112.68,3211583
2026-05-05,112.54,3356064
2026-05-06,111.22,5274435
2026-05-07,87.31,29922904
2026-05-08,82.83,17187012
2026-05-11,76.67,15641084
2026-05-12,76.94,18430101
2026-05-13,74.34,13085615
2026-05-14,75.48,8714798
2026-05-15,74.22,8951992
2026-05-18,77.72,8848290
2026-05-19,78.92,7295285
2026-05-20,79.71,6935477
2026-05-21,80.07,8564827
2026-05-22,81.32,6327418
2026-05-26,80.23,5697058
2026-05-27,79.48,7874405
2026-05-28,78.27,7687214
2026-05-29,77.69,9296047
2026-06-01,77.56,5046704
2026-06-02,76.39,7651472
2026-06-03,77.59,8105420
2026-06-04,79.52,7355153
2026-06-05,79.44,5297001
2026-06-08,78.82,5432076
2026-06-09,82.2,6991570
2026-06-10,81.29,7064438
2026-06-11,81.4,7261950
2026-06-12,79.57,6557639
2026-06-15,79.95,5770384
2026-06-16,79.33,6850309
2026-06-17,77.26,5247109
2026-06-18,78.71,17092116
